[{"model": "auth.permission", "pk": 1, "fields": {"name": "Can add log entry", "content_type": 1, "codename": "add_logentry"}}, {"model": "auth.permission", "pk": 2, "fields": {"name": "Can change log entry", "content_type": 1, "codename": "change_logentry"}}, {"model": "auth.permission", "pk": 3, "fields": {"name": "Can delete log entry", "content_type": 1, "codename": "delete_logentry"}}, {"model": "auth.permission", "pk": 4, "fields": {"name": "Can view log entry", "content_type": 1, "codename": "view_logentry"}}, {"model": "auth.permission", "pk": 5, "fields": {"name": "Can add permission", "content_type": 2, "codename": "add_permission"}}, {"model": "auth.permission", "pk": 6, "fields": {"name": "Can change permission", "content_type": 2, "codename": "change_permission"}}, {"model": "auth.permission", "pk": 7, "fields": {"name": "Can delete permission", "content_type": 2, "codename": "delete_permission"}}, {"model": "auth.permission", "pk": 8, "fields": {"name": "Can view permission", "content_type": 2, "codename": "view_permission"}}, {"model": "auth.permission", "pk": 9, "fields": {"name": "Can add group", "content_type": 3, "codename": "add_group"}}, {"model": "auth.permission", "pk": 10, "fields": {"name": "Can change group", "content_type": 3, "codename": "change_group"}}, {"model": "auth.permission", "pk": 11, "fields": {"name": "Can delete group", "content_type": 3, "codename": "delete_group"}}, {"model": "auth.permission", "pk": 12, "fields": {"name": "Can view group", "content_type": 3, "codename": "view_group"}}, {"model": "auth.permission", "pk": 13, "fields": {"name": "Can add content type", "content_type": 4, "codename": "add_contenttype"}}, {"model": "auth.permission", "pk": 14, "fields": {"name": "Can change content type", "content_type": 4, "codename": "change_contenttype"}}, {"model": "auth.permission", "pk": 15, "fields": {"name": "Can delete content type", "content_type": 4, "codename": "delete_contenttype"}}, {"model": "auth.permission", "pk": 16, "fields": {"name": "Can view content type", "content_type": 4, "codename": "view_contenttype"}}, {"model": "auth.permission", "pk": 17, "fields": {"name": "Can add session", "content_type": 5, "codename": "add_session"}}, {"model": "auth.permission", "pk": 18, "fields": {"name": "Can change session", "content_type": 5, "codename": "change_session"}}, {"model": "auth.permission", "pk": 19, "fields": {"name": "Can delete session", "content_type": 5, "codename": "delete_session"}}, {"model": "auth.permission", "pk": 20, "fields": {"name": "Can view session", "content_type": 5, "codename": "view_session"}}, {"model": "auth.permission", "pk": 21, "fields": {"name": "Can add About", "content_type": 6, "codename": "add_about"}}, {"model": "auth.permission", "pk": 22, "fields": {"name": "Can change About", "content_type": 6, "codename": "change_about"}}, {"model": "auth.permission", "pk": 23, "fields": {"name": "Can delete About", "content_type": 6, "codename": "delete_about"}}, {"model": "auth.permission", "pk": 24, "fields": {"name": "Can view About", "content_type": 6, "codename": "view_about"}}, {"model": "auth.permission", "pk": 25, "fields": {"name": "Can add advertisement", "content_type": 7, "codename": "add_advertisement"}}, {"model": "auth.permission", "pk": 26, "fields": {"name": "Can change advertisement", "content_type": 7, "codename": "change_advertisement"}}, {"model": "auth.permission", "pk": 27, "fields": {"name": "Can delete advertisement", "content_type": 7, "codename": "delete_advertisement"}}, {"model": "auth.permission", "pk": 28, "fields": {"name": "Can view advertisement", "content_type": 7, "codename": "view_advertisement"}}, {"model": "auth.permission", "pk": 29, "fields": {"name": "Can add Company Information", "content_type": 8, "codename": "add_companyinfo"}}, {"model": "auth.permission", "pk": 30, "fields": {"name": "Can change Company Information", "content_type": 8, "codename": "change_companyinfo"}}, {"model": "auth.permission", "pk": 31, "fields": {"name": "Can delete Company Information", "content_type": 8, "codename": "delete_companyinfo"}}, {"model": "auth.permission", "pk": 32, "fields": {"name": "Can view Company Information", "content_type": 8, "codename": "view_companyinfo"}}, {"model": "auth.permission", "pk": 33, "fields": {"name": "Can add Customer Pick Review", "content_type": 9, "codename": "add_customerpickreview"}}, {"model": "auth.permission", "pk": 34, "fields": {"name": "Can change Customer Pick Review", "content_type": 9, "codename": "change_customerpickreview"}}, {"model": "auth.permission", "pk": 35, "fields": {"name": "Can delete Customer Pick Review", "content_type": 9, "codename": "delete_customerpickreview"}}, {"model": "auth.permission", "pk": 36, "fields": {"name": "Can view Customer Pick Review", "content_type": 9, "codename": "view_customerpickreview"}}, {"model": "auth.permission", "pk": 37, "fields": {"name": "Can add custom page", "content_type": 10, "codename": "add_custompage"}}, {"model": "auth.permission", "pk": 38, "fields": {"name": "Can change custom page", "content_type": 10, "codename": "change_custompage"}}, {"model": "auth.permission", "pk": 39, "fields": {"name": "Can delete custom page", "content_type": 10, "codename": "delete_custompage"}}, {"model": "auth.permission", "pk": 40, "fields": {"name": "Can view custom page", "content_type": 10, "codename": "view_custompage"}}, {"model": "auth.permission", "pk": 41, "fields": {"name": "Can add home section", "content_type": 11, "codename": "add_homesection"}}, {"model": "auth.permission", "pk": 42, "fields": {"name": "Can change home section", "content_type": 11, "codename": "change_homesection"}}, {"model": "auth.permission", "pk": 43, "fields": {"name": "Can delete home section", "content_type": 11, "codename": "delete_homesection"}}, {"model": "auth.permission", "pk": 44, "fields": {"name": "Can view home section", "content_type": 11, "codename": "view_homesection"}}, {"model": "auth.permission", "pk": 45, "fields": {"name": "Can add Home Slider", "content_type": 12, "codename": "add_homeslider"}}, {"model": "auth.permission", "pk": 46, "fields": {"name": "Can change Home Slider", "content_type": 12, "codename": "change_homeslider"}}, {"model": "auth.permission", "pk": 47, "fields": {"name": "Can delete Home Slider", "content_type": 12, "codename": "delete_homeslider"}}, {"model": "auth.permission", "pk": 48, "fields": {"name": "Can view Home Slider", "content_type": 12, "codename": "view_homeslider"}}, {"model": "auth.permission", "pk": 49, "fields": {"name": "Can add phone otp", "content_type": 13, "codename": "add_phoneotp"}}, {"model": "auth.permission", "pk": 50, "fields": {"name": "Can change phone otp", "content_type": 13, "codename": "change_phoneotp"}}, {"model": "auth.permission", "pk": 51, "fields": {"name": "Can delete phone otp", "content_type": 13, "codename": "delete_phoneotp"}}, {"model": "auth.permission", "pk": 52, "fields": {"name": "Can view phone otp", "content_type": 13, "codename": "view_phoneotp"}}, {"model": "auth.permission", "pk": 53, "fields": {"name": "Can add position", "content_type": 14, "codename": "add_position"}}, {"model": "auth.permission", "pk": 54, "fields": {"name": "Can change position", "content_type": 14, "codename": "change_position"}}, {"model": "auth.permission", "pk": 55, "fields": {"name": "Can delete position", "content_type": 14, "codename": "delete_position"}}, {"model": "auth.permission", "pk": 56, "fields": {"name": "Can view position", "content_type": 14, "codename": "view_position"}}, {"model": "auth.permission", "pk": 57, "fields": {"name": "Can add Success Story", "content_type": 15, "codename": "add_successstory"}}, {"model": "auth.permission", "pk": 58, "fields": {"name": "Can change Success Story", "content_type": 15, "codename": "change_successstory"}}, {"model": "auth.permission", "pk": 59, "fields": {"name": "Can delete Success Story", "content_type": 15, "codename": "delete_successstory"}}, {"model": "auth.permission", "pk": 60, "fields": {"name": "Can view Success Story", "content_type": 15, "codename": "view_successstory"}}, {"model": "auth.permission", "pk": 61, "fields": {"name": "Can add Testimonial", "content_type": 16, "codename": "add_testimonial"}}, {"model": "auth.permission", "pk": 62, "fields": {"name": "Can change Testimonial", "content_type": 16, "codename": "change_testimonial"}}, {"model": "auth.permission", "pk": 63, "fields": {"name": "Can delete Testimonial", "content_type": 16, "codename": "delete_testimonial"}}, {"model": "auth.permission", "pk": 64, "fields": {"name": "Can view Testimonial", "content_type": 16, "codename": "view_testimonial"}}, {"model": "auth.permission", "pk": 65, "fields": {"name": "Can add user", "content_type": 17, "codename": "add_user"}}, {"model": "auth.permission", "pk": 66, "fields": {"name": "Can change user", "content_type": 17, "codename": "change_user"}}, {"model": "auth.permission", "pk": 67, "fields": {"name": "Can delete user", "content_type": 17, "codename": "delete_user"}}, {"model": "auth.permission", "pk": 68, "fields": {"name": "Can view user", "content_type": 17, "codename": "view_user"}}, {"model": "auth.permission", "pk": 69, "fields": {"name": "Can add Category", "content_type": 18, "codename": "add_category"}}, {"model": "auth.permission", "pk": 70, "fields": {"name": "Can change Category", "content_type": 18, "codename": "change_category"}}, {"model": "auth.permission", "pk": 71, "fields": {"name": "Can delete Category", "content_type": 18, "codename": "delete_category"}}, {"model": "auth.permission", "pk": 72, "fields": {"name": "Can view Category", "content_type": 18, "codename": "view_category"}}, {"model": "auth.permission", "pk": 73, "fields": {"name": "Can add customer", "content_type": 19, "codename": "add_customer"}}, {"model": "auth.permission", "pk": 74, "fields": {"name": "Can change customer", "content_type": 19, "codename": "change_customer"}}, {"model": "auth.permission", "pk": 75, "fields": {"name": "Can delete customer", "content_type": 19, "codename": "delete_customer"}}, {"model": "auth.permission", "pk": 76, "fields": {"name": "Can view customer", "content_type": 19, "codename": "view_customer"}}, {"model": "auth.permission", "pk": 77, "fields": {"name": "Can add Menu", "content_type": 20, "codename": "add_menu"}}, {"model": "auth.permission", "pk": 78, "fields": {"name": "Can change Menu", "content_type": 20, "codename": "change_menu"}}, {"model": "auth.permission", "pk": 79, "fields": {"name": "Can delete Menu", "content_type": 20, "codename": "delete_menu"}}, {"model": "auth.permission", "pk": 80, "fields": {"name": "Can view Menu", "content_type": 20, "codename": "view_menu"}}, {"model": "auth.permission", "pk": 81, "fields": {"name": "Can add mlm member", "content_type": 21, "codename": "add_mlmmember"}}, {"model": "auth.permission", "pk": 82, "fields": {"name": "Can change mlm member", "content_type": 21, "codename": "change_mlmmember"}}, {"model": "auth.permission", "pk": 83, "fields": {"name": "Can delete mlm member", "content_type": 21, "codename": "delete_mlmmember"}}, {"model": "auth.permission", "pk": 84, "fields": {"name": "Can view mlm member", "content_type": 21, "codename": "view_mlmmember"}}, {"model": "auth.permission", "pk": 85, "fields": {"name": "Can add bank details", "content_type": 22, "codename": "add_bankdetails"}}, {"model": "auth.permission", "pk": 86, "fields": {"name": "Can change bank details", "content_type": 22, "codename": "change_bankdetails"}}, {"model": "auth.permission", "pk": 87, "fields": {"name": "Can delete bank details", "content_type": 22, "codename": "delete_bankdetails"}}, {"model": "auth.permission", "pk": 88, "fields": {"name": "Can view bank details", "content_type": 22, "codename": "view_bankdetails"}}, {"model": "auth.permission", "pk": 89, "fields": {"name": "Can add order", "content_type": 23, "codename": "add_order"}}, {"model": "auth.permission", "pk": 90, "fields": {"name": "Can change order", "content_type": 23, "codename": "change_order"}}, {"model": "auth.permission", "pk": 91, "fields": {"name": "Can delete order", "content_type": 23, "codename": "delete_order"}}, {"model": "auth.permission", "pk": 92, "fields": {"name": "Can view order", "content_type": 23, "codename": "view_order"}}, {"model": "auth.permission", "pk": 93, "fields": {"name": "Can add commission", "content_type": 24, "codename": "add_commission"}}, {"model": "auth.permission", "pk": 94, "fields": {"name": "Can change commission", "content_type": 24, "codename": "change_commission"}}, {"model": "auth.permission", "pk": 95, "fields": {"name": "Can delete commission", "content_type": 24, "codename": "delete_commission"}}, {"model": "auth.permission", "pk": 96, "fields": {"name": "Can view commission", "content_type": 24, "codename": "view_commission"}}, {"model": "auth.permission", "pk": 97, "fields": {"name": "Can add product", "content_type": 25, "codename": "add_product"}}, {"model": "auth.permission", "pk": 98, "fields": {"name": "Can change product", "content_type": 25, "codename": "change_product"}}, {"model": "auth.permission", "pk": 99, "fields": {"name": "Can delete product", "content_type": 25, "codename": "delete_product"}}, {"model": "auth.permission", "pk": 100, "fields": {"name": "Can view product", "content_type": 25, "codename": "view_product"}}, {"model": "auth.permission", "pk": 101, "fields": {"name": "Can add order item", "content_type": 26, "codename": "add_orderitem"}}, {"model": "auth.permission", "pk": 102, "fields": {"name": "Can change order item", "content_type": 26, "codename": "change_orderitem"}}, {"model": "auth.permission", "pk": 103, "fields": {"name": "Can delete order item", "content_type": 26, "codename": "delete_orderitem"}}, {"model": "auth.permission", "pk": 104, "fields": {"name": "Can view order item", "content_type": 26, "codename": "view_orderitem"}}, {"model": "auth.permission", "pk": 105, "fields": {"name": "Can add product feature", "content_type": 27, "codename": "add_productfeature"}}, {"model": "auth.permission", "pk": 106, "fields": {"name": "Can change product feature", "content_type": 27, "codename": "change_productfeature"}}, {"model": "auth.permission", "pk": 107, "fields": {"name": "Can delete product feature", "content_type": 27, "codename": "delete_productfeature"}}, {"model": "auth.permission", "pk": 108, "fields": {"name": "Can view product feature", "content_type": 27, "codename": "view_productfeature"}}, {"model": "auth.permission", "pk": 109, "fields": {"name": "Can add product image", "content_type": 28, "codename": "add_productimage"}}, {"model": "auth.permission", "pk": 110, "fields": {"name": "Can change product image", "content_type": 28, "codename": "change_productimage"}}, {"model": "auth.permission", "pk": 111, "fields": {"name": "Can delete product image", "content_type": 28, "codename": "delete_productimage"}}, {"model": "auth.permission", "pk": 112, "fields": {"name": "Can view product image", "content_type": 28, "codename": "view_productimage"}}, {"model": "auth.permission", "pk": 113, "fields": {"name": "Can add wallet", "content_type": 29, "codename": "add_wallet"}}, {"model": "auth.permission", "pk": 114, "fields": {"name": "Can change wallet", "content_type": 29, "codename": "change_wallet"}}, {"model": "auth.permission", "pk": 115, "fields": {"name": "Can delete wallet", "content_type": 29, "codename": "delete_wallet"}}, {"model": "auth.permission", "pk": 116, "fields": {"name": "Can view wallet", "content_type": 29, "codename": "view_wallet"}}, {"model": "auth.permission", "pk": 117, "fields": {"name": "Can add wallet transaction", "content_type": 30, "codename": "add_wallettransaction"}}, {"model": "auth.permission", "pk": 118, "fields": {"name": "Can change wallet transaction", "content_type": 30, "codename": "change_wallettransaction"}}, {"model": "auth.permission", "pk": 119, "fields": {"name": "Can delete wallet transaction", "content_type": 30, "codename": "delete_wallettransaction"}}, {"model": "auth.permission", "pk": 120, "fields": {"name": "Can view wallet transaction", "content_type": 30, "codename": "view_wallettransaction"}}, {"model": "auth.permission", "pk": 121, "fields": {"name": "Can add kyc document", "content_type": 31, "codename": "add_kycdocument"}}, {"model": "auth.permission", "pk": 122, "fields": {"name": "Can change kyc document", "content_type": 31, "codename": "change_kycdocument"}}, {"model": "auth.permission", "pk": 123, "fields": {"name": "Can delete kyc document", "content_type": 31, "codename": "delete_kycdocument"}}, {"model": "auth.permission", "pk": 124, "fields": {"name": "Can view kyc document", "content_type": 31, "codename": "view_kycdocument"}}, {"model": "auth.permission", "pk": 125, "fields": {"name": "Can add meta tag", "content_type": 32, "codename": "add_metatag"}}, {"model": "auth.permission", "pk": 126, "fields": {"name": "Can change meta tag", "content_type": 32, "codename": "change_metatag"}}, {"model": "auth.permission", "pk": 127, "fields": {"name": "Can delete meta tag", "content_type": 32, "codename": "delete_metatag"}}, {"model": "auth.permission", "pk": 128, "fields": {"name": "Can view meta tag", "content_type": 32, "codename": "view_metatag"}}, {"model": "auth.permission", "pk": 129, "fields": {"name": "Can add address", "content_type": 33, "codename": "add_address"}}, {"model": "auth.permission", "pk": 130, "fields": {"name": "Can change address", "content_type": 33, "codename": "change_address"}}, {"model": "auth.permission", "pk": 131, "fields": {"name": "Can delete address", "content_type": 33, "codename": "delete_address"}}, {"model": "auth.permission", "pk": 132, "fields": {"name": "Can view address", "content_type": 33, "codename": "view_address"}}, {"model": "auth.permission", "pk": 133, "fields": {"name": "Can add product faq", "content_type": 34, "codename": "add_productfaq"}}, {"model": "auth.permission", "pk": 134, "fields": {"name": "Can change product faq", "content_type": 34, "codename": "change_productfaq"}}, {"model": "auth.permission", "pk": 135, "fields": {"name": "Can delete product faq", "content_type": 34, "codename": "delete_productfaq"}}, {"model": "auth.permission", "pk": 136, "fields": {"name": "Can view product faq", "content_type": 34, "codename": "view_productfaq"}}, {"model": "auth.permission", "pk": 137, "fields": {"name": "Can add blog", "content_type": 35, "codename": "add_blog"}}, {"model": "auth.permission", "pk": 138, "fields": {"name": "Can change blog", "content_type": 35, "codename": "change_blog"}}, {"model": "auth.permission", "pk": 139, "fields": {"name": "Can delete blog", "content_type": 35, "codename": "delete_blog"}}, {"model": "auth.permission", "pk": 140, "fields": {"name": "Can view blog", "content_type": 35, "codename": "view_blog"}}, {"model": "auth.permission", "pk": 141, "fields": {"name": "Can add withdrawal request", "content_type": 36, "codename": "add_withdrawalrequest"}}, {"model": "auth.permission", "pk": 142, "fields": {"name": "Can change withdrawal request", "content_type": 36, "codename": "change_withdrawalrequest"}}, {"model": "auth.permission", "pk": 143, "fields": {"name": "Can delete withdrawal request", "content_type": 36, "codename": "delete_withdrawalrequest"}}, {"model": "auth.permission", "pk": 144, "fields": {"name": "Can view withdrawal request", "content_type": 36, "codename": "view_withdrawalrequest"}}, {"model": "auth.permission", "pk": 145, "fields": {"name": "Can add notification", "content_type": 37, "codename": "add_notification"}}, {"model": "auth.permission", "pk": 146, "fields": {"name": "Can change notification", "content_type": 37, "codename": "change_notification"}}, {"model": "auth.permission", "pk": 147, "fields": {"name": "Can delete notification", "content_type": 37, "codename": "delete_notification"}}, {"model": "auth.permission", "pk": 148, "fields": {"name": "Can view notification", "content_type": 37, "codename": "view_notification"}}, {"model": "auth.permission", "pk": 149, "fields": {"name": "Can add Contact Query", "content_type": 38, "codename": "add_contact"}}, {"model": "auth.permission", "pk": 150, "fields": {"name": "Can change Contact Query", "content_type": 38, "codename": "change_contact"}}, {"model": "auth.permission", "pk": 151, "fields": {"name": "Can delete Contact Query", "content_type": 38, "codename": "delete_contact"}}, {"model": "auth.permission", "pk": 152, "fields": {"name": "Can view Contact Query", "content_type": 38, "codename": "view_contact"}}, {"model": "auth.permission", "pk": 153, "fields": {"name": "Can add Newsletter Subscription", "content_type": 39, "codename": "add_newsletter"}}, {"model": "auth.permission", "pk": 154, "fields": {"name": "Can change Newsletter Subscription", "content_type": 39, "codename": "change_newsletter"}}, {"model": "auth.permission", "pk": 155, "fields": {"name": "Can delete Newsletter Subscription", "content_type": 39, "codename": "delete_newsletter"}}, {"model": "auth.permission", "pk": 156, "fields": {"name": "Can view Newsletter Subscription", "content_type": 39, "codename": "view_newsletter"}}, {"model": "contenttypes.contenttype", "pk": 1, "fields": {"app_label": "admin", "model": "logentry"}}, {"model": "contenttypes.contenttype", "pk": 2, "fields": {"app_label": "auth", "model": "permission"}}, {"model": "contenttypes.contenttype", "pk": 3, "fields": {"app_label": "auth", "model": "group"}}, {"model": "contenttypes.contenttype", "pk": 4, "fields": {"app_label": "contenttypes", "model": "contenttype"}}, {"model": "contenttypes.contenttype", "pk": 5, "fields": {"app_label": "sessions", "model": "session"}}, {"model": "contenttypes.contenttype", "pk": 6, "fields": {"app_label": "home", "model": "about"}}, {"model": "contenttypes.contenttype", "pk": 7, "fields": {"app_label": "home", "model": "advertisement"}}, {"model": "contenttypes.contenttype", "pk": 8, "fields": {"app_label": "home", "model": "companyinfo"}}, {"model": "contenttypes.contenttype", "pk": 9, "fields": {"app_label": "home", "model": "customerpickreview"}}, {"model": "contenttypes.contenttype", "pk": 10, "fields": {"app_label": "home", "model": "custompage"}}, {"model": "contenttypes.contenttype", "pk": 11, "fields": {"app_label": "home", "model": "homesection"}}, {"model": "contenttypes.contenttype", "pk": 12, "fields": {"app_label": "home", "model": "homeslider"}}, {"model": "contenttypes.contenttype", "pk": 13, "fields": {"app_label": "home", "model": "phoneotp"}}, {"model": "contenttypes.contenttype", "pk": 14, "fields": {"app_label": "home", "model": "position"}}, {"model": "contenttypes.contenttype", "pk": 15, "fields": {"app_label": "home", "model": "successstory"}}, {"model": "contenttypes.contenttype", "pk": 16, "fields": {"app_label": "home", "model": "testimonial"}}, {"model": "contenttypes.contenttype", "pk": 17, "fields": {"app_label": "home", "model": "user"}}, {"model": "contenttypes.contenttype", "pk": 18, "fields": {"app_label": "home", "model": "category"}}, {"model": "contenttypes.contenttype", "pk": 19, "fields": {"app_label": "home", "model": "customer"}}, {"model": "contenttypes.contenttype", "pk": 20, "fields": {"app_label": "home", "model": "menu"}}, {"model": "contenttypes.contenttype", "pk": 21, "fields": {"app_label": "home", "model": "mlmmember"}}, {"model": "contenttypes.contenttype", "pk": 22, "fields": {"app_label": "home", "model": "bankdetails"}}, {"model": "contenttypes.contenttype", "pk": 23, "fields": {"app_label": "home", "model": "order"}}, {"model": "contenttypes.contenttype", "pk": 24, "fields": {"app_label": "home", "model": "commission"}}, {"model": "contenttypes.contenttype", "pk": 25, "fields": {"app_label": "home", "model": "product"}}, {"model": "contenttypes.contenttype", "pk": 26, "fields": {"app_label": "home", "model": "orderitem"}}, {"model": "contenttypes.contenttype", "pk": 27, "fields": {"app_label": "home", "model": "productfeature"}}, {"model": "contenttypes.contenttype", "pk": 28, "fields": {"app_label": "home", "model": "productimage"}}, {"model": "contenttypes.contenttype", "pk": 29, "fields": {"app_label": "home", "model": "wallet"}}, {"model": "contenttypes.contenttype", "pk": 30, "fields": {"app_label": "home", "model": "wallettransaction"}}, {"model": "contenttypes.contenttype", "pk": 31, "fields": {"app_label": "home", "model": "kycdocument"}}, {"model": "contenttypes.contenttype", "pk": 32, "fields": {"app_label": "home", "model": "metatag"}}, {"model": "contenttypes.contenttype", "pk": 33, "fields": {"app_label": "home", "model": "address"}}, {"model": "contenttypes.contenttype", "pk": 34, "fields": {"app_label": "home", "model": "productfaq"}}, {"model": "contenttypes.contenttype", "pk": 35, "fields": {"app_label": "home", "model": "blog"}}, {"model": "contenttypes.contenttype", "pk": 36, "fields": {"app_label": "home", "model": "withdrawalrequest"}}, {"model": "contenttypes.contenttype", "pk": 37, "fields": {"app_label": "home", "model": "notification"}}, {"model": "contenttypes.contenttype", "pk": 38, "fields": {"app_label": "home", "model": "contact"}}, {"model": "contenttypes.contenttype", "pk": 39, "fields": {"app_label": "home", "model": "newsletter"}}, {"model": "home.user", "pk": 1, "fields": {"password": "pbkdf2_sha256$870000$wtn35T83RVQoQ4TTEWQ80f$yuO7XAHPkWfj+kfe3CpVe4YznC3GdozI2NTQ61fJk1M=", "last_login": null, "is_superuser": true, "first_name": "", "last_name": "", "is_staff": true, "is_active": true, "date_joined": "2025-01-29T08:46:19.021Z", "username": "Trygon", "role": "ADMIN", "phone_number": null, "email": "info@trygon.in", "groups": [], "user_permissions": []}}, {"model": "home.user", "pk": 2, "fields": {"password": "pbkdf2_sha256$870000$NtzNeDGs7mf1lJ2wpYzYcM$sWNb9Vawn8gum9ynAV4Eh2Ld4tjEhuJCK4fy1YyhNnU=", "last_login": null, "is_superuser": false, "first_name": "vikas", "last_name": "gupta", "is_staff": false, "is_active": true, "date_joined": "2025-01-29T21:58:59.807Z", "username": "vkgupta", "role": "MLM_MEMBER", "phone_number": "8860552680", "email": "vikasgupta282@gmail.com", "groups": [], "user_permissions": []}}, {"model": "home.user", "pk": 3, "fields": {"password": "pbkdf2_sha256$870000$HqALTIuESnXMSfLfJ2yJR3$72/r56Xy6Hd5cVIWt5OK/gY/TBPomAp9JKckZQafUfg=", "last_login": null, "is_superuser": false, "first_name": "Tanushree", "last_name": "Paliwal", "is_staff": false, "is_active": true, "date_joined": "2025-01-30T06:35:40.175Z", "username": "Tanushree", "role": "MLM_MEMBER", "phone_number": "8851285655", "email": "tanu@gmail.com", "groups": [], "user_permissions": []}}, {"model": "home.user", "pk": 6, "fields": {"password": "pbkdf2_sha256$870000$jM8bFl8gp2ptHtmCOLin29$3xctwWvjx8KiZokZLcbDJApboK4o1e0eXf3479KHuck=", "last_login": null, "is_superuser": false, "first_name": "Trygon", "last_name": "Technologies", "is_staff": false, "is_active": true, "date_joined": "2025-01-30T08:08:08.585Z", "username": "12012014", "role": "MLM_MEMBER", "phone_number": "1234567895", "email": "trygontechnologies@gmail.com", "groups": [], "user_permissions": []}}, {"model": "home.user", "pk": 7, "fields": {"password": "", "last_login": null, "is_superuser": false, "first_name": "Tanushree", "last_name": "Paliwal", "is_staff": false, "is_active": true, "date_joined": "2025-02-13T16:28:02.968Z", "username": "C9643538460", "role": "CUSTOMER", "phone_number": "9643538460", "email": "tanu@trygon.in", "groups": [], "user_permissions": []}}, {"model": "home.user", "pk": 9, "fields": {"password": "", "last_login": null, "is_superuser": false, "first_name": "vikas", "last_name": "Gupta", "is_staff": false, "is_active": true, "date_joined": "2025-02-16T15:01:16.705Z", "username": "MLM_8989898989_8e3494c7", "role": "MLM_MEMBER", "phone_number": "8989898989", "email": "techboys@gmail.com", "groups": [], "user_permissions": []}}, {"model": "home.user", "pk": 10, "fields": {"password": "", "last_login": null, "is_superuser": false, "first_name": "", "last_name": "", "is_staff": false, "is_active": true, "date_joined": "2025-02-17T12:48:26.627Z", "username": "C9199463673", "role": "CUSTOMER", "phone_number": "9199463673", "email": null, "groups": [], "user_permissions": []}}, {"model": "home.user", "pk": 11, "fields": {"password": "", "last_login": null, "is_superuser": false, "first_name": "Rahul", "last_name": "asdfdsf", "is_staff": false, "is_active": true, "date_joined": "2025-02-18T08:00:40.233Z", "username": "C9990078949", "role": "CUSTOMER", "phone_number": "9990078949", "email": "test@gmail.com", "groups": [], "user_permissions": []}}, {"model": "home.user", "pk": 12, "fields": {"password": "", "last_login": null, "is_superuser": false, "first_name": "Vikas", "last_name": "Gupta", "is_staff": false, "is_active": true, "date_joined": "2025-02-19T08:25:54.658Z", "username": "C7878787877", "role": "CUSTOMER", "phone_number": "7878787877", "email": "Vikasgupta282@gmail.com", "groups": [], "user_permissions": []}}, {"model": "home.user", "pk": 13, "fields": {"password": "pbkdf2_sha256$870000$aDW6xnaqaAn05QADh7GqvY$84jHHXygj5U1xBy1eeWEkZLVlBxfslHk7xETAXoPtRw=", "last_login": null, "is_superuser": false, "first_name": "vvvv", "last_name": "kkkk", "is_staff": false, "is_active": true, "date_joined": "2025-02-19T10:22:35.168Z", "username": "MLM_8989745879_ecc90e21", "role": "MLM_MEMBER", "phone_number": "8989745879", "email": "vk@gmail.co", "groups": [], "user_permissions": []}}, {"model": "home.address", "pk": 1, "fields": {"user": 7, "name": "Office", "street_address": "1434 , First Floor", "city": "Gurugram", "state": "Hariyana", "postal_code": "110085", "is_active": true, "created_at": "2025-02-13T16:50:22.067Z", "updated_at": "2025-02-14T09:58:22.639Z"}}, {"model": "home.address", "pk": 2, "fields": {"user": 7, "name": "PG", "street_address": "Rohini Delhi", "city": "New Delhi", "state": "Delhi", "postal_code": "110085", "is_active": false, "created_at": "2025-02-14T09:43:49.822Z", "updated_at": "2025-02-14T09:58:21.105Z"}}, {"model": "home.address", "pk": 3, "fields": {"user": 6, "name": "Home", "street_address": "ROhini testing", "city": "Delhi", "state": "Delhi", "postal_code": "110085", "is_active": false, "created_at": "2025-02-15T14:20:48.546Z", "updated_at": "2025-02-15T14:20:48.546Z"}}, {"model": "home.address", "pk": 4, "fields": {"user": 6, "name": "test", "street_address": "test", "city": "tset", "state": "set", "postal_code": "110020", "is_active": false, "created_at": "2025-02-15T21:22:24.253Z", "updated_at": "2025-02-15T21:22:24.253Z"}}, {"model": "home.address", "pk": 5, "fields": {"user": 10, "name": "ASDF", "street_address": "SDF", "city": "SDF", "state": "SADF", "postal_code": "110085", "is_active": false, "created_at": "2025-02-17T12:49:49.669Z", "updated_at": "2025-02-17T12:49:49.669Z"}}, {"model": "home.address", "pk": 6, "fields": {"user": 10, "name": "OFFICE", "street_address": "ASDFKL", "city": "ASDFJ", "state": "ASDFJKOA`", "postal_code": "110085", "is_active": true, "created_at": "2025-02-17T12:50:19.757Z", "updated_at": "2025-02-17T12:50:23.970Z"}}, {"model": "home.address", "pk": 7, "fields": {"user": 11, "name": "Home", "street_address": "Test", "city": "Test", "state": "Test", "postal_code": "110085", "is_active": true, "created_at": "2025-02-18T10:11:51.008Z", "updated_at": "2025-02-18T10:11:51.008Z"}}, {"model": "home.address", "pk": 8, "fields": {"user": 12, "name": "Home", "street_address": "rohini", "city": "delhi", "state": "delhi", "postal_code": "110085", "is_active": true, "created_at": "2025-02-19T08:26:14.326Z", "updated_at": "2025-02-19T08:26:14.326Z"}}, {"model": "home.address", "pk": 9, "fields": {"user": 12, "name": "offer", "street_address": "asd", "city": "asdf", "state": "asdf", "postal_code": "110085", "is_active": false, "created_at": "2025-02-19T08:49:59.568Z", "updated_at": "2025-02-19T08:49:59.568Z"}}, {"model": "home.address", "pk": 10, "fields": {"user": 6, "name": "testing", "street_address": "test", "city": "tyest", "state": "tset", "postal_code": "110085", "is_active": true, "created_at": "2025-02-19T09:01:07.036Z", "updated_at": "2025-02-19T09:01:11.005Z"}}, {"model": "home.phoneotp", "pk": 1, "fields": {"phone_number": "9643538460", "otp": "432335", "created_at": "2025-02-13T16:27:37.310Z", "is_verified": true, "count": 4, "last_attempt": "2025-02-15T20:20:58.193Z"}}, {"model": "home.phoneotp", "pk": 2, "fields": {"phone_number": "9199463673", "otp": "544828", "created_at": "2025-02-17T12:48:08.592Z", "is_verified": true, "count": 0, "last_attempt": "2025-02-17T12:48:26.622Z"}}, {"model": "home.phoneotp", "pk": 3, "fields": {"phone_number": "9990078949", "otp": "850587", "created_at": "2025-02-18T08:00:02.395Z", "is_verified": true, "count": 0, "last_attempt": "2025-02-18T08:00:40.227Z"}}, {"model": "home.phoneotp", "pk": 4, "fields": {"phone_number": "7878787877", "otp": "476485", "created_at": "2025-02-19T08:25:12.470Z", "is_verified": true, "count": 0, "last_attempt": "2025-02-19T08:25:54.654Z"}}, {"model": "home.category", "pk": 1, "fields": {"name": "test", "slug": "test", "description": "test", "image": "categories/nutrition_SBW1h9a.webp", "parent": null, "is_active": true, "created_at": "2025-01-29T15:59:53.287Z", "updated_at": "2025-01-29T15:59:53.287Z"}}, {"model": "home.category", "pk": 2, "fields": {"name": "Nutrition", "slug": "nutrition", "description": "Nutrition", "image": "categories/nutrition_2kTK3Ul.webp", "parent": null, "is_active": true, "created_at": "2025-01-29T16:00:07.361Z", "updated_at": "2025-01-29T16:00:07.361Z"}}, {"model": "home.productimage", "pk": 1, "fields": {"product": 1, "image": "products/nutrition_qvbNUOw.webp", "alt_text": "", "is_feature": true, "order": 1, "created_at": "2025-01-30T13:57:29.985Z"}}, {"model": "home.productimage", "pk": 2, "fields": {"product": 1, "image": "products/12_w3riSA8.webp", "alt_text": "", "is_feature": false, "order": 2, "created_at": "2025-01-30T13:57:29.986Z"}}, {"model": "home.productimage", "pk": 3, "fields": {"product": 1, "image": "products/13_syxqY1S.webp", "alt_text": "", "is_feature": false, "order": 3, "created_at": "2025-01-30T13:57:29.986Z"}}, {"model": "home.productimage", "pk": 4, "fields": {"product": 1, "image": "products/14_S3nK19X.webp", "alt_text": "", "is_feature": false, "order": 4, "created_at": "2025-01-30T13:57:29.987Z"}}, {"model": "home.product", "pk": 1, "fields": {"name": "test", "slug": "test", "description": "<p>test</p>", "regular_price": "1.00", "selling_price": "1.00", "bp_value": 1, "stock": 120, "gst_percentage": "18.00", "is_featured": true, "is_bestseller": true, "is_new_arrival": true, "is_trending": true, "is_active": true, "created_at": "2025-01-30T13:57:29.962Z", "updated_at": "2025-02-19T12:36:52.669Z", "categories": [2]}}, {"model": "home.productfeature", "pk": 11, "fields": {"product": 1, "title": "test2", "content": "test2", "order": 1}}, {"model": "home.order", "pk": 1, "fields": {"user": 7, "order_number": "ORD-1739533723", "order_date": "2025-02-14T11:48:43.671Z", "status": "PENDING", "total_amount": "218.00", "discount_amount": "0.00", "final_amount": "218.00", "shipping_address": "Office, 1434 , First Floor, Gurugram, Hariyana, 110085", "billing_address": "Office, 1434 , First Floor, Gurugram, Hariyana, 110085", "total_bp": 1, "razorpay_order_id": null, "payment_id": null, "discount_percentage": "0.00"}}, {"model": "home.order", "pk": 2, "fields": {"user": 7, "order_number": "ORD-1739534164", "order_date": "2025-02-14T11:56:04.538Z", "status": "PENDING", "total_amount": "1.18", "discount_amount": "0.00", "final_amount": "1.18", "shipping_address": "Office, 1434 , First Floor, Gurugram, Hariyana, 110085", "billing_address": "Office, 1434 , First Floor, Gurugram, Hariyana, 110085", "total_bp": 1, "razorpay_order_id": null, "payment_id": null, "discount_percentage": "0.00"}}, {"model": "home.order", "pk": 3, "fields": {"user": 7, "order_number": "ORD-1739536264", "order_date": "2025-02-14T12:31:04.922Z", "status": "PENDING", "total_amount": "1.00", "discount_amount": "0.00", "final_amount": "1.18", "shipping_address": "Office, 1434 , First Floor, Gurugram, Hariyana, 110085", "billing_address": "Office, 1434 , First Floor, Gurugram, Hariyana, 110085", "total_bp": 1, "razorpay_order_id": null, "payment_id": null, "discount_percentage": "0.00"}}, {"model": "home.order", "pk": 4, "fields": {"user": 7, "order_number": "ORD-1739536565", "order_date": "2025-02-14T12:36:05.256Z", "status": "CONFIRMED", "total_amount": "1.00", "discount_amount": "0.00", "final_amount": "1.18", "shipping_address": "Office, 1434 , First Floor, Gurugram, Hariyana, 110085", "billing_address": "Office, 1434 , First Floor, Gurugram, Hariyana, 110085", "total_bp": 1, "razorpay_order_id": "order_PvanyaupaURT6N", "payment_id": "pay_PvaoQSeynKyujm", "discount_percentage": "0.00"}}, {"model": "home.order", "pk": 5, "fields": {"user": 6, "order_number": "ORD-1739630653", "order_date": "2025-02-15T14:44:13.717Z", "status": "PENDING", "total_amount": "1.00", "discount_amount": "0.10", "final_amount": "1.06", "shipping_address": "Home, ROhini testing, Delhi, Delhi, 110085", "billing_address": "Home, ROhini testing, Delhi, Delhi, 110085", "total_bp": 1, "razorpay_order_id": null, "payment_id": null, "discount_percentage": "0.00"}}, {"model": "home.order", "pk": 6, "fields": {"user": 7, "order_number": "ORD-1739630729", "order_date": "2025-02-15T14:45:29.425Z", "status": "PENDING", "total_amount": "1.00", "discount_amount": "0.00", "final_amount": "1.18", "shipping_address": "Office, 1434 , First Floor, Gurugram, Hariyana, 110085", "billing_address": "Office, 1434 , First Floor, Gurugram, Hariyana, 110085", "total_bp": 1, "razorpay_order_id": "order_Pw1Xtk55dkzSat", "payment_id": null, "discount_percentage": "0.00"}}, {"model": "home.order", "pk": 7, "fields": {"user": 7, "order_number": "ORD-1739631485", "order_date": "2025-02-15T14:58:05.659Z", "status": "PENDING", "total_amount": "1.00", "discount_amount": "0.00", "final_amount": "1.18", "shipping_address": "Office, 1434 , First Floor, Gurugram, Hariyana, 110085", "billing_address": "Office, 1434 , First Floor, Gurugram, Hariyana, 110085", "total_bp": 1, "razorpay_order_id": "order_Pw1l5lZggCKROb", "payment_id": null, "discount_percentage": "0.00"}}, {"model": "home.order", "pk": 8, "fields": {"user": 7, "order_number": "ORD-1739631711", "order_date": "2025-02-15T15:01:51.429Z", "status": "PENDING", "total_amount": "1.00", "discount_amount": "0.00", "final_amount": "1.18", "shipping_address": "Office, 1434 , First Floor, Gurugram, Hariyana, 110085", "billing_address": "Office, 1434 , First Floor, Gurugram, Hariyana, 110085", "total_bp": 1, "razorpay_order_id": "order_Pw1p3pLZJp5s4V", "payment_id": null, "discount_percentage": "0.00"}}, {"model": "home.order", "pk": 9, "fields": {"user": 7, "order_number": "ORD-1739640917", "order_date": "2025-02-15T17:35:17.739Z", "status": "PENDING", "total_amount": "1.00", "discount_amount": "0.00", "final_amount": "1.18", "shipping_address": "Office, 1434 , First Floor, Gurugram, Hariyana, 110085", "billing_address": "Office, 1434 , First Floor, Gurugram, Hariyana, 110085", "total_bp": 1, "razorpay_order_id": "order_Pw4R9zGOh3O7H4", "payment_id": null, "discount_percentage": "0.00"}}, {"model": "home.order", "pk": 10, "fields": {"user": 7, "order_number": "ORD-1739652965", "order_date": "2025-02-15T20:56:05.230Z", "status": "PENDING", "total_amount": "1.00", "discount_amount": "0.00", "final_amount": "1.18", "shipping_address": "Office, 1434 , First Floor, Gurugram, Hariyana, 110085", "billing_address": "Office, 1434 , First Floor, Gurugram, Hariyana, 110085", "total_bp": 1, "razorpay_order_id": "order_Pw7rG7TX4PENJt", "payment_id": null, "discount_percentage": "0.00"}}, {"model": "home.order", "pk": 11, "fields": {"user": 6, "order_number": "ORD-1739654547", "order_date": "2025-02-15T21:22:27.499Z", "status": "PENDING", "total_amount": "1.00", "discount_amount": "0.10", "final_amount": "1.06", "shipping_address": "Home, ROhini testing, Delhi, Delhi, 110085", "billing_address": "Home, ROhini testing, Delhi, Delhi, 110085", "total_bp": 1, "razorpay_order_id": null, "payment_id": null, "discount_percentage": "0.00"}}, {"model": "home.order", "pk": 12, "fields": {"user": 6, "order_number": "ORD-1739656460", "order_date": "2025-02-15T21:54:20.546Z", "status": "PENDING", "total_amount": "1.00", "discount_amount": "0.10", "final_amount": "1.06", "shipping_address": "Home, ROhini testing, Delhi, Delhi, 110085", "billing_address": "Home, ROhini testing, Delhi, Delhi, 110085", "total_bp": 1, "razorpay_order_id": null, "payment_id": null, "discount_percentage": "0.00"}}, {"model": "home.order", "pk": 13, "fields": {"user": 7, "order_number": "ORD-1739656650", "order_date": "2025-02-15T21:57:30.680Z", "status": "PENDING", "total_amount": "1.00", "discount_amount": "0.00", "final_amount": "1.18", "shipping_address": "Office, 1434 , First Floor, Gurugram, Hariyana, 110085", "billing_address": "Office, 1434 , First Floor, Gurugram, Hariyana, 110085", "total_bp": 1, "razorpay_order_id": "order_Pw8u9Pu8wwIv5Q", "payment_id": null, "discount_percentage": "0.00"}}, {"model": "home.order", "pk": 14, "fields": {"user": 6, "order_number": "ORD-1739657990", "order_date": "2025-02-15T22:19:50.077Z", "status": "PENDING", "total_amount": "1.00", "discount_amount": "0.10", "final_amount": "1.06", "shipping_address": "Home, ROhini testing, Delhi, Delhi, 110085", "billing_address": "Home, ROhini testing, Delhi, Delhi, 110085", "total_bp": 1, "razorpay_order_id": "order_Pw9HiyJ9osDKPr", "payment_id": null, "discount_percentage": "0.00"}}, {"model": "home.order", "pk": 15, "fields": {"user": 6, "order_number": "ORD-1739682401", "order_date": "2025-02-16T05:06:41.529Z", "status": "PENDING", "total_amount": "1.00", "discount_amount": "0.30", "final_amount": "0.83", "shipping_address": "Home, ROhini testing, Delhi, Delhi, 110085", "billing_address": "Home, ROhini testing, Delhi, Delhi, 110085", "total_bp": 1, "razorpay_order_id": null, "payment_id": null, "discount_percentage": "0.00"}}, {"model": "home.order", "pk": 16, "fields": {"user": 6, "order_number": "ORD-1739683552", "order_date": "2025-02-16T05:25:52.544Z", "status": "CANCELLED", "total_amount": "5.00", "discount_amount": "1.50", "final_amount": "4.13", "shipping_address": "Home, ROhini testing, Delhi, Delhi, 110085", "billing_address": "Home, ROhini testing, Delhi, Delhi, 110085", "total_bp": 5, "razorpay_order_id": "order_PwGXlOhSV30lSV", "payment_id": null, "discount_percentage": "0.00"}}, {"model": "home.order", "pk": 17, "fields": {"user": 10, "order_number": "ORD-1739796627", "order_date": "2025-02-17T12:50:27.663Z", "status": "PENDING", "total_amount": "1.00", "discount_amount": "0.00", "final_amount": "1.18", "shipping_address": "OFFICE, ASDFKL, ASDFJ, ASDFJKOA`, 110085", "billing_address": "OFFICE, ASDFKL, ASDFJ, ASDFJKOA`, 110085", "total_bp": 1, "razorpay_order_id": "order_PwmeWpaG8Xpyo6", "payment_id": null, "discount_percentage": "0.00"}}, {"model": "home.order", "pk": 18, "fields": {"user": 12, "order_number": "ORD-1739955003", "order_date": "2025-02-19T08:50:03.798Z", "status": "PENDING", "total_amount": "1.00", "discount_amount": "0.00", "final_amount": "1.18", "shipping_address": "Home, rohini, delhi, delhi, 110085", "billing_address": "Home, rohini, delhi, delhi, 110085", "total_bp": 1, "razorpay_order_id": "order_PxVcoiFTGEzstj", "payment_id": null, "discount_percentage": "0.00"}}, {"model": "home.order", "pk": 19, "fields": {"user": 6, "order_number": "ORD-1739955672", "order_date": "2025-02-19T09:01:12.305Z", "status": "PENDING", "total_amount": "1.00", "discount_amount": "0.30", "final_amount": "0.83", "shipping_address": "testing, test, tyest, tset, 110085", "billing_address": "testing, test, tyest, tset, 110085", "total_bp": 1, "razorpay_order_id": null, "payment_id": null, "discount_percentage": "0.00"}}, {"model": "home.order", "pk": 20, "fields": {"user": 6, "order_number": "ORD-1739955713", "order_date": "2025-02-19T09:01:53.629Z", "status": "PENDING", "total_amount": "9.00", "discount_amount": "2.70", "final_amount": "7.43", "shipping_address": "testing, test, tyest, tset, 110085", "billing_address": "testing, test, tyest, tset, 110085", "total_bp": 9, "razorpay_order_id": "order_PxVpIcMH0WU3X7", "payment_id": null, "discount_percentage": "0.00"}}, {"model": "home.orderitem", "pk": 1, "fields": {"order": 1, "product": 1, "quantity": 1, "price": "100.00", "discount_percentage": "0.00", "final_price": "118.00", "bp_points": 1, "gst_amount": "0.00", "discount_amount": "0.00"}}, {"model": "home.orderitem", "pk": 2, "fields": {"order": 2, "product": 1, "quantity": 1, "price": "1.00", "discount_percentage": "0.00", "final_price": "1.18", "bp_points": 1, "gst_amount": "0.00", "discount_amount": "0.00"}}, {"model": "home.orderitem", "pk": 3, "fields": {"order": 4, "product": 1, "quantity": 1, "price": "1.00", "discount_percentage": "0.00", "final_price": "1.18", "bp_points": 1, "gst_amount": "0.18", "discount_amount": "0.00"}}, {"model": "home.orderitem", "pk": 4, "fields": {"order": 5, "product": 1, "quantity": 1, "price": "1.00", "discount_percentage": "10.00", "final_price": "1.06", "bp_points": 1, "gst_amount": "0.16", "discount_amount": "0.10"}}, {"model": "home.orderitem", "pk": 5, "fields": {"order": 6, "product": 1, "quantity": 1, "price": "1.00", "discount_percentage": "0.00", "final_price": "1.18", "bp_points": 1, "gst_amount": "0.18", "discount_amount": "0.00"}}, {"model": "home.orderitem", "pk": 6, "fields": {"order": 7, "product": 1, "quantity": 1, "price": "1.00", "discount_percentage": "0.00", "final_price": "1.18", "bp_points": 1, "gst_amount": "0.18", "discount_amount": "0.00"}}, {"model": "home.orderitem", "pk": 7, "fields": {"order": 8, "product": 1, "quantity": 1, "price": "1.00", "discount_percentage": "0.00", "final_price": "1.18", "bp_points": 1, "gst_amount": "0.18", "discount_amount": "0.00"}}, {"model": "home.orderitem", "pk": 8, "fields": {"order": 9, "product": 1, "quantity": 1, "price": "1.00", "discount_percentage": "0.00", "final_price": "1.18", "bp_points": 1, "gst_amount": "0.18", "discount_amount": "0.00"}}, {"model": "home.orderitem", "pk": 9, "fields": {"order": 10, "product": 1, "quantity": 1, "price": "1.00", "discount_percentage": "0.00", "final_price": "1.18", "bp_points": 1, "gst_amount": "0.18", "discount_amount": "0.00"}}, {"model": "home.orderitem", "pk": 10, "fields": {"order": 11, "product": 1, "quantity": 1, "price": "1.00", "discount_percentage": "10.00", "final_price": "1.06", "bp_points": 1, "gst_amount": "0.16", "discount_amount": "0.10"}}, {"model": "home.orderitem", "pk": 11, "fields": {"order": 12, "product": 1, "quantity": 1, "price": "1.00", "discount_percentage": "10.00", "final_price": "1.06", "bp_points": 1, "gst_amount": "0.16", "discount_amount": "0.10"}}, {"model": "home.orderitem", "pk": 12, "fields": {"order": 13, "product": 1, "quantity": 1, "price": "1.00", "discount_percentage": "0.00", "final_price": "1.18", "bp_points": 1, "gst_amount": "0.18", "discount_amount": "0.00"}}, {"model": "home.orderitem", "pk": 13, "fields": {"order": 14, "product": 1, "quantity": 1, "price": "1.00", "discount_percentage": "10.00", "final_price": "1.06", "bp_points": 1, "gst_amount": "0.16", "discount_amount": "0.10"}}, {"model": "home.orderitem", "pk": 14, "fields": {"order": 15, "product": 1, "quantity": 1, "price": "1.00", "discount_percentage": "30.00", "final_price": "0.83", "bp_points": 1, "gst_amount": "0.13", "discount_amount": "0.30"}}, {"model": "home.orderitem", "pk": 15, "fields": {"order": 16, "product": 1, "quantity": 5, "price": "1.00", "discount_percentage": "30.00", "final_price": "4.13", "bp_points": 5, "gst_amount": "0.63", "discount_amount": "1.50"}}, {"model": "home.orderitem", "pk": 16, "fields": {"order": 17, "product": 1, "quantity": 1, "price": "1.00", "discount_percentage": "0.00", "final_price": "1.18", "bp_points": 1, "gst_amount": "0.18", "discount_amount": "0.00"}}, {"model": "home.orderitem", "pk": 17, "fields": {"order": 18, "product": 1, "quantity": 1, "price": "1.00", "discount_percentage": "0.00", "final_price": "1.18", "bp_points": 1, "gst_amount": "0.18", "discount_amount": "0.00"}}, {"model": "home.orderitem", "pk": 18, "fields": {"order": 19, "product": 1, "quantity": 1, "price": "1.00", "discount_percentage": "30.00", "final_price": "0.83", "bp_points": 1, "gst_amount": "0.13", "discount_amount": "0.30"}}, {"model": "home.orderitem", "pk": 19, "fields": {"order": 20, "product": 1, "quantity": 9, "price": "1.00", "discount_percentage": "30.00", "final_price": "7.43", "bp_points": 9, "gst_amount": "1.13", "discount_amount": "2.70"}}, {"model": "home.position", "pk": 1, "fields": {"name": "pre customer", "bp_required_min": 0, "bp_required_max": 99, "discount_percentage": "10.00", "commission_percentage": "0.00", "can_earn_commission": false, "monthly_quota": "0.00", "level_order": 1, "is_active": true}}, {"model": "home.position", "pk": 2, "fields": {"name": "Business Associate", "bp_required_min": 99, "bp_required_max": 299, "discount_percentage": "20.00", "commission_percentage": "10.00", "can_earn_commission": true, "monthly_quota": "5999.00", "level_order": 2, "is_active": true}}, {"model": "home.position", "pk": 3, "fields": {"name": "Business executive", "bp_required_min": 0, "bp_required_max": 999, "discount_percentage": "30.00", "commission_percentage": "10.00", "can_earn_commission": true, "monthly_quota": "5999.00", "level_order": 3, "is_active": true}}, {"model": "home.mlmmember", "pk": 1, "fields": {"user": 2, "member_id": "", "position": 1, "sponsor": null, "current_month_purchase": "0.00", "total_bp": 0, "is_active": true, "join_date": "2025-01-29T21:59:00.001Z", "total_earnings": "0.00", "created_at": "2025-02-16T15:17:41.326Z", "updated_at": "2025-02-16T15:17:41.353Z"}}, {"model": "home.mlmmember", "pk": 3, "fields": {"user": 6, "member_id": "66193962", "position": 3, "sponsor": null, "current_month_purchase": "17.46", "total_bp": 20, "is_active": true, "join_date": "2025-01-30T08:08:08.907Z", "total_earnings": "0.00", "created_at": "2025-02-16T15:17:41.326Z", "updated_at": "2025-02-16T15:17:41.353Z"}}, {"model": "home.mlmmember", "pk": 4, "fields": {"user": 9, "member_id": "MLM85958", "position": 3, "sponsor": 3, "current_month_purchase": "0.00", "total_bp": 0, "is_active": true, "join_date": "2025-02-16T15:01:16.713Z", "total_earnings": "0.00", "created_at": "2025-02-16T15:17:41.326Z", "updated_at": "2025-02-16T15:17:41.353Z"}}, {"model": "home.mlmmember", "pk": 5, "fields": {"user": 13, "member_id": "MLM44237", "position": 3, "sponsor": 3, "current_month_purchase": "0.00", "total_bp": 0, "is_active": true, "join_date": "2025-02-19T10:22:35.401Z", "total_earnings": "0.00", "created_at": "2025-02-19T10:22:35.401Z", "updated_at": "2025-02-19T10:22:35.401Z"}}, {"model": "home.kycdocument", "pk": 1, "fields": {"mlm_member": 3, "document_type": "AADHAR", "document_number": "12341234", "document_file": "kyc_documents/2025/02/invoice-3.pdf", "status": "PENDING", "verified_by": null, "verification_date": null, "rejection_reason": "", "created_at": "2025-02-16T06:13:56.548Z", "updated_at": "2025-02-16T06:13:56.548Z"}}, {"model": "home.kycdocument", "pk": 2, "fields": {"mlm_member": 3, "document_type": "PAN", "document_number": "12341234", "document_file": "kyc_documents/2025/02/invoice-3_SPE0pUz.pdf", "status": "PENDING", "verified_by": null, "verification_date": null, "rejection_reason": "", "created_at": "2025-02-16T06:14:10.063Z", "updated_at": "2025-02-16T06:14:10.063Z"}}, {"model": "home.kycdocument", "pk": 3, "fields": {"mlm_member": 3, "document_type": "BANK_STATEMENT", "document_number": "1234234", "document_file": "kyc_documents/2025/02/invoice-3_ualY4s7.pdf", "status": "PENDING", "verified_by": null, "verification_date": null, "rejection_reason": "", "created_at": "2025-02-16T06:14:19.758Z", "updated_at": "2025-02-16T06:14:19.758Z"}}, {"model": "home.kycdocument", "pk": 4, "fields": {"mlm_member": 3, "document_type": "CANCELLED_CHEQUE", "document_number": "12345612", "document_file": "kyc_documents/2025/02/herbalpowerlogo.png", "status": "VERIFIED", "verified_by": 1, "verification_date": "2025-02-16T07:56:31.485Z", "rejection_reason": "resend me the docs again", "created_at": "2025-02-16T06:14:28.537Z", "updated_at": "2025-02-16T07:56:31.486Z"}}, {"model": "home.kycdocument", "pk": 5, "fields": {"mlm_member": 5, "document_type": "AADHAR", "document_number": "256731611332", "document_file": "kyc_documents/2025/02/AADHAR_91143395.pdf", "status": "PENDING", "verified_by": null, "verification_date": null, "rejection_reason": "", "created_at": "2025-02-19T10:22:35.406Z", "updated_at": "2025-02-19T10:22:35.406Z"}}, {"model": "home.kycdocument", "pk": 6, "fields": {"mlm_member": 5, "document_type": "PAN", "document_number": "CYUPK1464k", "document_file": "kyc_documents/2025/02/AADHAR_91143395_QZti4r2.pdf", "status": "PENDING", "verified_by": null, "verification_date": null, "rejection_reason": "", "created_at": "2025-02-19T10:22:35.411Z", "updated_at": "2025-02-19T10:22:35.411Z"}}, {"model": "home.kycdocument", "pk": 7, "fields": {"mlm_member": 5, "document_type": "BANK_STATEMENT", "document_number": "", "document_file": "kyc_documents/2025/02/AADHAR_91143395_KybeojT.pdf", "status": "PENDING", "verified_by": null, "verification_date": null, "rejection_reason": "", "created_at": "2025-02-19T10:22:35.412Z", "updated_at": "2025-02-19T10:22:35.412Z"}}, {"model": "home.kycdocument", "pk": 8, "fields": {"mlm_member": 5, "document_type": "CANCELLED_CHEQUE", "document_number": "", "document_file": "kyc_documents/2025/02/AADHAR_91143395_rs4dsry.pdf", "status": "PENDING", "verified_by": null, "verification_date": null, "rejection_reason": "", "created_at": "2025-02-19T10:22:35.412Z", "updated_at": "2025-02-19T10:22:35.412Z"}}, {"model": "home.bankdetails", "pk": 1, "fields": {"mlm_member": 3, "account_holder_name": "Vikas Kumar", "account_number": "13215465123156", "ifsc_code": "SBI100512", "bank_name": "SBI", "branch_name": "Rohini delhi", "is_verified": true, "verification_date": "2025-02-16T09:32:55.416Z", "verified_by": null, "created_at": "2025-02-16T07:04:28.647Z", "updated_at": "2025-02-16T09:32:55.417Z"}}, {"model": "home.homeslider", "pk": 1, "fields": {"title": "First", "desktop_image": "slider/desktop/d1_804NupF.jpeg", "mobile_image": "slider/mobile/m1_goee4fK.png", "link": "http://localhost:3002/auth/dashboard/sliders", "order": 1, "is_active": true, "created_at": "2025-01-29T16:00:58.024Z", "updated_at": "2025-01-29T16:00:58.024Z"}}, {"model": "home.homeslider", "pk": 2, "fields": {"title": "Second", "desktop_image": "slider/desktop/d2.png", "mobile_image": "slider/mobile/m2.png", "link": "http://localhost:3002/auth/dashboard/sliders", "order": 2, "is_active": true, "created_at": "2025-01-29T16:01:25.128Z", "updated_at": "2025-01-29T16:01:25.128Z"}}, {"model": "home.custompage", "pk": 1, "fields": {"title": "Privacy Policy", "slug": "privacy-policy", "content": "<ol>\n<li><strong>General</strong></li>\n</ol>\n<p>1.1&nbsp;&nbsp;&nbsp;&nbsp;&nbsp;&nbsp;&nbsp;&nbsp;&nbsp;&nbsp; Reliance Retail Limited, having its registered address at 3rd Floor, Court House, Lokmanya Tilak Marg, Dhobi Talao, Mumbai - 400002, Maharashtra, India (&ldquo;<strong>Reliance</strong>&rdquo;, &ldquo;<strong>we</strong>&rdquo;, &ldquo;<strong>us</strong>&rdquo; or &ldquo;<strong>our</strong>&rdquo;) is managing and operating the mobile application/website www.urbanladder.com (collectively referred to as the &ldquo;<strong>Urban Ladder&nbsp;</strong><strong>Platform</strong>&rdquo;) through which it inter alia facilitates the sale of furniture and related products, (&ldquo;<strong>Products</strong>&rdquo;) to the users of the Urban Ladder Platform (&ldquo;<strong>User&rdquo; or &ldquo;Users</strong>&rdquo; or &ldquo;<strong>you</strong>&rdquo; or &ldquo;<strong>your</strong>&rdquo;).</p>\n<p>1.2&nbsp;&nbsp;&nbsp;&nbsp;&nbsp;&nbsp;&nbsp;&nbsp;&nbsp;&nbsp; This privacy policy (<strong>&ldquo;Privacy Policy&rdquo;</strong>), together with the&nbsp;<a href=\"https://www.urbanladder.com/terms-of-use?src=g_footer\">Terms</a>, governs your use of the Urban Ladder Platform and describes our policies and procedures on the collection, use, disclosure, processing, transfer, and storage of the information provided to us by you. By using, browsing, accessing, or purchasing from the Urban Ladder Platform, you agree to be bound by the terms of this Privacy Policy and consent to the collection, storage, possession, dealing, handling, sharing, disclosure or transfer of your information in accordance with the terms of the Privacy Policy. We shall not use the User&rsquo;s information in any manner except as provided under this Privacy Policy. Capitalised terms used herein if not defined shall have the same meaning as ascribed to them under the Terms.</p>\n<p>1.3&nbsp;&nbsp;&nbsp;&nbsp;&nbsp;&nbsp;&nbsp;&nbsp;&nbsp;&nbsp; This document is an electronic record and is governed by the provisions under the Information Technology Act, 2000 and rules made thereunder as may be applicable, and the amended provisions pertaining to electronic records in various statutes as amended by the Information Technology Act, 2000. This electronic record is generated by a computer system and does not require any physical or digital signatures.</p>\n<p>1.4&nbsp;&nbsp;&nbsp;&nbsp;&nbsp;&nbsp;&nbsp;&nbsp;&nbsp;&nbsp; This Privacy Policy sets out the type of information collected from the Users, including the nature of the Sensitive Personal Data or Information (<em>defined hereinafter</em>), the purpose, means and modes of usage of such information and how and to whom we shall disclose or transfer such information. You may at any time withdraw your consent for collection and use of your information including Personal Information (<em>defined hereinafter</em>) or Sensitive Personal Data or Information. However, please note that if you withdraw your consent, we may no longer be able to provide you with the corresponding service for which you have withdrawn your consent. It is hereby clarified that your decision to withdraw your consent will not affect the processing of Personal Information based on your previous consent prior to the withdrawal.</p>\n<p>1.5&nbsp;&nbsp;&nbsp;&nbsp;&nbsp;&nbsp;&nbsp;&nbsp;&nbsp;&nbsp; Please take a moment to familiarize yourself with our Privacy Policy. If you do not agree with any provisions of the Terms or this Privacy Policy, we advise you to not use or access the Urban Ladder Platform.</p>\n<ol start=\"2\">\n<li><strong>Type of Information Collected</strong></li>\n</ol>\n<p>2.1&nbsp;&nbsp;&nbsp;&nbsp;&nbsp;&nbsp;&nbsp;&nbsp;&nbsp;&nbsp; You may be asked to provide your information anytime you visit, access, use or browse the Urban Ladder Platform. We may share information and use it consistent with the provisions of this Privacy Policy. We may also combine it with other information to provide and improve our Products, services, content and advertising.</p>\n<p>2.2&nbsp;&nbsp;&nbsp;&nbsp;&nbsp;&nbsp;&nbsp;&nbsp;&nbsp;&nbsp; You agree to provide information, which shall be true, correct, up to date and accurate. You may access, amend, alter or require deletion of your information partially or fully by contacting us at&nbsp;<a href=\"mailto:hello@urbanladder.com\">hello@urbanladder.com</a>.</p>\n<p>2.3&nbsp;&nbsp;&nbsp;&nbsp;&nbsp;&nbsp;&nbsp;&nbsp;&nbsp;&nbsp; Urban Ladder Platform is not directed towards minors. We do not knowingly collect Personal Information from any User who is under 18 (Eighteen) years. If we are made aware that we have collected the Personal Information of a person below the age of 18 (Eighteen) years, we will take steps to delete the information within a reasonable time frame. If a parent or guardian becomes aware that his or her child has provided his/ her information on the Urban Ladder Platform without their consent, he or she shall contact us for the deletion of such information. In the event, where in contravention to the Privacy Policy and Terms, a person below the age of 18 (Eighteen) uses the services, we shall not be held liable or responsible for any damage or injury suffered by such person.</p>\n<p>2.4&nbsp;&nbsp;&nbsp;&nbsp;&nbsp;&nbsp; We may collect a variety of information from you, including your name, password, mailing address, phone number, email address and contact preferences, including any other usage and interaction details with us or our affiliates. We may collect such information which when combined with other pieces of information available with us could reasonably allow you to be identified (&ldquo;<strong>Personal Information</strong>&rdquo;). Personal Information shall include but is not limited to your full name, personal contact numbers, residential address, email address, gender or date of birth.</p>\n<p>2.5 &nbsp;&nbsp;&nbsp;&nbsp;&nbsp; We may also collect, receive, process or store certain sensitive personal data or information consisting of, but not limited to:</p>\n<p>2.5.1&nbsp;&nbsp;&nbsp;&nbsp;&nbsp;&nbsp; Password;</p>\n<p>2.5.2&nbsp;&nbsp;&nbsp;&nbsp;&nbsp;&nbsp; Financial information such as bank account or credit card or debit card or other payment instrument details;</p>\n<p>2.5.3&nbsp;&nbsp;&nbsp;&nbsp;&nbsp;&nbsp; Physical, physiological and mental health condition;</p>\n<p>2.5.4&nbsp;&nbsp;&nbsp;&nbsp;&nbsp;&nbsp; Any detail relating to the above Personal Information categories as provided to us for providing service; and</p>\n<p>2.5.5&nbsp;&nbsp;&nbsp;&nbsp;&nbsp;&nbsp; Any of the information received under above Personal Information categories by us for processing, stored or processed under lawful contract or otherwise.</p>\n<p>(Collectively, referred to as &ldquo;<strong>Sensitive Personal Data or Information</strong>&rdquo;).</p>\n<ol start=\"3\">\n<li><strong>Use of Information Collected</strong></li>\n</ol>\n<p>3.1&nbsp;&nbsp;&nbsp;&nbsp;&nbsp;&nbsp; We may collect, use or process your information including Personal Information and Sensitive Personal Data or Information for the following purposes:</p>\n<p>3.1.1&nbsp;&nbsp;&nbsp;&nbsp; For creating and giving you access to your registered account on the Urban Ladder Platform.</p>\n<p>3.1.2&nbsp;&nbsp;&nbsp;&nbsp; To develop, deliver, process and improve our Products, services, content in order to personalize and improve your experience.</p>\n<p>3.1.3&nbsp;&nbsp;&nbsp;&nbsp; To inform you about our Products, services, offers, updates, upcoming events, including providing you information in relation to order confirmations,&nbsp;invoices, technical notices, security alerts.</p>\n<p>3.1.4&nbsp;&nbsp;&nbsp;&nbsp; For internal analytical and research purposes such as auditing, data analysis and research to improve Our Products, services and customer communications.</p>\n<p>3.1.5&nbsp;&nbsp;&nbsp;&nbsp; To meet any legal or regulatory requirement or comply with a request from any governmental or judicial authority.</p>\n<p>3.1.6&nbsp;&nbsp;&nbsp;&nbsp; To resolve any request, dispute, grievance or complaint raised by you in relation to your use of the Urban Ladder Platform.</p>\n<p>3.1.7&nbsp;&nbsp;&nbsp;&nbsp; To detect or monitor any fraudulent or illegal activity on the Urban Ladder Platform.</p>\n<ol start=\"4\">\n<li><strong>Disclosure of Information Collected</strong></li>\n</ol>\n<p>4.1&nbsp;&nbsp;&nbsp;&nbsp;&nbsp;&nbsp; We may from time to time be required to disclose the information collected from you to our trusted third-party service providers who assist us in order to facilitate the provision of services and purchase of Products on the Urban Ladder Platform. For instance, we may share your information with third party payment gateway provider to process transactions on the Urban Ladder Platform. By using the Urban Ladder Platform, you consent to any such disclosure of your information with third party service providers. We ensure that such third party service providers are bound by reasonable confidentiality obligations and/ or use, maintain and follow generally accepted industry and security standards with respect to such information.</p>\n<p>4.2&nbsp;&nbsp;&nbsp;&nbsp;&nbsp;&nbsp; We may also disclose your information when such disclosure is requisitioned under any law or judicial decree or when we, in our sole discretion, deem it necessary in order to protect our rights or the rights of other Users, to prevent harm to persons or property, to fight fraud and credit risk.</p>\n<p>4.3<strong>&nbsp;&nbsp;&nbsp;&nbsp;&nbsp;&nbsp;&nbsp;</strong>We may also disclose or transfer your information to any third party as a part of reorganization or a sale of the assets, division or transfer of a part or whole of us. We shall ensure that third party to which we transfer or sell our assets will have appropriate confidentiality and security measures, at least as protective as those described in this Privacy Policy, to handle your Personal Information. You will have the opportunity to opt out of any such transfer if the new entity's planned processing of your information differs materially from that set forth in this Privacy Policy.</p>\n<p>4.4&nbsp;&nbsp;&nbsp;&nbsp;&nbsp;&nbsp; A third party payment gateway provider may be required to collect certain financial information from you including, but not restricted to, your credit/debit card number or your bank account details (collectively referred to as &ldquo;<strong>Financial Information</strong>&rdquo;). All Financial Information collected from the you by such third party payment gateway providers will be used only for billing and payment processes. The Financial Information collected from you is transacted through secure digital platforms of approved payment gateways which are under encryption, thereby complying with reasonably expected technology standards. The verification of the Financial Information shall be accomplished only by you through a process of authentication in which we shall have no role to play and hence, we shall bear no liability in relation to the same. We shall neither be liable nor responsible for any actions or inactions of third party payment gateway providers or any breach of conditions, representations and warranties given by them. We shall also not be obligated to mediate or resolve any dispute or disagreement between you and such third party payment service providers.</p>\n<p>4.5&nbsp;&nbsp;&nbsp;&nbsp;&nbsp;&nbsp; While we take best efforts to ensure that your information including Personal Information, Financial Information and Sensitive Personal Information or Data is duly protected by undertaking security measures prescribed under applicable laws, you are strongly advised to exercise reasonable discretion while providing Personal Information or Financial Information while using the services given that the Internet is susceptible to security breaches.</p>\n<p>4.6&nbsp;&nbsp;&nbsp;&nbsp;&nbsp;&nbsp; Your information may also be transferred, stored or processed in any country other than the one where you access the Urban Ladder Platform. For purposes of sharing or disclosing data in accordance with the Privacy Policy, we reserve the right to transfer your information outside of your country. By using the Urban Ladder Platform, you consent to such transfer of your information outside of your country and also within our affiliates, subsidiaries and partners whose personnel and subcontractors, provided they have agreed to ensure the same level of data protection as prescribed under this Privacy Policy and the data protection laws of India. The information may be&nbsp;transferred in the event it is necessary for the performance of the services, operation of the Urban Ladder Platform and provision of Products as agreed upon between us and the third party.</p>\n<ol start=\"5\">\n<li><strong>Security</strong></li>\n</ol>\n<p>5.1&nbsp;&nbsp;&nbsp;&nbsp;&nbsp;&nbsp; The security of your Personal Information is important to us. We have implemented security policies, rules and technical measures, as required under applicable law including firewalls, transport layer security and other physical and electronic security measures to protect the Personal Information that it has under its control from unauthorized access, improper use or disclosure, unauthorized modification and unlawful destruction or accidental loss. When&nbsp;you submit your information on the Urban Ladder Platform, your information is protected through our security systems. Please note that we use international and industry-recognized standards such as per applicable laws, rules and regulations.</p>\n<p>5.2&nbsp;&nbsp;&nbsp;&nbsp;&nbsp;&nbsp; Your information is contained within secured networks and is only accessible by a limited number of authorized persons who have access rights to such systems or otherwise require such information for the purposes provided in this Privacy Policy. These authorized persons are also under an obligation to keep such information confidential.</p>\n<p>5.3&nbsp;&nbsp;&nbsp;&nbsp;&nbsp;&nbsp; Although we make best possible efforts to transmit and store all the information provided by you in a secure operating environment that is not open to public, you understand and acknowledge that there is no such thing as complete security and we do not guarantee that there will be no unintended disclosures of any information and potential security breaches. You agree not to hold us responsible for any breach of security or for any action of any third parties that receive your Personal Information or events that are beyond our reasonable control including, acts of government, computer hacking, unauthorized access to computer data and storage device, computer crashes, breach of security and encryption, etc.</p>\n<ol start=\"6\">\n<li><strong>Cookies Policy</strong></li>\n</ol>\n<p>6.1&nbsp;&nbsp;&nbsp;&nbsp;&nbsp;&nbsp; Due to the communications standards on the Internet, when you visits, access or browse the Urban Ladder Platform, we automatically receive the uniform resource locator of the site from which such you visit, access or browse the Urban Ladder Platform, details of the website you visit on leaving the Urban Ladder Platform, the internet protocol (&ldquo;<strong>IP</strong>&rdquo;) address of each User&rsquo;s computer operating system, type of web browser the User is using, email patterns, and the name of the User&rsquo;s internet service provider. This information is used solely to analyse overall User trends and to help us improve our services. Please note that the link between the User&rsquo;s IP address and the User&rsquo;s personally identifiable information is not shared with third parties without such User&rsquo;s permission or except when required by law or to provide or facilitate the User with the services. Notwithstanding the above, the User acknowledges that we reserve the right to share some of the aggregate findings, including the personal information provided by the Users in an unidentifiable, aggregate form, and not the specific data with advertisers, sponsors, investors, strategic partners, and others in order to help grow the business. The amount of information sent to us depends on the settings of the web browser used by the User to access the Platforms. The User may refer to the browser used, if the User wishes to learn what information is provided to us.</p>\n<p>6.2&nbsp;&nbsp;&nbsp;&nbsp; The Urban Ladder Platform uses temporary cookies to store certain data. We do not store Personal Information in the cookies. Information collected by us, by any means whatsoever, that does not personally identify the User as an individual (such as patterns of utilization described above) is exclusively owned by us and may be used by us and third party service providers for technical administration of the Platforms, user administration, research, development, and other purposes.</p>\n<p>6.3&nbsp;&nbsp;&nbsp;&nbsp; You understand that you may set or amend your web browsers to delete or disable cookies. If you choose to disable cookies on your computer or mobile telecommunication device, it may impair, degrade or restrict access to certain areas of the Urban Ladder Platform.</p>\n<p>6.4&nbsp;&nbsp;&nbsp;&nbsp; We may allow other companies or entities to serve advertisements to you. These companies or entities include third party advertisement servers, advertisement agencies, advertisement technology vendors and research firms. We may target some advertisements to you that fit a certain general profile. We do not use Personal Information to target advertisements to you. In the course of serving advertisements or optimizing the services to its Users, we may allow authorised third parties to place or recognize a unique cookie on the User&rsquo;s browser.</p>\n<p>6.5&nbsp;&nbsp;&nbsp;&nbsp; You agree and understand that we do not exercise control over third party websites displayed as search results or links on the Urban Ladder Platform. These other sites may place their own cookies or other files on the Users&rsquo; computer, collect data or solicit personal information from the Users, on which we have no control and shall not be held responsible or liable. We do not make any representations concerning the privacy practices or policies of such third parties or terms of use of such websites, nor do we guarantee the accuracy, integrity, or quality of the information, data, text, software, sound, photographs, graphics, videos, messages or other materials available on such websites. The inclusion or exclusion does not imply any endorsement by us of such websites, the websites&rsquo; provider, or the information on the website.</p>\n<p>6.6&nbsp;&nbsp;&nbsp;&nbsp; We may keep records of telephone calls received from and made to Users for the purpose of administration of services, research and development, training, business intelligence, business development, or for User administration. We may share such telephone records with third parties when required by law or when required to provide or facilitate the User with the services.</p>\n<p>6.7&nbsp;&nbsp;&nbsp;&nbsp; You consent to our reproduction/publishing of all testimonials and reviews given by you on the Urban Ladder Platform in relation to the services or the Products. You agree that we may edit the testimonials and reviews provided by you and reproduce/publish such edited or paraphrased versions of the testimonials and reviews on the Urban Ladder Platform. If the User has any concerns with the reproduction/publication of any testimonial or review provided by you, the User may contact us at&nbsp;<a href=\"mailto:hello@urbanladder.com\">hello@urbanladder.com</a>.</p>\n<p><br><strong>7.&nbsp;&nbsp;&nbsp;&nbsp;&nbsp;&nbsp; Opt-Out Policy</strong></p>\n<p>7.1.&nbsp;&nbsp;&nbsp; The third party service providers with whom we may share information provided by you are not permitted to market their own services or send promotional e-mails or engage in promotional communication with you. We provide you with the opportunity to opt-out of receiving non-essential, promotional, or marketing-related communication from itself or its partners.</p>\n<p>7.2.&nbsp;&nbsp;&nbsp; If you wish to remove your contact information from all our mailing lists and newsletters, you can click on the \"unsubscribe\" link or follow the instructions in each e-mail message. Alternatively, you can contact us at hello@urbanladder.com. We reserve the right to limit membership based on availability of contact information. All Users will be notified by email prior to any actions taken.</p>\n<p>7.3&nbsp; &nbsp; &nbsp;You agree to provide information, which shall be true, correct, up to date and accurate. You may access, amend, alter or require deletion of your information partially or fully by contacting us at&nbsp;<a href=\"mailto:grievanceofficer@urbanladder.com\">grievanceofficer@urbanladder.com</a>.</p>\n<p><strong>8.&nbsp; &nbsp; &nbsp; &nbsp;Retention of information</strong></p>\n<p>8.1&nbsp;&nbsp;&nbsp;&nbsp; We will retain your information and any data for the period necessary to fulfil the&nbsp;purposes outlined in this Privacy Policy unless a longer retention period is required or permitted under the applicable law.</p>\n<p><strong>9. &nbsp;&nbsp;&nbsp;&nbsp;&nbsp; Modification</strong></p>\n<p>9.1&nbsp;&nbsp;&nbsp;&nbsp; We reserve the right to amend this Privacy Policy at any time. The Privacy Policy, as and when modified, shall be updated on the Urban Ladder Platform. We encourage you to review this Privacy Policy whenever you visit our Urban Ladder Platform to understand how your&nbsp;Personal Information is used.</p>\n<p><strong>10. &nbsp;&nbsp;&nbsp;&nbsp;&nbsp;&nbsp; Grievance Redressal</strong></p>\n<p>10.1&nbsp;&nbsp;&nbsp;&nbsp; In case, you have any questions, grievance or complaints about this Privacy Policy, or the Urban Ladder Platform, you may contact our grievance officer on the below mentioned details:</p>\n<p><strong>Name</strong>:&nbsp;Sanjay Kawle</p>\n<p><strong>Designation</strong>: Grievance Officer</p>\n<p><strong>Email Address</strong>:&nbsp;<a href=\"mailto:grievanceofficer@urbanladder.com\">grievanceofficer@urbanladder.com</a></p>\n<p><strong>11. &nbsp;&nbsp;&nbsp;&nbsp;&nbsp;&nbsp; Governing Law</strong></p>\n<p>11.1&nbsp;&nbsp;&nbsp;&nbsp; The terms of this Privacy Policy shall be governed and construed in accordance with the laws&nbsp;of India. Any dispute regarding or arising out of this Privacy Policy shall be subject to the exclusive&nbsp;jurisdiction of the courts in Mumbai, Maharashtra.<strong>&nbsp;12. &nbsp;&nbsp;&nbsp;&nbsp;&nbsp;&nbsp;</strong><strong>Severability &nbsp;&nbsp;&nbsp;</strong></p>\n<p>12.1&nbsp;&nbsp;&nbsp;&nbsp; Whenever possible, each section of this Privacy Policy shall be interpreted in a manner so as to be valid&nbsp;under applicable law. However, in the event any provision is held to be prohibited or invalid, such&nbsp;provision shall be ineffective only to the extent of such prohibition or invalidity, without invalidating&nbsp;the remainder of such provision or other remaining provisions of this Privacy Policy.</p>", "is_active": true, "show_in_footer": true, "show_in_header": false, "order": 1, "created_at": "2025-02-01T10:28:38.259Z", "updated_at": "2025-02-01T10:28:38.259Z"}}, {"model": "home.blog", "pk": 1, "fields": {"title": "test", "slug": "test", "content": "<p>tesitnd is hteth sedfklasdfk adfsnajklsd. adkfjalsd ajkls;dhfioas n ads nioasdf ioadf&nbsp;</p>", "feature_image": "blogs/footerbg.png", "is_active": true, "show_in_slider": true, "order": 1, "created_at": "2025-02-05T08:53:53.937Z", "updated_at": "2025-02-05T09:13:41.767Z"}}, {"model": "home.homesection", "pk": 2, "fields": {"section_type": "TRENDING", "title": "title Here", "subtitle": "Sub TITLe here", "description": "<p>Desc ript&nbsp;</p>", "image": "home_sections/p1_AhYtBm6.jpeg", "is_active": true, "display_order": 1, "created_at": "2025-02-04T09:39:19.957Z", "updated_at": "2025-02-04T09:39:19.957Z"}}, {"model": "home.homesection", "pk": 3, "fields": {"section_type": "FEATURED", "title": "asd", "subtitle": "Asdasd", "description": "asdasDASD", "image": "home_sections/p2.jpeg", "is_active": true, "display_order": 2, "created_at": "2025-02-18T18:40:42.729Z", "updated_at": "2025-02-18T18:40:42.730Z"}}, {"model": "home.homesection", "pk": 4, "fields": {"section_type": "NEW_ARRIVAL", "title": "asdf", "subtitle": "sadfds", "description": "<p>sdfsadfsdfsdfsadfds</p>", "image": "home_sections/p3.jpeg", "is_active": true, "display_order": 2, "created_at": "2025-02-18T18:51:18.394Z", "updated_at": "2025-02-18T18:51:18.395Z"}}, {"model": "home.companyinfo", "pk": 1, "fields": {"company_name": "Herbal Power", "logo": "company/herbalpowerlogo.png", "gst_number": "", "email": "info@yourcompany.com", "mobile_1": "+91 0000000000", "mobile_2": "", "address_line1": "Your Address", "address_line2": "", "city": "Your City", "state": "Your State", "pincode": "000000", "country": "India", "facebook_link": "", "instagram_link": "", "twitter_link": "", "youtube_link": "", "footer_bg_image": "company/backgrounds/footerbg.png", "testimonial_bg_image": "company/backgrounds/about.png", "is_active": true, "created_at": "2025-01-30T17:27:40.870Z", "updated_at": "2025-01-30T17:55:47.856Z"}}, {"model": "home.testimonial", "pk": 2, "fields": {"name": "Vikas", "designation": "CEO Trygon Technologies", "content": "i love the products", "image": "testimonials/nutrition_SYcFSK5.webp", "rating": 4, "is_active": true, "display_order": 1, "created_at": "2025-01-30T14:16:30.803Z", "updated_at": "2025-01-30T14:16:30.803Z"}}, {"model": "home.testimonial", "pk": 3, "fields": {"name": "Rohit", "designation": "CEO Addicode", "content": "testing conent is here", "image": "testimonials/te.jpeg", "rating": 5, "is_active": true, "display_order": 2, "created_at": "2025-01-31T07:49:12.709Z", "updated_at": "2025-01-31T07:49:12.709Z"}}, {"model": "home.testimonial", "pk": 4, "fields": {"name": "Rohit Sharma", "designation": "CEO Addicode", "content": "testing conent is here", "image": "testimonials/te_hUexxeF.jpeg", "rating": 5, "is_active": true, "display_order": 3, "created_at": "2025-01-31T07:49:22.645Z", "updated_at": "2025-01-31T07:49:22.645Z"}}, {"model": "home.advertisement", "pk": 1, "fields": {"title": "firest", "image": "advertisements/ads.png", "link": "https://trygon.in", "position": "1", "is_active": true, "created_at": "2025-01-30T14:38:11.618Z", "updated_at": "2025-01-30T14:38:11.618Z"}}, {"model": "home.advertisement", "pk": 2, "fields": {"title": "Second", "image": "advertisements/ads_KfqcyiF.png", "link": "https://trygon.in", "position": "2", "is_active": true, "created_at": "2025-01-30T14:40:59.975Z", "updated_at": "2025-01-30T14:40:59.976Z"}}, {"model": "home.advertisement", "pk": 4, "fields": {"title": "first", "image": "advertisements/ads_G3o8vOm.png", "link": "http://localhost:3002/auth/dashboard/ads", "position": "PRODUCT_PAGE", "is_active": true, "created_at": "2025-02-09T08:08:25.373Z", "updated_at": "2025-02-09T08:08:25.374Z"}}, {"model": "home.successstory", "pk": 1, "fields": {"title": "Frierst", "description": "Testing Perposes", "youtube_link": "https://youtu.be/-WbCgl8gn60?si=Pig6xOB0TKWXddGw", "thumbnail": "success_stories/Screenshot_2025-01-30_at_10.14.46PM.png", "position": 1, "is_active": true, "created_at": "2025-01-30T16:45:04.024Z", "updated_at": "2025-01-30T16:45:04.027Z"}}, {"model": "home.customerpickreview", "pk": 1, "fields": {"title": "Firest", "description": "https://youtu.be/-WbCgl8gn60?si=R9X3SM8hW-yJ5MdX", "youtube_link": "https://youtu.be/-WbCgl8gn60?si=R9X3SM8hW-yJ5MdX", "thumbnail": "customer_picks/Screenshot_2025-01-30_at_10.14.46PM.png", "position": 1, "is_active": true, "created_at": "2025-01-30T17:14:21.481Z", "updated_at": "2025-01-30T17:14:21.482Z"}}, {"model": "home.about", "pk": 1, "fields": {"type": "HOME", "title": "Our Business Objectives", "content": "<p>Our target market includes health-conscious individuals aged 18-70 who are interested in improving their well-being and exploring new opportunities for financial growth. Our goal is to help people who are struggling with their weight find ease and confidence in their personal and work lives. Our supplements are crafted to support fat burning and make losing weight simpler, so you can feel great and thrive every day. This demographic typically values high-quality products and is motivated by personal development and the potential for earning supplemental income.</p>", "feature_content": "<div class=\"bg-gray-50 p-6 rounded-lg\">\r\n<h3 class=\"text-xl font-semibold mb-3 text-[#517B54]\">Fitness Buffs:</h3>\r\n<p class=\"text-gray-700 leading-relaxed\">Those engaged in regular physical activity who are interested in products that support their fitness goals. Our supplements are crafted to enhance weight loss and body fitness. They support muscle growth, boost metabolism, and aid recovery, helping you achieve peak performance and sculpt your ideal physique. Maximize your workouts and stay on track with your fitness goals effortlessly.</p>\r\n</div>\r\n<div class=\"bg-gray-50 p-6 rounded-lg\">\r\n<h3 class=\"text-xl font-semibold mb-3 text-[#517B54]\">Health Enthusiasts:</h3>\r\n<p class=\"text-gray-700 leading-relaxed\">Individuals actively seeking supplements and wellness products to enhance their lifestyle.</p>\r\n</div>\r\n<div class=\"bg-gray-50 p-6 rounded-lg\">\r\n<h3 class=\"text-xl font-semibold mb-3 text-[#517B54]\">Working Professionals:</h3>\r\n<p class=\"text-gray-700 leading-relaxed\">People looking for flexible income opportunities that fit around their existing commitments. And we are providing some supplement for busy professionals people, our supplements are designed to fit seamlessly into your hectic life. They help with weight loss by boosting metabolism, controlling cravings, and supporting overall body fitness. Enjoy sustained energy and convenience, making it easier to stay on track with your health goals even with a demanding schedule.</p>\r\n</div>\r\n<div class=\"bg-gray-50 p-6 rounded-lg\">\r\n<h3 class=\"text-xl font-semibold mb-3 text-[#517B54]\">Health First Network:</h3>\r\n<p class=\"text-gray-700 leading-relaxed\">A prominent MLM company with a robust distributor network. We differentiate ourselves through a more modern compensation plan and a focus on sustainability and product purity.</p>\r\n</div>\r\n<div class=\"bg-gray-50 p-6 rounded-lg\">\r\n<h3 class=\"text-xl font-semibold mb-3 text-[#517B54]\">Fit Life MLM:</h3>\r\n<p class=\"text-gray-700 leading-relaxed\">Focused on fitness and nutritional products. Herbal power Marketing Pvt. Ltd. stands out by offering a broader range of products and a more inclusive distributor support system.</p>\r\n</div>", "left_image": "about/about.png", "vision_description": "", "mission_description": "", "objective_content": "", "is_active": true, "created_at": "2025-01-30T18:34:41.758Z", "updated_at": "2025-01-30T18:34:41.758Z"}}, {"model": "home.about", "pk": 2, "fields": {"type": "MAIN", "title": "Welcome to Herbal Power Marketing Pvt Ltd", "content": "<p>Where your health and financial well-being go hand in hand. Our premium natural-herbs health supplements are designed to enhance your vitality and overall wellness, using the finest natural ingredients and cutting-edge research. But we go beyond just health support &ndash; with you a unique opportunity to earn money by sharing these benefits with others. Take control of your journey as an entrepreneur, and take control of your future with Herbal Power Marketing Pvt Ltd.</p>\r\n<p>Experience wellness, achieve your goals, and build a brighter tomorrow with us. Nutraceuticals are products derived from food sources that offer additional health benefits beyond basic nutritional value. The term combines \"nutrition\" and \"pharmaceutical,\" highlighting their dual role in promoting health and preventing disease. Manochi deals with a range of products such as:</p>\r\n<p>Dietary Supplements: These are concentrated sources of nutrients like vitamins, minerals, amino acids, or fatty acids, often taken in pill, capsule, or powder form.</p>\r\n<p>Functional Foods: These are foods enhanced with added nutrients or compounds, like fortified breakfast cereals, yogurt, which provide benefits beyond basic nutrition.</p>", "feature_content": "", "left_image": "about/about_pWgsczt.png", "vision_description": "<p>Our vision is to become a leading global MLM company recognized for transforming lives through opportunity and excellence. We aim to build an Herbal power Marketing Pvt. Ltd. Community where each member feels empowered to grow, succeed and make a positive impact on the world of Health, Wellness a new era of prosperity.</p>", "mission_description": "<p>At Herbal power marketing Pvt. Ltd., our mission is to inspire individuals to achieve their fullest potential through a powerful combination of exceptional products and a supportive Multi-Level Marketing environment. We are dedicated to fostering personal and professional growth by providing innovative solutions that enhance well-being and success.</p>", "objective_content": "<div class=\"p-6 bg-gray-50 rounded-xl\">\r\n<p>Our target market includes health-conscious individuals aged 18-70 who are interested in improving their well-being and exploring new opportunities for financial growth. Our goal is to help people who are struggling with their weight find ease and confidence in their personal and work lives. Our supplements are crafted to support fat burning and make losing weight simpler, so you can feel great and thrive every day. This demographic typically values high-quality products and is motivated by personal development and the potential for earning supplemental income.</p>\r\n</div>\r\n<div class=\"p-6 bg-gray-50 rounded-xl\">\r\n<p>Our target market includes health-conscious individuals aged 18-70 who are interested in improving their well-being and exploring new opportunities for financial growth. Our goal is to help people who are struggling with their weight find ease and confidence in their personal and work lives. Our supplements are crafted to support fat burning and make losing weight simpler, so you can feel great and thrive every day.</p>\r\n</div>\r\n<div class=\"p-6 bg-gray-50 rounded-xl\">\r\n<p>Our target market includes health-conscious individuals aged 18-70 who are interested in improving their well-being and exploring new opportunities for financial growth. Our goal is to help people who are struggling with their weight find ease and confidence in their personal and work lives. Our supplements are crafted to support fat burning and make losing weight simpler.</p>\r\n</div>", "is_active": true, "created_at": "2025-01-30T18:35:45.858Z", "updated_at": "2025-01-30T18:35:45.858Z"}}, {"model": "home.menu", "pk": 1, "fields": {"category": 2, "position": 1, "is_active": true, "created_at": "2025-01-31T11:00:41.291Z", "updated_at": "2025-01-31T11:00:41.291Z"}}, {"model": "home.contact", "pk": 1, "fields": {"name": "vikas", "email": "vikasgupta282@gmail.com", "phone": "8860552680", "subject": "testing", "message": "testging", "is_read": false, "created_at": "2025-02-19T09:44:41.167Z", "updated_at": "2025-02-19T09:44:41.168Z"}}, {"model": "home.newsletter", "pk": 1, "fields": {"email": "vikasgupta282@gmail.com", "is_active": true, "created_at": "2025-02-19T09:56:32.148Z", "updated_at": "2025-02-19T09:56:32.148Z"}}]