[{"model": "auth.permission", "pk": 1, "fields": {"name": "Can add log entry", "content_type": 1, "codename": "add_logentry"}}, {"model": "auth.permission", "pk": 2, "fields": {"name": "Can change log entry", "content_type": 1, "codename": "change_logentry"}}, {"model": "auth.permission", "pk": 3, "fields": {"name": "Can delete log entry", "content_type": 1, "codename": "delete_logentry"}}, {"model": "auth.permission", "pk": 4, "fields": {"name": "Can view log entry", "content_type": 1, "codename": "view_logentry"}}, {"model": "auth.permission", "pk": 5, "fields": {"name": "Can add permission", "content_type": 2, "codename": "add_permission"}}, {"model": "auth.permission", "pk": 6, "fields": {"name": "Can change permission", "content_type": 2, "codename": "change_permission"}}, {"model": "auth.permission", "pk": 7, "fields": {"name": "Can delete permission", "content_type": 2, "codename": "delete_permission"}}, {"model": "auth.permission", "pk": 8, "fields": {"name": "Can view permission", "content_type": 2, "codename": "view_permission"}}, {"model": "auth.permission", "pk": 9, "fields": {"name": "Can add group", "content_type": 3, "codename": "add_group"}}, {"model": "auth.permission", "pk": 10, "fields": {"name": "Can change group", "content_type": 3, "codename": "change_group"}}, {"model": "auth.permission", "pk": 11, "fields": {"name": "Can delete group", "content_type": 3, "codename": "delete_group"}}, {"model": "auth.permission", "pk": 12, "fields": {"name": "Can view group", "content_type": 3, "codename": "view_group"}}, {"model": "auth.permission", "pk": 13, "fields": {"name": "Can add content type", "content_type": 4, "codename": "add_contenttype"}}, {"model": "auth.permission", "pk": 14, "fields": {"name": "Can change content type", "content_type": 4, "codename": "change_contenttype"}}, {"model": "auth.permission", "pk": 15, "fields": {"name": "Can delete content type", "content_type": 4, "codename": "delete_contenttype"}}, {"model": "auth.permission", "pk": 16, "fields": {"name": "Can view content type", "content_type": 4, "codename": "view_contenttype"}}, {"model": "auth.permission", "pk": 17, "fields": {"name": "Can add session", "content_type": 5, "codename": "add_session"}}, {"model": "auth.permission", "pk": 18, "fields": {"name": "Can change session", "content_type": 5, "codename": "change_session"}}, {"model": "auth.permission", "pk": 19, "fields": {"name": "Can delete session", "content_type": 5, "codename": "delete_session"}}, {"model": "auth.permission", "pk": 20, "fields": {"name": "Can view session", "content_type": 5, "codename": "view_session"}}, {"model": "auth.permission", "pk": 21, "fields": {"name": "Can add About", "content_type": 6, "codename": "add_about"}}, {"model": "auth.permission", "pk": 22, "fields": {"name": "Can change About", "content_type": 6, "codename": "change_about"}}, {"model": "auth.permission", "pk": 23, "fields": {"name": "Can delete About", "content_type": 6, "codename": "delete_about"}}, {"model": "auth.permission", "pk": 24, "fields": {"name": "Can view About", "content_type": 6, "codename": "view_about"}}, {"model": "auth.permission", "pk": 25, "fields": {"name": "Can add advertisement", "content_type": 7, "codename": "add_advertisement"}}, {"model": "auth.permission", "pk": 26, "fields": {"name": "Can change advertisement", "content_type": 7, "codename": "change_advertisement"}}, {"model": "auth.permission", "pk": 27, "fields": {"name": "Can delete advertisement", "content_type": 7, "codename": "delete_advertisement"}}, {"model": "auth.permission", "pk": 28, "fields": {"name": "Can view advertisement", "content_type": 7, "codename": "view_advertisement"}}, {"model": "auth.permission", "pk": 29, "fields": {"name": "Can add blog", "content_type": 8, "codename": "add_blog"}}, {"model": "auth.permission", "pk": 30, "fields": {"name": "Can change blog", "content_type": 8, "codename": "change_blog"}}, {"model": "auth.permission", "pk": 31, "fields": {"name": "Can delete blog", "content_type": 8, "codename": "delete_blog"}}, {"model": "auth.permission", "pk": 32, "fields": {"name": "Can view blog", "content_type": 8, "codename": "view_blog"}}, {"model": "auth.permission", "pk": 33, "fields": {"name": "Can add Company Information", "content_type": 9, "codename": "add_companyinfo"}}, {"model": "auth.permission", "pk": 34, "fields": {"name": "Can change Company Information", "content_type": 9, "codename": "change_companyinfo"}}, {"model": "auth.permission", "pk": 35, "fields": {"name": "Can delete Company Information", "content_type": 9, "codename": "delete_companyinfo"}}, {"model": "auth.permission", "pk": 36, "fields": {"name": "Can view Company Information", "content_type": 9, "codename": "view_companyinfo"}}, {"model": "auth.permission", "pk": 37, "fields": {"name": "Can add Contact Query", "content_type": 10, "codename": "add_contact"}}, {"model": "auth.permission", "pk": 38, "fields": {"name": "Can change Contact Query", "content_type": 10, "codename": "change_contact"}}, {"model": "auth.permission", "pk": 39, "fields": {"name": "Can delete Contact Query", "content_type": 10, "codename": "delete_contact"}}, {"model": "auth.permission", "pk": 40, "fields": {"name": "Can view Contact Query", "content_type": 10, "codename": "view_contact"}}, {"model": "auth.permission", "pk": 41, "fields": {"name": "Can add Customer Pick Review", "content_type": 11, "codename": "add_customerpickreview"}}, {"model": "auth.permission", "pk": 42, "fields": {"name": "Can change Customer Pick Review", "content_type": 11, "codename": "change_customerpickreview"}}, {"model": "auth.permission", "pk": 43, "fields": {"name": "Can delete Customer Pick Review", "content_type": 11, "codename": "delete_customerpickreview"}}, {"model": "auth.permission", "pk": 44, "fields": {"name": "Can view Customer Pick Review", "content_type": 11, "codename": "view_customerpickreview"}}, {"model": "auth.permission", "pk": 45, "fields": {"name": "Can add custom page", "content_type": 12, "codename": "add_custompage"}}, {"model": "auth.permission", "pk": 46, "fields": {"name": "Can change custom page", "content_type": 12, "codename": "change_custompage"}}, {"model": "auth.permission", "pk": 47, "fields": {"name": "Can delete custom page", "content_type": 12, "codename": "delete_custompage"}}, {"model": "auth.permission", "pk": 48, "fields": {"name": "Can view custom page", "content_type": 12, "codename": "view_custompage"}}, {"model": "auth.permission", "pk": 49, "fields": {"name": "Can add home section", "content_type": 13, "codename": "add_homesection"}}, {"model": "auth.permission", "pk": 50, "fields": {"name": "Can change home section", "content_type": 13, "codename": "change_homesection"}}, {"model": "auth.permission", "pk": 51, "fields": {"name": "Can delete home section", "content_type": 13, "codename": "delete_homesection"}}, {"model": "auth.permission", "pk": 52, "fields": {"name": "Can view home section", "content_type": 13, "codename": "view_homesection"}}, {"model": "auth.permission", "pk": 53, "fields": {"name": "Can add Home Slider", "content_type": 14, "codename": "add_homeslider"}}, {"model": "auth.permission", "pk": 54, "fields": {"name": "Can change Home Slider", "content_type": 14, "codename": "change_homeslider"}}, {"model": "auth.permission", "pk": 55, "fields": {"name": "Can delete Home Slider", "content_type": 14, "codename": "delete_homeslider"}}, {"model": "auth.permission", "pk": 56, "fields": {"name": "Can view Home Slider", "content_type": 14, "codename": "view_homeslider"}}, {"model": "auth.permission", "pk": 57, "fields": {"name": "Can add Newsletter Subscription", "content_type": 15, "codename": "add_newsletter"}}, {"model": "auth.permission", "pk": 58, "fields": {"name": "Can change Newsletter Subscription", "content_type": 15, "codename": "change_newsletter"}}, {"model": "auth.permission", "pk": 59, "fields": {"name": "Can delete Newsletter Subscription", "content_type": 15, "codename": "delete_newsletter"}}, {"model": "auth.permission", "pk": 60, "fields": {"name": "Can view Newsletter Subscription", "content_type": 15, "codename": "view_newsletter"}}, {"model": "auth.permission", "pk": 61, "fields": {"name": "Can add phone otp", "content_type": 16, "codename": "add_phoneotp"}}, {"model": "auth.permission", "pk": 62, "fields": {"name": "Can change phone otp", "content_type": 16, "codename": "change_phoneotp"}}, {"model": "auth.permission", "pk": 63, "fields": {"name": "Can delete phone otp", "content_type": 16, "codename": "delete_phoneotp"}}, {"model": "auth.permission", "pk": 64, "fields": {"name": "Can view phone otp", "content_type": 16, "codename": "view_phoneotp"}}, {"model": "auth.permission", "pk": 65, "fields": {"name": "Can add Pickup Address", "content_type": 17, "codename": "add_pickupaddress"}}, {"model": "auth.permission", "pk": 66, "fields": {"name": "Can change Pickup Address", "content_type": 17, "codename": "change_pickupaddress"}}, {"model": "auth.permission", "pk": 67, "fields": {"name": "Can delete Pickup Address", "content_type": 17, "codename": "delete_pickupaddress"}}, {"model": "auth.permission", "pk": 68, "fields": {"name": "Can view Pickup Address", "content_type": 17, "codename": "view_pickupaddress"}}, {"model": "auth.permission", "pk": 69, "fields": {"name": "Can add position", "content_type": 18, "codename": "add_position"}}, {"model": "auth.permission", "pk": 70, "fields": {"name": "Can change position", "content_type": 18, "codename": "change_position"}}, {"model": "auth.permission", "pk": 71, "fields": {"name": "Can delete position", "content_type": 18, "codename": "delete_position"}}, {"model": "auth.permission", "pk": 72, "fields": {"name": "Can view position", "content_type": 18, "codename": "view_position"}}, {"model": "auth.permission", "pk": 73, "fields": {"name": "Can add Success Story", "content_type": 19, "codename": "add_successstory"}}, {"model": "auth.permission", "pk": 74, "fields": {"name": "Can change Success Story", "content_type": 19, "codename": "change_successstory"}}, {"model": "auth.permission", "pk": 75, "fields": {"name": "Can delete Success Story", "content_type": 19, "codename": "delete_successstory"}}, {"model": "auth.permission", "pk": 76, "fields": {"name": "Can view Success Story", "content_type": 19, "codename": "view_successstory"}}, {"model": "auth.permission", "pk": 77, "fields": {"name": "Can add Testimonial", "content_type": 20, "codename": "add_testimonial"}}, {"model": "auth.permission", "pk": 78, "fields": {"name": "Can change Testimonial", "content_type": 20, "codename": "change_testimonial"}}, {"model": "auth.permission", "pk": 79, "fields": {"name": "Can delete Testimonial", "content_type": 20, "codename": "delete_testimonial"}}, {"model": "auth.permission", "pk": 80, "fields": {"name": "Can view Testimonial", "content_type": 20, "codename": "view_testimonial"}}, {"model": "auth.permission", "pk": 81, "fields": {"name": "Can add user", "content_type": 21, "codename": "add_user"}}, {"model": "auth.permission", "pk": 82, "fields": {"name": "Can change user", "content_type": 21, "codename": "change_user"}}, {"model": "auth.permission", "pk": 83, "fields": {"name": "Can delete user", "content_type": 21, "codename": "delete_user"}}, {"model": "auth.permission", "pk": 84, "fields": {"name": "Can view user", "content_type": 21, "codename": "view_user"}}, {"model": "auth.permission", "pk": 85, "fields": {"name": "Can add address", "content_type": 22, "codename": "add_address"}}, {"model": "auth.permission", "pk": 86, "fields": {"name": "Can change address", "content_type": 22, "codename": "change_address"}}, {"model": "auth.permission", "pk": 87, "fields": {"name": "Can delete address", "content_type": 22, "codename": "delete_address"}}, {"model": "auth.permission", "pk": 88, "fields": {"name": "Can view address", "content_type": 22, "codename": "view_address"}}, {"model": "auth.permission", "pk": 89, "fields": {"name": "Can add Category", "content_type": 23, "codename": "add_category"}}, {"model": "auth.permission", "pk": 90, "fields": {"name": "Can change Category", "content_type": 23, "codename": "change_category"}}, {"model": "auth.permission", "pk": 91, "fields": {"name": "Can delete Category", "content_type": 23, "codename": "delete_category"}}, {"model": "auth.permission", "pk": 92, "fields": {"name": "Can view Category", "content_type": 23, "codename": "view_category"}}, {"model": "auth.permission", "pk": 93, "fields": {"name": "Can add customer", "content_type": 24, "codename": "add_customer"}}, {"model": "auth.permission", "pk": 94, "fields": {"name": "Can change customer", "content_type": 24, "codename": "change_customer"}}, {"model": "auth.permission", "pk": 95, "fields": {"name": "Can delete customer", "content_type": 24, "codename": "delete_customer"}}, {"model": "auth.permission", "pk": 96, "fields": {"name": "Can view customer", "content_type": 24, "codename": "view_customer"}}, {"model": "auth.permission", "pk": 97, "fields": {"name": "Can add Menu", "content_type": 25, "codename": "add_menu"}}, {"model": "auth.permission", "pk": 98, "fields": {"name": "Can change Menu", "content_type": 25, "codename": "change_menu"}}, {"model": "auth.permission", "pk": 99, "fields": {"name": "Can delete Menu", "content_type": 25, "codename": "delete_menu"}}, {"model": "auth.permission", "pk": 100, "fields": {"name": "Can view Menu", "content_type": 25, "codename": "view_menu"}}, {"model": "auth.permission", "pk": 101, "fields": {"name": "Can add mlm member", "content_type": 26, "codename": "add_mlmmember"}}, {"model": "auth.permission", "pk": 102, "fields": {"name": "Can change mlm member", "content_type": 26, "codename": "change_mlmmember"}}, {"model": "auth.permission", "pk": 103, "fields": {"name": "Can delete mlm member", "content_type": 26, "codename": "delete_mlmmember"}}, {"model": "auth.permission", "pk": 104, "fields": {"name": "Can view mlm member", "content_type": 26, "codename": "view_mlmmember"}}, {"model": "auth.permission", "pk": 105, "fields": {"name": "Can add bank details", "content_type": 27, "codename": "add_bankdetails"}}, {"model": "auth.permission", "pk": 106, "fields": {"name": "Can change bank details", "content_type": 27, "codename": "change_bankdetails"}}, {"model": "auth.permission", "pk": 107, "fields": {"name": "Can delete bank details", "content_type": 27, "codename": "delete_bankdetails"}}, {"model": "auth.permission", "pk": 108, "fields": {"name": "Can view bank details", "content_type": 27, "codename": "view_bankdetails"}}, {"model": "auth.permission", "pk": 109, "fields": {"name": "Can add notification", "content_type": 28, "codename": "add_notification"}}, {"model": "auth.permission", "pk": 110, "fields": {"name": "Can change notification", "content_type": 28, "codename": "change_notification"}}, {"model": "auth.permission", "pk": 111, "fields": {"name": "Can delete notification", "content_type": 28, "codename": "delete_notification"}}, {"model": "auth.permission", "pk": 112, "fields": {"name": "Can view notification", "content_type": 28, "codename": "view_notification"}}, {"model": "auth.permission", "pk": 113, "fields": {"name": "Can add order", "content_type": 29, "codename": "add_order"}}, {"model": "auth.permission", "pk": 114, "fields": {"name": "Can change order", "content_type": 29, "codename": "change_order"}}, {"model": "auth.permission", "pk": 115, "fields": {"name": "Can delete order", "content_type": 29, "codename": "delete_order"}}, {"model": "auth.permission", "pk": 116, "fields": {"name": "Can view order", "content_type": 29, "codename": "view_order"}}, {"model": "auth.permission", "pk": 117, "fields": {"name": "Can add password reset request", "content_type": 30, "codename": "add_passwordresetrequest"}}, {"model": "auth.permission", "pk": 118, "fields": {"name": "Can change password reset request", "content_type": 30, "codename": "change_passwordresetrequest"}}, {"model": "auth.permission", "pk": 119, "fields": {"name": "Can delete password reset request", "content_type": 30, "codename": "delete_passwordresetrequest"}}, {"model": "auth.permission", "pk": 120, "fields": {"name": "Can view password reset request", "content_type": 30, "codename": "view_passwordresetrequest"}}, {"model": "auth.permission", "pk": 121, "fields": {"name": "Can add commission activation request", "content_type": 31, "codename": "add_commissionactivationrequest"}}, {"model": "auth.permission", "pk": 122, "fields": {"name": "Can change commission activation request", "content_type": 31, "codename": "change_commissionactivationrequest"}}, {"model": "auth.permission", "pk": 123, "fields": {"name": "Can delete commission activation request", "content_type": 31, "codename": "delete_commissionactivationrequest"}}, {"model": "auth.permission", "pk": 124, "fields": {"name": "Can view commission activation request", "content_type": 31, "codename": "view_commissionactivationrequest"}}, {"model": "auth.permission", "pk": 125, "fields": {"name": "Can add product", "content_type": 32, "codename": "add_product"}}, {"model": "auth.permission", "pk": 126, "fields": {"name": "Can change product", "content_type": 32, "codename": "change_product"}}, {"model": "auth.permission", "pk": 127, "fields": {"name": "Can delete product", "content_type": 32, "codename": "delete_product"}}, {"model": "auth.permission", "pk": 128, "fields": {"name": "Can view product", "content_type": 32, "codename": "view_product"}}, {"model": "auth.permission", "pk": 129, "fields": {"name": "Can add order item", "content_type": 33, "codename": "add_orderitem"}}, {"model": "auth.permission", "pk": 130, "fields": {"name": "Can change order item", "content_type": 33, "codename": "change_orderitem"}}, {"model": "auth.permission", "pk": 131, "fields": {"name": "Can delete order item", "content_type": 33, "codename": "delete_orderitem"}}, {"model": "auth.permission", "pk": 132, "fields": {"name": "Can view order item", "content_type": 33, "codename": "view_orderitem"}}, {"model": "auth.permission", "pk": 133, "fields": {"name": "Can add product faq", "content_type": 34, "codename": "add_productfaq"}}, {"model": "auth.permission", "pk": 134, "fields": {"name": "Can change product faq", "content_type": 34, "codename": "change_productfaq"}}, {"model": "auth.permission", "pk": 135, "fields": {"name": "Can delete product faq", "content_type": 34, "codename": "delete_productfaq"}}, {"model": "auth.permission", "pk": 136, "fields": {"name": "Can view product faq", "content_type": 34, "codename": "view_productfaq"}}, {"model": "auth.permission", "pk": 137, "fields": {"name": "Can add product feature", "content_type": 35, "codename": "add_productfeature"}}, {"model": "auth.permission", "pk": 138, "fields": {"name": "Can change product feature", "content_type": 35, "codename": "change_productfeature"}}, {"model": "auth.permission", "pk": 139, "fields": {"name": "Can delete product feature", "content_type": 35, "codename": "delete_productfeature"}}, {"model": "auth.permission", "pk": 140, "fields": {"name": "Can view product feature", "content_type": 35, "codename": "view_productfeature"}}, {"model": "auth.permission", "pk": 141, "fields": {"name": "Can add product image", "content_type": 36, "codename": "add_productimage"}}, {"model": "auth.permission", "pk": 142, "fields": {"name": "Can change product image", "content_type": 36, "codename": "change_productimage"}}, {"model": "auth.permission", "pk": 143, "fields": {"name": "Can delete product image", "content_type": 36, "codename": "delete_productimage"}}, {"model": "auth.permission", "pk": 144, "fields": {"name": "Can view product image", "content_type": 36, "codename": "view_productimage"}}, {"model": "auth.permission", "pk": 145, "fields": {"name": "Can add Shipment", "content_type": 37, "codename": "add_shipment"}}, {"model": "auth.permission", "pk": 146, "fields": {"name": "Can change Shipment", "content_type": 37, "codename": "change_shipment"}}, {"model": "auth.permission", "pk": 147, "fields": {"name": "Can delete Shipment", "content_type": 37, "codename": "delete_shipment"}}, {"model": "auth.permission", "pk": 148, "fields": {"name": "Can view Shipment", "content_type": 37, "codename": "view_shipment"}}, {"model": "auth.permission", "pk": 149, "fields": {"name": "Can add Shipment Status Update", "content_type": 38, "codename": "add_shipmentstatusupdate"}}, {"model": "auth.permission", "pk": 150, "fields": {"name": "Can change Shipment Status Update", "content_type": 38, "codename": "change_shipmentstatusupdate"}}, {"model": "auth.permission", "pk": 151, "fields": {"name": "Can delete Shipment Status Update", "content_type": 38, "codename": "delete_shipmentstatusupdate"}}, {"model": "auth.permission", "pk": 152, "fields": {"name": "Can view Shipment Status Update", "content_type": 38, "codename": "view_shipmentstatusupdate"}}, {"model": "auth.permission", "pk": 153, "fields": {"name": "Can add wallet", "content_type": 39, "codename": "add_wallet"}}, {"model": "auth.permission", "pk": 154, "fields": {"name": "Can change wallet", "content_type": 39, "codename": "change_wallet"}}, {"model": "auth.permission", "pk": 155, "fields": {"name": "Can delete wallet", "content_type": 39, "codename": "delete_wallet"}}, {"model": "auth.permission", "pk": 156, "fields": {"name": "Can view wallet", "content_type": 39, "codename": "view_wallet"}}, {"model": "auth.permission", "pk": 157, "fields": {"name": "Can add wallet transaction", "content_type": 40, "codename": "add_wallettransaction"}}, {"model": "auth.permission", "pk": 158, "fields": {"name": "Can change wallet transaction", "content_type": 40, "codename": "change_wallettransaction"}}, {"model": "auth.permission", "pk": 159, "fields": {"name": "Can delete wallet transaction", "content_type": 40, "codename": "delete_wallettransaction"}}, {"model": "auth.permission", "pk": 160, "fields": {"name": "Can view wallet transaction", "content_type": 40, "codename": "view_wallettransaction"}}, {"model": "auth.permission", "pk": 161, "fields": {"name": "Can add withdrawal request", "content_type": 41, "codename": "add_withdrawalrequest"}}, {"model": "auth.permission", "pk": 162, "fields": {"name": "Can change withdrawal request", "content_type": 41, "codename": "change_withdrawalrequest"}}, {"model": "auth.permission", "pk": 163, "fields": {"name": "Can delete withdrawal request", "content_type": 41, "codename": "delete_withdrawalrequest"}}, {"model": "auth.permission", "pk": 164, "fields": {"name": "Can view withdrawal request", "content_type": 41, "codename": "view_withdrawalrequest"}}, {"model": "auth.permission", "pk": 165, "fields": {"name": "Can add kyc document", "content_type": 42, "codename": "add_kycdocument"}}, {"model": "auth.permission", "pk": 166, "fields": {"name": "Can change kyc document", "content_type": 42, "codename": "change_kycdocument"}}, {"model": "auth.permission", "pk": 167, "fields": {"name": "Can delete kyc document", "content_type": 42, "codename": "delete_kycdocument"}}, {"model": "auth.permission", "pk": 168, "fields": {"name": "Can view kyc document", "content_type": 42, "codename": "view_kycdocument"}}, {"model": "auth.permission", "pk": 169, "fields": {"name": "Can add commission", "content_type": 43, "codename": "add_commission"}}, {"model": "auth.permission", "pk": 170, "fields": {"name": "Can change commission", "content_type": 43, "codename": "change_commission"}}, {"model": "auth.permission", "pk": 171, "fields": {"name": "Can delete commission", "content_type": 43, "codename": "delete_commission"}}, {"model": "auth.permission", "pk": 172, "fields": {"name": "Can view commission", "content_type": 43, "codename": "view_commission"}}, {"model": "auth.permission", "pk": 173, "fields": {"name": "Can add meta tag", "content_type": 44, "codename": "add_metatag"}}, {"model": "auth.permission", "pk": 174, "fields": {"name": "Can change meta tag", "content_type": 44, "codename": "change_metatag"}}, {"model": "auth.permission", "pk": 175, "fields": {"name": "Can delete meta tag", "content_type": 44, "codename": "delete_metatag"}}, {"model": "auth.permission", "pk": 176, "fields": {"name": "Can view meta tag", "content_type": 44, "codename": "view_metatag"}}, {"model": "auth.permission", "pk": 177, "fields": {"name": "Can add shipping config", "content_type": 45, "codename": "add_shippingconfig"}}, {"model": "auth.permission", "pk": 178, "fields": {"name": "Can change shipping config", "content_type": 45, "codename": "change_shippingconfig"}}, {"model": "auth.permission", "pk": 179, "fields": {"name": "Can delete shipping config", "content_type": 45, "codename": "delete_shippingconfig"}}, {"model": "auth.permission", "pk": 180, "fields": {"name": "Can view shipping config", "content_type": 45, "codename": "view_shippingconfig"}}, {"model": "auth.permission", "pk": 181, "fields": {"name": "Can add shipping address", "content_type": 46, "codename": "add_shippingaddress"}}, {"model": "auth.permission", "pk": 182, "fields": {"name": "Can change shipping address", "content_type": 46, "codename": "change_shippingaddress"}}, {"model": "auth.permission", "pk": 183, "fields": {"name": "Can delete shipping address", "content_type": 46, "codename": "delete_shippingaddress"}}, {"model": "auth.permission", "pk": 184, "fields": {"name": "Can view shipping address", "content_type": 46, "codename": "view_shippingaddress"}}, {"model": "auth.permission", "pk": 185, "fields": {"name": "Can add shipping rate", "content_type": 47, "codename": "add_shippingrate"}}, {"model": "auth.permission", "pk": 186, "fields": {"name": "Can change shipping rate", "content_type": 47, "codename": "change_shippingrate"}}, {"model": "auth.permission", "pk": 187, "fields": {"name": "Can delete shipping rate", "content_type": 47, "codename": "delete_shippingrate"}}, {"model": "auth.permission", "pk": 188, "fields": {"name": "Can view shipping rate", "content_type": 47, "codename": "view_shippingrate"}}, {"model": "auth.permission", "pk": 189, "fields": {"name": "Can add staff permission", "content_type": 48, "codename": "add_staffpermission"}}, {"model": "auth.permission", "pk": 190, "fields": {"name": "Can change staff permission", "content_type": 48, "codename": "change_staffpermission"}}, {"model": "auth.permission", "pk": 191, "fields": {"name": "Can delete staff permission", "content_type": 48, "codename": "delete_staffpermission"}}, {"model": "auth.permission", "pk": 192, "fields": {"name": "Can view staff permission", "content_type": 48, "codename": "view_staffpermission"}}, {"model": "auth.permission", "pk": 193, "fields": {"name": "Can add staff role", "content_type": 49, "codename": "add_staffrole"}}, {"model": "auth.permission", "pk": 194, "fields": {"name": "Can change staff role", "content_type": 49, "codename": "change_staffrole"}}, {"model": "auth.permission", "pk": 195, "fields": {"name": "Can delete staff role", "content_type": 49, "codename": "delete_staffrole"}}, {"model": "auth.permission", "pk": 196, "fields": {"name": "Can view staff role", "content_type": 49, "codename": "view_staffrole"}}, {"model": "auth.permission", "pk": 197, "fields": {"name": "Can add staff member", "content_type": 50, "codename": "add_staffmember"}}, {"model": "auth.permission", "pk": 198, "fields": {"name": "Can change staff member", "content_type": 50, "codename": "change_staffmember"}}, {"model": "auth.permission", "pk": 199, "fields": {"name": "Can delete staff member", "content_type": 50, "codename": "delete_staffmember"}}, {"model": "auth.permission", "pk": 200, "fields": {"name": "Can view staff member", "content_type": 50, "codename": "view_staffmember"}}, {"model": "contenttypes.contenttype", "pk": 1, "fields": {"app_label": "admin", "model": "logentry"}}, {"model": "contenttypes.contenttype", "pk": 2, "fields": {"app_label": "auth", "model": "permission"}}, {"model": "contenttypes.contenttype", "pk": 3, "fields": {"app_label": "auth", "model": "group"}}, {"model": "contenttypes.contenttype", "pk": 4, "fields": {"app_label": "contenttypes", "model": "contenttype"}}, {"model": "contenttypes.contenttype", "pk": 5, "fields": {"app_label": "sessions", "model": "session"}}, {"model": "contenttypes.contenttype", "pk": 6, "fields": {"app_label": "home", "model": "about"}}, {"model": "contenttypes.contenttype", "pk": 7, "fields": {"app_label": "home", "model": "advertisement"}}, {"model": "contenttypes.contenttype", "pk": 8, "fields": {"app_label": "home", "model": "blog"}}, {"model": "contenttypes.contenttype", "pk": 9, "fields": {"app_label": "home", "model": "companyinfo"}}, {"model": "contenttypes.contenttype", "pk": 10, "fields": {"app_label": "home", "model": "contact"}}, {"model": "contenttypes.contenttype", "pk": 11, "fields": {"app_label": "home", "model": "customerpickreview"}}, {"model": "contenttypes.contenttype", "pk": 12, "fields": {"app_label": "home", "model": "custompage"}}, {"model": "contenttypes.contenttype", "pk": 13, "fields": {"app_label": "home", "model": "homesection"}}, {"model": "contenttypes.contenttype", "pk": 14, "fields": {"app_label": "home", "model": "homeslider"}}, {"model": "contenttypes.contenttype", "pk": 15, "fields": {"app_label": "home", "model": "newsletter"}}, {"model": "contenttypes.contenttype", "pk": 16, "fields": {"app_label": "home", "model": "phoneotp"}}, {"model": "contenttypes.contenttype", "pk": 17, "fields": {"app_label": "home", "model": "pickupaddress"}}, {"model": "contenttypes.contenttype", "pk": 18, "fields": {"app_label": "home", "model": "position"}}, {"model": "contenttypes.contenttype", "pk": 19, "fields": {"app_label": "home", "model": "successstory"}}, {"model": "contenttypes.contenttype", "pk": 20, "fields": {"app_label": "home", "model": "testimonial"}}, {"model": "contenttypes.contenttype", "pk": 21, "fields": {"app_label": "home", "model": "user"}}, {"model": "contenttypes.contenttype", "pk": 22, "fields": {"app_label": "home", "model": "address"}}, {"model": "contenttypes.contenttype", "pk": 23, "fields": {"app_label": "home", "model": "category"}}, {"model": "contenttypes.contenttype", "pk": 24, "fields": {"app_label": "home", "model": "customer"}}, {"model": "contenttypes.contenttype", "pk": 25, "fields": {"app_label": "home", "model": "menu"}}, {"model": "contenttypes.contenttype", "pk": 26, "fields": {"app_label": "home", "model": "mlmmember"}}, {"model": "contenttypes.contenttype", "pk": 27, "fields": {"app_label": "home", "model": "bankdetails"}}, {"model": "contenttypes.contenttype", "pk": 28, "fields": {"app_label": "home", "model": "notification"}}, {"model": "contenttypes.contenttype", "pk": 29, "fields": {"app_label": "home", "model": "order"}}, {"model": "contenttypes.contenttype", "pk": 30, "fields": {"app_label": "home", "model": "passwordresetrequest"}}, {"model": "contenttypes.contenttype", "pk": 31, "fields": {"app_label": "home", "model": "commissionactivationrequest"}}, {"model": "contenttypes.contenttype", "pk": 32, "fields": {"app_label": "home", "model": "product"}}, {"model": "contenttypes.contenttype", "pk": 33, "fields": {"app_label": "home", "model": "orderitem"}}, {"model": "contenttypes.contenttype", "pk": 34, "fields": {"app_label": "home", "model": "productfaq"}}, {"model": "contenttypes.contenttype", "pk": 35, "fields": {"app_label": "home", "model": "productfeature"}}, {"model": "contenttypes.contenttype", "pk": 36, "fields": {"app_label": "home", "model": "productimage"}}, {"model": "contenttypes.contenttype", "pk": 37, "fields": {"app_label": "home", "model": "shipment"}}, {"model": "contenttypes.contenttype", "pk": 38, "fields": {"app_label": "home", "model": "shipmentstatusupdate"}}, {"model": "contenttypes.contenttype", "pk": 39, "fields": {"app_label": "home", "model": "wallet"}}, {"model": "contenttypes.contenttype", "pk": 40, "fields": {"app_label": "home", "model": "wallettransaction"}}, {"model": "contenttypes.contenttype", "pk": 41, "fields": {"app_label": "home", "model": "withdrawalrequest"}}, {"model": "contenttypes.contenttype", "pk": 42, "fields": {"app_label": "home", "model": "kycdocument"}}, {"model": "contenttypes.contenttype", "pk": 43, "fields": {"app_label": "home", "model": "commission"}}, {"model": "contenttypes.contenttype", "pk": 44, "fields": {"app_label": "home", "model": "metatag"}}, {"model": "contenttypes.contenttype", "pk": 45, "fields": {"app_label": "home", "model": "shippingconfig"}}, {"model": "contenttypes.contenttype", "pk": 46, "fields": {"app_label": "home", "model": "shippingaddress"}}, {"model": "contenttypes.contenttype", "pk": 47, "fields": {"app_label": "home", "model": "shippingrate"}}, {"model": "contenttypes.contenttype", "pk": 48, "fields": {"app_label": "home", "model": "staffpermission"}}, {"model": "contenttypes.contenttype", "pk": 49, "fields": {"app_label": "home", "model": "staffrole"}}, {"model": "contenttypes.contenttype", "pk": 50, "fields": {"app_label": "home", "model": "staffmember"}}, {"model": "sessions.session", "pk": "k2v9dz8umdf0poit62y0q40cct9apq9o", "fields": {"session_data": ".eJxVjMEOwiAQRP-FsyFAhbIevfcbyLILUjU0Ke3J-O9K0oMeZ96beYmA-1bC3tIaZhYXocXpt4tIj1Q74DvW2yJpqds6R9kVedAmp4XT83q4fwcFW-nrs43KqYEADChLNvtkBo1KJVLGgB4JtUuQDTCOlNl8o3fgmTWAs-L9AclHN0s:1tvEBo:EGwu4hHW3cMnbIIKDpjo7Q0y_uEUa9zgRr1XUyippe0", "expire_date": "2025-04-03T11:35:56.160Z"}}, {"model": "home.user", "pk": 1, "fields": {"password": "pbkdf2_sha256$870000$DWcnTcMMPaORR3MQwRkfM6$Cawz8bM1ql+godW7AzupazFgUr7cPjVTvYwXnu+qzwo=", "last_login": "2025-03-20T11:35:56.157Z", "is_superuser": true, "first_name": "", "last_name": "", "is_staff": true, "is_active": true, "date_joined": "2025-03-19T09:46:32.625Z", "username": "Trygon", "role": "ADMIN", "phone_number": null, "email": "info@trygon.in", "groups": [], "user_permissions": []}}, {"model": "home.user", "pk": 2, "fields": {"password": "pbkdf2_sha256$870000$ptfqvk32lwjPo4NUOwpAUs$puZ/YNrx1HQviahH/71pF+vUN8TeHGXowMsecTjLew0=", "last_login": null, "is_superuser": true, "first_name": "", "last_name": "", "is_staff": true, "is_active": true, "date_joined": "2025-03-19T09:48:24.415Z", "username": "nbhartia", "role": "ADMIN", "phone_number": null, "email": "navneetbhartia@gmail.com", "groups": [], "user_permissions": []}}, {"model": "home.user", "pk": 3, "fields": {"password": "pbkdf2_sha256$870000$y6rzr3l2YkVRHPXqcw0vjX$pGeriAO6u5avGxLB9lX/fj4rOCk1r8rs2p28dx9CXBA=", "last_login": null, "is_superuser": false, "first_name": "nidhi", "last_name": "j", "is_staff": false, "is_active": true, "date_joined": "2025-03-19T10:39:30.169Z", "username": "nidhi", "role": "MLM_MEMBER", "phone_number": "8898898989", "email": "ni@gmail.com", "groups": [], "user_permissions": []}}, {"model": "home.user", "pk": 4, "fields": {"password": "pbkdf2_sha256$870000$Ioggics2KGI0vsU8xkuMfe$7x3kJ6wid7rUW2mkn4gQ/RQjQsB4C/W4ErpoXzi2eVo=", "last_login": null, "is_superuser": false, "first_name": "aditi", "last_name": "k", "is_staff": false, "is_active": true, "date_joined": "2025-03-19T10:40:46.123Z", "username": "aditi", "role": "MLM_MEMBER", "phone_number": "8877877788", "email": "adi@gmail.com", "groups": [], "user_permissions": []}}, {"model": "home.user", "pk": 5, "fields": {"password": "pbkdf2_sha256$870000$lKrDn4FbmAPqxWhybGuePs$o3AHZJPwYuvkOnsGbsz4fbMkrSkJmJrUxbW+K4sVE5o=", "last_login": null, "is_superuser": false, "first_name": "yuvi", "last_name": "k", "is_staff": false, "is_active": true, "date_joined": "2025-03-19T10:42:01.077Z", "username": "yuvi", "role": "MLM_MEMBER", "phone_number": "9988998899", "email": "yu@gmail.com", "groups": [], "user_permissions": []}}, {"model": "home.user", "pk": 6, "fields": {"password": "pbkdf2_sha256$870000$9ikdD0OOJegNxIylV8Ya3j$/iYFN94tDhbGt2Q4qcFGXdr2xQQqJv3DBb1VzRzywFk=", "last_login": null, "is_superuser": false, "first_name": "jay", "last_name": "s", "is_staff": false, "is_active": true, "date_joined": "2025-03-19T10:44:52.508Z", "username": "jay", "role": "MLM_MEMBER", "phone_number": "7766776677", "email": "jay@gmail.com", "groups": [], "user_permissions": []}}, {"model": "home.user", "pk": 7, "fields": {"password": "pbkdf2_sha256$870000$SFP7jJfmuVNxcDiq7DDR7V$+5ynCEw1ktRlEKEcirD2zg9dUS/KHXazqeqOTocMFJs=", "last_login": null, "is_superuser": false, "first_name": "veer", "last_name": "s", "is_staff": false, "is_active": true, "date_joined": "2025-03-19T10:45:59.514Z", "username": "veer", "role": "MLM_MEMBER", "phone_number": "9988998895", "email": "vee@gmail.com", "groups": [], "user_permissions": []}}, {"model": "home.user", "pk": 8, "fields": {"password": "pbkdf2_sha256$870000$nrpO1xT8JxMItKXnvLNPTi$bjBi6Mu8kn/W5noDfDi3CCNw/jkhwnB3UFfqpUV+5b0=", "last_login": null, "is_superuser": false, "first_name": "Hari", "last_name": "S", "is_staff": false, "is_active": true, "date_joined": "2025-03-19T10:47:34.903Z", "username": "Hari", "role": "MLM_MEMBER", "phone_number": "7788778877", "email": "har@gmail.com", "groups": [], "user_permissions": []}}, {"model": "home.user", "pk": 9, "fields": {"password": "pbkdf2_sha256$870000$QnlkI3r0mFucUz0R88ixjK$xG2eSwTIjJp5etxEcD/ix1qpJsPB2aGVpGR1aRbYsS4=", "last_login": null, "is_superuser": false, "first_name": "isha", "last_name": "k", "is_staff": false, "is_active": true, "date_joined": "2025-03-19T10:48:30.694Z", "username": "isha", "role": "MLM_MEMBER", "phone_number": "8855885588", "email": "ish@gamil.com", "groups": [], "user_permissions": []}}, {"model": "home.user", "pk": 10, "fields": {"password": "pbkdf2_sha256$870000$JH2HDKLt86edDY1BRpjd3s$Z6nHoDJNi9E/goiPCLZ+9SJnrLUs+9MKdnkoPCSPPtI=", "last_login": null, "is_superuser": false, "first_name": "vishnu", "last_name": "k", "is_staff": false, "is_active": true, "date_joined": "2025-03-19T10:50:17.940Z", "username": "vishnu", "role": "MLM_MEMBER", "phone_number": "9955887766", "email": "vi@gmail.com", "groups": [], "user_permissions": []}}, {"model": "home.user", "pk": 11, "fields": {"password": "pbkdf2_sha256$870000$IYTKfwrSZO1uohulwRidAS$js7vF2vOKLA7TsOIS6s2h+j15zw+LvpGpjtBQ1M9A0c=", "last_login": null, "is_superuser": false, "first_name": "om", "last_name": "k", "is_staff": false, "is_active": true, "date_joined": "2025-03-19T10:51:33.692Z", "username": "om", "role": "MLM_MEMBER", "phone_number": "6657668668", "email": "om@gmail.com", "groups": [], "user_permissions": []}}, {"model": "home.user", "pk": 12, "fields": {"password": "pbkdf2_sha256$870000$4T9nJUc54jdDXTtsKf1S2d$lq4l1seQ+8HSkD2fcLTLQt18C2vkvwYCkjhHxLGjCi4=", "last_login": null, "is_superuser": false, "first_name": "dev", "last_name": "k", "is_staff": false, "is_active": true, "date_joined": "2025-03-19T10:53:19.516Z", "username": "dev", "role": "MLM_MEMBER", "phone_number": "9966996699", "email": "dev@gmail.com", "groups": [], "user_permissions": []}}, {"model": "home.user", "pk": 13, "fields": {"password": "pbkdf2_sha256$870000$pXYzgUTkdS0KOCafOp91Pj$C2jviXjKsC11FxeoUHP6R46MT4zKspfdLs4OC1mFz0w=", "last_login": null, "is_superuser": false, "first_name": "bhavya", "last_name": "k", "is_staff": false, "is_active": true, "date_joined": "2025-03-19T10:54:40.774Z", "username": "bhavya", "role": "MLM_MEMBER", "phone_number": "8844884488", "email": "bhav@gmail.com", "groups": [], "user_permissions": []}}, {"model": "home.user", "pk": 14, "fields": {"password": "pbkdf2_sha256$870000$v8inpapuBeEucDWsUChJDj$9wwf03GeF+X3fVmRAUuqhe428FrFfbzFR6PP6uzNedg=", "last_login": null, "is_superuser": false, "first_name": "ved", "last_name": "s", "is_staff": false, "is_active": true, "date_joined": "2025-03-19T10:57:21.545Z", "username": "ved", "role": "MLM_MEMBER", "phone_number": "9933993399", "email": "ved@gmail.com", "groups": [], "user_permissions": []}}, {"model": "home.user", "pk": 15, "fields": {"password": "pbkdf2_sha256$870000$U6oyl3xnPPqW3hTvIgM7IU$aMM623V30vontS/RmFFESmTsXNMRZCY+runm/1xDz5Y=", "last_login": null, "is_superuser": false, "first_name": "shorya", "last_name": "k", "is_staff": false, "is_active": true, "date_joined": "2025-03-19T10:59:02.210Z", "username": "shorya", "role": "MLM_MEMBER", "phone_number": "8822882288", "email": "shor@gmail.com", "groups": [], "user_permissions": []}}, {"model": "home.user", "pk": 16, "fields": {"password": "pbkdf2_sha256$870000$e8SPOf4T56ATaahFjGRrkJ$wknqu7yuE57HAlF/3X/iifByFkehh8jAXFS76O4gPg0=", "last_login": null, "is_superuser": false, "first_name": "ram", "last_name": "k", "is_staff": false, "is_active": true, "date_joined": "2025-03-19T11:00:13.283Z", "username": "ram", "role": "MLM_MEMBER", "phone_number": "6698866888", "email": "ran@gmail.com", "groups": [], "user_permissions": []}}, {"model": "home.user", "pk": 17, "fields": {"password": "pbkdf2_sha256$870000$o98dbXDKqBKDUAVibzVXw2$azvwauwXPo+IupWSSFSINshnijG5B9RagLt6JMGxm6Q=", "last_login": null, "is_superuser": false, "first_name": "piyush", "last_name": "k", "is_staff": false, "is_active": true, "date_joined": "2025-03-19T11:01:25.153Z", "username": "piyush", "role": "MLM_MEMBER", "phone_number": "9955995594", "email": "piyu@gmail.com", "groups": [], "user_permissions": []}}, {"model": "home.user", "pk": 18, "fields": {"password": "pbkdf2_sha256$870000$Fw77OznnHbGc8Hua1z9ihJ$m0bMWaao43uO9XaGTlk3VTV6QL9s8wqz5M7Pnul1du0=", "last_login": null, "is_superuser": false, "first_name": "neha", "last_name": "k", "is_staff": false, "is_active": true, "date_joined": "2025-03-19T11:03:57.205Z", "username": "neha", "role": "MLM_MEMBER", "phone_number": "7766776676", "email": "neh@gmail.com", "groups": [], "user_permissions": []}}, {"model": "home.user", "pk": 19, "fields": {"password": "", "last_login": null, "is_superuser": false, "first_name": "vikas", "last_name": "Gupta", "is_staff": false, "is_active": true, "date_joined": "2025-03-19T12:26:17.999Z", "username": "C8851285655", "role": "CUSTOMER", "phone_number": "8851285655", "email": "vikasgupta282@gmail.com", "groups": [], "user_permissions": []}}, {"model": "home.user", "pk": 20, "fields": {"password": "pbkdf2_sha256$870000$XjCKQj2BfT5QZSWcWPyU23$eC4we17uPCkQbjJC5qB+6Gny4FoaHXoC1f62OSzxDgc=", "last_login": null, "is_superuser": false, "first_name": "viksa", "last_name": "gupta", "is_staff": false, "is_active": true, "date_joined": "2025-03-19T12:51:35.923Z", "username": "vikas", "role": "MLM_MEMBER", "phone_number": "8860552680", "email": "trygontechnologies@gmail.com", "groups": [], "user_permissions": []}}, {"model": "home.user", "pk": 21, "fields": {"password": "pbkdf2_sha256$870000$l4jfs9V3eqBRln1FVfHglE$GLlZnciMJlhEAJZmyhLxPnSAIkxJ1MUkqU2STRX8duo=", "last_login": null, "is_superuser": false, "first_name": "vk", "last_name": "gupta", "is_staff": false, "is_active": true, "date_joined": "2025-03-19T14:35:08.892Z", "username": "Vkgupta", "role": "MLM_MEMBER", "phone_number": "7838261534", "email": "yoursolution337@gmail.com", "groups": [], "user_permissions": []}}, {"model": "home.user", "pk": 22, "fields": {"password": "pbkdf2_sha256$870000$HhHzj1dwtdDfZXZ8RNu4CM$C5SXaCbVwnqdBUkgAnyCwNozFVDt62YWRqwALxrhC7Q=", "last_login": null, "is_superuser": false, "first_name": "test", "last_name": "kumar", "is_staff": false, "is_active": true, "date_joined": "2025-03-19T15:33:17.161Z", "username": "testing", "role": "MLM_MEMBER", "phone_number": "9643538460", "email": "tekboys001@gmail.com", "groups": [], "user_permissions": []}}, {"model": "home.user", "pk": 23, "fields": {"password": "pbkdf2_sha256$870000$YIP0YZ4yla2clDXFXgolQu$DPZyeGC1l4KI+EPLcYZE6yyQZsQRdoqeXVBKK4JBo+4=", "last_login": null, "is_superuser": false, "first_name": "Krishna murari", "last_name": "Bhartia", "is_staff": false, "is_active": true, "date_joined": "2025-03-19T16:09:12.862Z", "username": "kbhartia", "role": "MLM_MEMBER", "phone_number": "9199463673", "email": "navneet0621@gmail.com", "groups": [], "user_permissions": []}}, {"model": "home.address", "pk": 1, "fields": {"user": 19, "name": "Office", "street_address": "Rohini Sector", "city": "Delhi", "state": "Delhi", "postal_code": "110085", "is_active": true, "created_at": "2025-03-19T12:27:14.403Z", "updated_at": "2025-03-19T12:27:14.403Z"}}, {"model": "home.address", "pk": 2, "fields": {"user": 23, "name": "home", "street_address": "sikandarpur", "city": "muzaffarpur", "state": "bihar", "postal_code": "842001", "is_active": true, "created_at": "2025-03-19T16:17:38.316Z", "updated_at": "2025-03-19T16:17:38.316Z"}}, {"model": "home.address", "pk": 3, "fields": {"user": 7, "name": "kkk", "street_address": "llll", "city": "llll", "state": "llllll", "postal_code": "888887", "is_active": true, "created_at": "2025-03-19T20:22:18.039Z", "updated_at": "2025-03-19T20:22:18.039Z"}}, {"model": "home.address", "pk": 4, "fields": {"user": 6, "name": "llllll", "street_address": "llllll", "city": "llllll", "state": "lllll", "postal_code": "000000", "is_active": true, "created_at": "2025-03-19T20:24:22.750Z", "updated_at": "2025-03-19T20:24:22.750Z"}}, {"model": "home.address", "pk": 5, "fields": {"user": 5, "name": "iiii", "street_address": "iiii", "city": "iiii", "state": "iiii", "postal_code": "000000", "is_active": true, "created_at": "2025-03-19T20:25:57.706Z", "updated_at": "2025-03-19T20:25:57.706Z"}}, {"model": "home.address", "pk": 6, "fields": {"user": 4, "name": "mmmm", "street_address": "mmm", "city": "mmm", "state": "mmm", "postal_code": "000000", "is_active": true, "created_at": "2025-03-19T20:27:13.354Z", "updated_at": "2025-03-19T20:27:13.354Z"}}, {"model": "home.address", "pk": 7, "fields": {"user": 3, "name": "mmm", "street_address": "lll", "city": "mmm", "state": "kkkk", "postal_code": "000000", "is_active": true, "created_at": "2025-03-19T20:29:57.086Z", "updated_at": "2025-03-19T20:29:57.086Z"}}, {"model": "home.address", "pk": 8, "fields": {"user": 12, "name": "Home", "street_address": "delhi", "city": "delhi", "state": "delhi", "postal_code": "110085", "is_active": true, "created_at": "2025-03-20T11:47:43.647Z", "updated_at": "2025-03-20T11:47:43.647Z"}}, {"model": "home.address", "pk": 9, "fields": {"user": 13, "name": "llll", "street_address": "llll", "city": "lll", "state": "lll", "postal_code": "000000", "is_active": true, "created_at": "2025-03-20T11:48:09.227Z", "updated_at": "2025-03-20T11:48:09.227Z"}}, {"model": "home.address", "pk": 10, "fields": {"user": 10, "name": "ppp", "street_address": "lll", "city": "ppp", "state": "ppp", "postal_code": "000000", "is_active": true, "created_at": "2025-03-20T11:52:12.113Z", "updated_at": "2025-03-20T11:52:12.113Z"}}, {"model": "home.phoneotp", "pk": 1, "fields": {"phone_number": "8851285655", "otp": "610762", "created_at": "2025-03-19T12:26:00.839Z", "is_verified": true, "count": 1, "last_attempt": "2025-03-19T12:26:17.996Z"}}, {"model": "home.category", "pk": 5, "fields": {"name": "Daily wellness", "slug": "daily-wellness-1", "description": "Daily wellness involves maintaining a balanced lifestyle through healthy eating, regular exercise, mental health practices, staying hydrated, getting enough sleep, and nurturing relationships to promote overall well-being.", "image": "categories/Daily_wellness_2.jpg", "parent": null, "is_active": true, "created_at": "2025-03-19T10:01:46.545Z", "updated_at": "2025-03-19T10:01:46.545Z"}}, {"model": "home.category", "pk": 9, "fields": {"name": "Joint health", "slug": "joint-health-1", "description": "Maintaining healthy joints through proper nutrition, regular exercise, stretching, and managing weight helps reduce pain and prevent conditions like arthritis.", "image": "categories/Joint_health_2.jpg", "parent": null, "is_active": true, "created_at": "2025-03-19T10:03:39.238Z", "updated_at": "2025-03-19T10:03:39.238Z"}}, {"model": "home.category", "pk": 10, "fields": {"name": "Gut Health", "slug": "gut-health-1", "description": "A healthy gut is essential for digestion, immunity, and overall well-being. It can be supported by a fiber-rich diet, probiotics, hydration, and managing stress.", "image": "categories/Gut_health_2.jpg", "parent": null, "is_active": true, "created_at": "2025-03-19T10:03:58.689Z", "updated_at": "2025-03-19T10:03:58.689Z"}}, {"model": "home.category", "pk": 13, "fields": {"name": "Skin health", "slug": "skin-health-1", "description": "Skin health involves staying hydrated, using sunscreen, cleansing and moisturizing regularly, eating a balanced diet, and avoiding harmful habits to maintain clear, healthy skin.", "image": "categories/Skin_health_2.jpg", "parent": null, "is_active": true, "created_at": "2025-03-19T10:04:18.261Z", "updated_at": "2025-03-19T10:04:18.261Z"}}, {"model": "home.category", "pk": 14, "fields": {"name": "Weight management", "slug": "weight-management-1", "description": "Weight management is the process of adopting healthy habits, such as balanced eating, regular exercise, and behavioral changes, to achieve and maintain a healthy weight. It focuses on sustainable practices that improve overall health and prevent excess weight gain.", "image": "categories/Weight_management_2.jpg", "parent": null, "is_active": true, "created_at": "2025-03-19T10:05:50.052Z", "updated_at": "2025-03-19T10:05:50.052Z"}}, {"model": "home.category", "pk": 16, "fields": {"name": "Women’s Nutrition", "slug": "womens-nutrition", "description": "Women's nutritional needs vary through different life stages. A balanced diet rich in vitamins, minerals, and fiber supports hormonal health, bone health, and overall well-being.", "image": "categories/Womens_nutrition_2.jpg", "parent": null, "is_active": true, "created_at": "2025-03-19T10:06:10.845Z", "updated_at": "2025-03-19T10:06:10.845Z"}}, {"model": "home.category", "pk": 17, "fields": {"name": "Diabetic Management", "slug": "diabetic-management-1", "description": "Managing diabetes involves monitoring blood sugar levels, eating a balanced diet, staying active, and following prescribed treatments to keep blood sugar in check.", "image": "categories/Diabetic_management_2_ZZljtI0.jpg", "parent": null, "is_active": true, "created_at": "2025-03-19T10:06:26.032Z", "updated_at": "2025-03-19T10:06:26.032Z"}}, {"model": "home.category", "pk": 20, "fields": {"name": "Kids' Health", "slug": "kids-health-1", "description": "Proper nutrition, regular physical activity, adequate sleep, and emotional support are crucial for kids' growth, development, and overall health.", "image": "categories/Kids_health_2_yMul1Dh.jpg", "parent": null, "is_active": true, "created_at": "2025-03-19T10:06:57.565Z", "updated_at": "2025-03-19T10:06:57.565Z"}}, {"model": "home.category", "pk": 21, "fields": {"name": "Heart Care", "slug": "heart-care-1", "description": "Heart health involves maintaining a balanced diet, exercising regularly, managing stress, and avoiding smoking or excessive alcohol to prevent heart disease and maintain cardiovascular health.", "image": "categories/Heart_care_2.jpg", "parent": null, "is_active": true, "created_at": "2025-03-19T10:07:18.315Z", "updated_at": "2025-03-19T10:07:18.315Z"}}, {"model": "home.productimage", "pk": 1, "fields": {"product": 2, "image": "products/4G_Digestive_1-1_cqJporq.jpg", "alt_text": "", "is_feature": true, "order": 1, "created_at": "2025-03-19T10:22:29.911Z"}}, {"model": "home.productimage", "pk": 2, "fields": {"product": 2, "image": "products/4G_Digestive_1-2_uuNwzo1.jpg", "alt_text": "", "is_feature": false, "order": 2, "created_at": "2025-03-19T10:22:29.914Z"}}, {"model": "home.productimage", "pk": 3, "fields": {"product": 2, "image": "products/4G_Digestive_1-3_pmtWZqX.jpg", "alt_text": "", "is_feature": false, "order": 3, "created_at": "2025-03-19T10:22:29.918Z"}}, {"model": "home.productimage", "pk": 4, "fields": {"product": 2, "image": "products/4G_Digestive_1-4_2z99tZB.jpg", "alt_text": "", "is_feature": false, "order": 4, "created_at": "2025-03-19T10:22:29.921Z"}}, {"model": "home.productimage", "pk": 5, "fields": {"product": 1, "image": "products/ortho_hp-1_hKTCQoo.jpg", "alt_text": "", "is_feature": false, "order": 1, "created_at": "2025-03-19T10:23:32.375Z"}}, {"model": "home.productimage", "pk": 6, "fields": {"product": 1, "image": "products/ortho_hp-2_EtciAxb.jpg", "alt_text": "", "is_feature": false, "order": 3, "created_at": "2025-03-19T10:23:32.380Z"}}, {"model": "home.productimage", "pk": 7, "fields": {"product": 1, "image": "products/ortho_hp-3_Mv8EZBe.jpg", "alt_text": "", "is_feature": false, "order": 5, "created_at": "2025-03-19T10:23:32.384Z"}}, {"model": "home.productimage", "pk": 8, "fields": {"product": 1, "image": "products/ortho_hp-4_kO0vZ5x.jpg", "alt_text": "", "is_feature": false, "order": 7, "created_at": "2025-03-19T10:23:32.388Z"}}, {"model": "home.productimage", "pk": 9, "fields": {"product": 4, "image": "products/Anti_Diabetic-1_Kjndi9m.jpg", "alt_text": "", "is_feature": true, "order": 1, "created_at": "2025-03-19T10:29:48.578Z"}}, {"model": "home.productimage", "pk": 10, "fields": {"product": 4, "image": "products/Anti_Diabetic-2_pooAW0T.jpg", "alt_text": "", "is_feature": false, "order": 2, "created_at": "2025-03-19T10:29:48.580Z"}}, {"model": "home.productimage", "pk": 11, "fields": {"product": 4, "image": "products/Anti_Diabetic-3_0dQ7Uhb.jpg", "alt_text": "", "is_feature": false, "order": 3, "created_at": "2025-03-19T10:29:48.582Z"}}, {"model": "home.productimage", "pk": 12, "fields": {"product": 4, "image": "products/Anti_Diabetic-4_VrlXcFK.jpg", "alt_text": "", "is_feature": false, "order": 4, "created_at": "2025-03-19T10:29:48.583Z"}}, {"model": "home.productimage", "pk": 13, "fields": {"product": 3, "image": "products/VAT_pain-1_cUy0bhZ.jpg", "alt_text": "", "is_feature": false, "order": 1, "created_at": "2025-03-19T10:31:03.046Z"}}, {"model": "home.productimage", "pk": 14, "fields": {"product": 3, "image": "products/VAT_pain-2_nfniIwl.jpg", "alt_text": "", "is_feature": false, "order": 3, "created_at": "2025-03-19T10:31:03.051Z"}}, {"model": "home.productimage", "pk": 15, "fields": {"product": 3, "image": "products/VAT_pain-3_7lyssZk.jpg", "alt_text": "", "is_feature": false, "order": 5, "created_at": "2025-03-19T10:31:03.057Z"}}, {"model": "home.productimage", "pk": 16, "fields": {"product": 3, "image": "products/VAT_pain-4_gwNX9S2.jpg", "alt_text": "", "is_feature": false, "order": 7, "created_at": "2025-03-19T10:31:03.064Z"}}, {"model": "home.productimage", "pk": 17, "fields": {"product": 5, "image": "products/Super_Tea_Tablet-1_W682CL3.jpg", "alt_text": "", "is_feature": false, "order": 1, "created_at": "2025-03-19T10:38:50.663Z"}}, {"model": "home.productimage", "pk": 18, "fields": {"product": 5, "image": "products/Super_Tea_Tablet-2_Chj15IO.jpg", "alt_text": "", "is_feature": false, "order": 3, "created_at": "2025-03-19T10:38:50.667Z"}}, {"model": "home.productimage", "pk": 19, "fields": {"product": 5, "image": "products/Super_Tea_Tablet-3_pnKGWE6.jpg", "alt_text": "", "is_feature": false, "order": 5, "created_at": "2025-03-19T10:38:50.671Z"}}, {"model": "home.productimage", "pk": 20, "fields": {"product": 5, "image": "products/Super_Tea_Tablet-4_492wpPa.jpg", "alt_text": "", "is_feature": false, "order": 7, "created_at": "2025-03-19T10:38:50.675Z"}}, {"model": "home.productimage", "pk": 21, "fields": {"product": 5, "image": "products/Super_Tea_Tablet-5_qp8w1MD.jpg", "alt_text": "", "is_feature": false, "order": 9, "created_at": "2025-03-19T10:38:50.678Z"}}, {"model": "home.product", "pk": 1, "fields": {"name": "Ortho HP Tablet", "slug": "ortho-hp-tablet-1", "HSN_Code": "123456", "description": "<p dir=\"ltr\">Ortho HP Tablets contain a unique blend of 12 strong natural ingredients specially selected to support the joint's function. This also helps to reduce inflammation and lower the level of muscle pain. Whether it is arthritis, joint stiffness, or chronic muscle aching, Ortho HP offers an all-in-one solution for smooth body movement.</p>\r\n<p dir=\"ltr\">Blended with Ayurvedic staples like Chobchini, Ashwagandha, and Nirgundi not only treats pain but will foster a person's overall health by enhancing immunity and restoring overall well-being. Ortho HP is a safe and potent product targeted for powerful results.</p>", "regular_price": "522.32", "selling_price": "522.32", "bp_value": 4, "stock": 996, "gst_percentage": "12.00", "is_featured": true, "is_bestseller": true, "is_new_arrival": true, "is_trending": true, "is_active": true, "created_at": "2025-03-19T10:19:24.101Z", "updated_at": "2025-03-20T11:48:16.214Z", "categories": [5, 10, 21, 9]}}, {"model": "home.product", "pk": 2, "fields": {"name": "4G Digestive Tablets", "slug": "4g-digestive-tablets-1", "HSN_Code": "HPM121", "description": "<p dir=\"ltr\">Discover the unmatched power of 4G Digestive Tablets, carefully formulated with 13 potent ingredients with over 13 ingredients which are fennel seeds (Sanai), amla (Indian gooseberry), Ajwain (Carom seed), jeera (Cumin seed), Kalimirch, Saunth, Kasni, Harar, Daru Haldi, Sharpunkha, Laung, Kutki, and Excipient. This will help you in either looking to improve your appetite or control inflammation. These tablets offer all-round digestive care.&nbsp;</p>\r\n<p><strong>&nbsp;</strong></p>\r\n<p dir=\"ltr\">The superlative formula brings together ages-old Ayurvedic practices with attention to detail to fulfill your digestive needs. This also has Vitamin C which will help you support your immunity along with its antioxidant properties. It helps you to increase nutrient absorption with black pepper to protect liver cells with Kutki. Every ingredient is carefully selected to promote overall wellness. So, take the first step towards a healthier gut &amp; a healthier you!</p>", "regular_price": "602.68", "selling_price": "602.68", "bp_value": 5, "stock": 990, "gst_percentage": "12.00", "is_featured": true, "is_bestseller": true, "is_new_arrival": true, "is_trending": true, "is_active": true, "created_at": "2025-03-19T10:22:29.894Z", "updated_at": "2025-03-20T11:48:16.213Z", "categories": [5, 10, 14]}}, {"model": "home.product", "pk": 3, "fields": {"name": "VAT Pain", "slug": "vat-pain", "HSN_Code": "123457", "description": "<p dir=\"ltr\">Rediscover mobility, freedom and comfort with VAT Pain. Formulated with just the right amount of powerful, natural ingredients, this targeted approach to discomfort and muscular tension helps find the balance to relax. Ingredients were chosen from a long line for their well-documented efficacy in furthering better overall health and activity through muscle relaxation.</p>\r\n<p dir=\"ltr\">VAT Pain's rapid absorption formula means relief is only moments away. Whether it is to recover from an intense day or as daily support for active living, this all-natural solution seamlessly fits into your wellness routine.</p>", "regular_price": "763.39", "selling_price": "763.39", "bp_value": 6, "stock": 993, "gst_percentage": "12.00", "is_featured": true, "is_bestseller": true, "is_new_arrival": true, "is_trending": true, "is_active": true, "created_at": "2025-03-19T10:28:43.688Z", "updated_at": "2025-03-20T11:48:16.211Z", "categories": [5, 17, 10, 9]}}, {"model": "home.product", "pk": 4, "fields": {"name": "Anti Diabetic Powder", "slug": "anti-diabetic-powder-1", "HSN_Code": "HPM122", "description": "<p dir=\"ltr\">Anti Diabetic Powder blends old Ayurvedic wisdom with modern health knowledge. The mixture of carefully chosen ingredients, working together to provide gentle yet effective help, does not contain harsh chemicals, as synthetic options would, and focuses on gentle yet strong herbal treatments that support long-term health without causing bad side effects.</p>\r\n<p><strong>&nbsp;</strong></p>\r\n<p dir=\"ltr\">Anti Diabetic Powder is ancient Ayurvedic wisdom combined with modern health insights for your wellness journey. The carefully selected ingredients of this powder work together in the natural balance of blood sugar, healthy insulin levels, and reduced sugar cravings. This holistic formula enhances metabolic function and supports the liver, kidneys, and muscles for better overall health.</p>\r\n<p>&nbsp;</p>", "regular_price": "843.75", "selling_price": "843.75", "bp_value": 7, "stock": 930, "gst_percentage": "12.00", "is_featured": true, "is_bestseller": true, "is_new_arrival": true, "is_trending": true, "is_active": true, "created_at": "2025-03-19T10:29:48.564Z", "updated_at": "2025-03-19T20:30:00.993Z", "categories": [17]}}, {"model": "home.product", "pk": 5, "fields": {"name": "Super Tea Tablet", "slug": "super-tea-tablet-1", "HSN_Code": "123458", "description": "<p dir=\"ltr\">Feel the power of nature transforming with a Super Tea Tablet. It is a specially formulated mixture of ingredients selected for their phenomenal benefits. Ranging from helping in heart health to managing cravings, each ingredient plays its role in enhancing total well-being. Sipping your way to a vibrant life has never been easier.</p>\r\n<p dir=\"ltr\">The tablet dissolves effortlessly in lukewarm water, which gives a refreshing drink supporting the natural processes of the body. Whether it's morning, midday pause, or night-time. The Super Tea Tablet is a companion in the development of a balanced lifestyle.</p>", "regular_price": "763.39", "selling_price": "763.39", "bp_value": 6, "stock": 910, "gst_percentage": "12.00", "is_featured": true, "is_bestseller": true, "is_new_arrival": true, "is_trending": true, "is_active": true, "created_at": "2025-03-19T10:38:28.209Z", "updated_at": "2025-03-20T11:52:40.778Z", "categories": [5, 17, 10, 13, 14, 16]}}, {"model": "home.productfeature", "pk": 23, "fields": {"product": 5, "title": "Specifications", "content": "<p dir=\"ltr\"><strong>Natural Weight Loss Support -</strong> The Garcinia cambogia and green tea extract work synergistically so as to support natural processes of burning fat, resulting in a healthy weight through time.</p>\n<p dir=\"ltr\"><strong>Calms Inflammation -</strong> The anti-inflammatory property of cinnamon extract provides soothing to the body, improving overall health through the Super Tea Tablet.</p>\n<p dir=\"ltr\"><strong>Promotes Alkaline Balance - </strong>Citric acid in lemon extracts helps neutralize acidity found in the body, maintaining a stable pH level that supports metabolic activity.</p>\n<p dir=\"ltr\"><strong>Elevates Nutrient Absorption -</strong> The black pepper extract ensures that the body fully absorbs necessary nutrients for full benefit from every meal.</p>\n<p dir=\"ltr\"><strong>Detoxifies for Better Energy -</strong> Wheatgrass powder and grape seed extract detox the body through natural cleansing methods, promoting immune function enhancement and increasing energy levels.</p>\n<p dir=\"ltr\"><strong>Enhances Metabolic Function -</strong> The combination of Tulsi and Moringa enhances the metabolism of your body to work efficiently and lead an active lifestyle.</p>\n<p dir=\"ltr\"><strong>Regulates Cholesterol and Blood Pressure -</strong> Black salt promotes healthy cholesterol levels and balances blood pressure, maintaining good health of the heart system and, therefore, overall well-being.</p>\n<p dir=\"ltr\"><strong>Improves Gut Health </strong>- Moringa and wheatgrass powder combine to ensure gut health while reducing digestive discomfort, among other components of a well-functioning digestive system.</p>\n<p>&nbsp;</p>", "order": 2}}, {"model": "home.productfeature", "pk": 24, "fields": {"product": 5, "title": "How-to-Use?", "content": "<p dir=\"ltr\">Using a Super Tea Tablet is very easy. You just take one tablet and keep it in a cup with lukewarm water or hot water. Then, until the tablet melts, it fizzes and melts completely. And then it releases its powerful preparation of natural ingredients into the water. You stir very gently and enjoy!</p>\n<p dir=\"ltr\">The process is very quick to ensure that you can also enjoy your wellness drink easily. Sip it slowly, letting the refreshing flavors and goodness of the ingredients rejuvenate your body. It will be a part of your daily routine to experience its full benefits, whether you start your day with it or enjoy it during a mid-afternoon break.</p>", "order": 3}}, {"model": "home.productfeature", "pk": 25, "fields": {"product": 4, "title": "Specifications", "content": "<p dir=\"ltr\"><strong>Supports Healthy Blood Sugar Levels</strong>- This powder formulation contains Gurmar, Karela, and Neem. Thus, it works out naturally for sugar management within one's body. This sugar allows your body to have enough energy to be maintained at an even level.</p>\n<p dir=\"ltr\"><strong>Maintains Natural Insulin Functions&nbsp;</strong>- It coordinates well with the Karela and Kutki herbs to enhance body insulin levels. Coordination in this way helps optimize metabolic function, putting your body at its top working capacity.&nbsp;</p>\n<p dir=\"ltr\"><strong>Reduces Sugar Cravings</strong> - It is referred to as the \"sugar destroyer.\" It helps curb sugar cravings and reduces the tendency to consume excess sugars in your diet and, therefore, ultimately supports your goals for better metabolic health.</p>\n<p dir=\"ltr\"><strong>Improves Metabolic Function</strong> - With Kutki, Neem, and its ingredients, it's the formula infused within our liver that enhances functionality to go with the kidney and the muscles. It is this harmonious trio of important organs that sustain metabolic harmony by working together.</p>\n<p dir=\"ltr\"><strong>Purifies and Revitalizes the Body</strong> - Anti-Diabetic Powder supports the body's overall harmony with a multi-faceted approach that focuses on improving circulation, detoxification, and overall resilience with time-tested herbs like Ashwagandha and Neem.</p>\n<p dir=\"ltr\"><strong>Rich in Antioxidants for Cellular Health</strong> - Dalchini (Cinnamon) is a potent antioxidant source, which protects your cells from oxidative stress. This supports long-term health and keeps you feeling rejuvenated.</p>\n<p dir=\"ltr\"><strong>Supports Healthy Digestion</strong> - The combination of Kutki and Karela maintains digestive balance. It enhances nutritional absorption and reduces pressure on your system, hence improving gut health.</p>", "order": 2}}, {"model": "home.productfeature", "pk": 26, "fields": {"product": 3, "title": "Specifications", "content": "<p dir=\"ltr\"><strong>Holistic Support for Muscle Relief -</strong> Formulated to soothe muscle aches, this preparation increases flexibility and promotes smooth movement so that you can stay ahead of the game in all your daily activities.</p>\n<p dir=\"ltr\"><strong>Quick-Absorption Formula - </strong>The fast-acting formula penetrates deeply to deliver quick results, allowing you to continue your active lifestyle without any stoppages or aches and pains.</p>\n<p dir=\"ltr\"><strong>Natural Detoxification -</strong> Detoxify with the cleansing action of Nagarmotha and Gokhru, supporting a healthier system and renewed energy.</p>\n<p dir=\"ltr\"><strong>Nutrient-Rich Blend -</strong> Enriched with Moringa and Mukta Shukta Bhasm, this blend contributes necessary nutrients towards strengthening joints and bones along with vibrancy to the whole body.</p>\n<p dir=\"ltr\"><strong>Improves Mobility and Joint Health -</strong> Rasnapan and Haldi together nourish joint health, improve mobility, and ensure smooth, pain-free movement throughout your day.</p>\n<p dir=\"ltr\"><strong>Antioxidant Benefits -</strong> Ingredients such as Dev Daru and Haldi provide strong antioxidant support, shielding your body from oxidative stress and supporting recovery and resilience.</p>\n<p dir=\"ltr\"><strong>Dosha Balance -</strong> This product is formulated to balance the Vat, Pitt, and Cough doshas, harmonizing your body's natural energies and contributing to your overall wellness.</p>\n<p dir=\"ltr\"><strong>Enhanced Energy and Stamina -</strong> The energizing properties of Ashwagandha and Sudh Kuchla give you a more natural boost to your stamina and vivacity, making you all the more revitalized and poised for any challenge.</p>", "order": 2}}, {"model": "home.productfeature", "pk": 27, "fields": {"product": 3, "title": "How-to-Use?", "content": "<p dir=\"ltr\">The VAT Pain is quite smooth and not too difficult to use; it comes in a powdered form. Take 2-3 grams and follow with lukewarm or fresh water to swallow it comfortably. Then drink lukewarm or fresh water. Such a soft but strong formula ensures quick absorption and relief.</p>\n<p dir=\"ltr\">Best results should be achieved when taken twice daily after meals. It will remove pain and stiffness simultaneously with the maintenance of healthy joints and muscles for a more active life. You can also consult with a healthcare professional as well.</p>", "order": 3}}, {"model": "home.productfeature", "pk": 28, "fields": {"product": 2, "title": "Specifications", "content": "<p dir=\"ltr\"><strong>Supports Liver Function and Liver Detoxification</strong> - Substances like milk thistle and antioxidants often promote overall liver health. These compounds support the liver&rsquo;s natural detoxification and also help liver cells protect themselves from any kind of damage.</p>\n<p dir=\"ltr\"><strong>Increases Metabolism and Digestion</strong> - There are a lot of vitamins and minerals such as Vitamin C which help to improve metabolism. So, if your metabolism improves, your digestion automatically improves. Fibers, probiotics, and enzymes are commonly associated with good digestion. This can be enhanced with 4G Digestive tablets.</p>\n<p dir=\"ltr\"><strong>Anti-Inflammatory Properties for Overall Health</strong> - This contains turmeric, cumin seeds, and curcumin as well, which has anti-inflammatory properties. This helps in cleaning your gut and liver which promotes being healthy liver. Therefore, providing improved liver and gut health. This also has Omega 3, which also repairs the fatty liver.&nbsp;</p>\n<p dir=\"ltr\"><strong>Improves Appetite Control and Weight Management</strong> - The various herbs and compounds such as fennel seeds, carom seeds, Saunth, and a lot more. These are considered to increase appetite and also support your overall weight management. The other digestive enzymes and probiotics also help in weight control and management.&nbsp;</p>\n<p><strong>Enhances Gut Barrier Function for Better Immunity</strong> - The 4G Digestive Tablets fortify the stomach lining with Amla, which is rich in Vitamin C, as well as Haritaki. A healthy gut lining will block unwanted harmful substances and toxins from passing into the bloodstream, thus making one's immune system strong and healthy.</p>", "order": 2}}, {"model": "home.productfeature", "pk": 33, "fields": {"product": 1, "title": "Specifications", "content": "<p dir=\"ltr\"><strong>Supports Joint Health and Mobility</strong>&mdash;Ortho HP Infusion provides nutrients directly into the cartilage, decreasing stiffness. Glucosamine and Salai Guggal interact in their respective individual ways to repair and preserve joint tissues for smooth, pain-free movement.</p>\n<p dir=\"ltr\"><strong>Reduces Inflammation Naturally </strong>- Ortho HP is a powerhouse with anti-inflammatory herbs like Saunth, Kalimirch, and Rasna that keep the inflammation at its root. Ingredients within the medicine reduce swelling in joints caused due to arthritis and gout.</p>\n<p dir=\"ltr\"><strong>Relieves Muscle Pain and Stress </strong>- Whether it is chronic muscle ache or soreness after exercising, Ortho HP's calming effect on the muscles douses the discomfort practically immediately while furthering tissue repair by Sudh Kuchla and Ashwagandha.</p>\n<p dir=\"ltr\"><strong>Improves Holistic Wellness </strong>- Ingredients like Chobchini, and Nirgundi will address the root causes of joint and muscle issues. This will provide long-lasting relief and promote overall well-being. This will improve your holistic wellness providing you round-the-clock energy.</p>\n<p dir=\"ltr\"><strong>Aids Muscle Recovery and Pain Relief </strong>- Shudh Kuchla and Saunth are known to soften the tissue, provide relaxation, and relax muscles. Stress on muscles and joints due to repetitive strain or physical activity is also diminished by these ingredients.</p>\n<p dir=\"ltr\"><strong>Enhances Mental Clarity and Stress Relief</strong> - Ortho HP ingredients such as Ashwagandha and Pippal bring about mental well-being by reducing the stress and anxiety that chronic pain causes. A quiet and calm mind is a complement to physical healing for your all-around wellness.</p>\n<p dir=\"ltr\"><strong>Boosts Immunity and Overall Health </strong>- Loh Bhasm and Garlic can improve the body's natural defenses, boost iron levels, assist in digestion, and increase the average lifespan of cells. These highly potent ingredients ensure that your body stays resilient against illness while also addressing health concerns in joints and muscles.</p>", "order": 2}}, {"model": "home.productfeature", "pk": 34, "fields": {"product": 1, "title": "How-to-Use?", "content": "<p dir=\"ltr\">For better results, take 1-2 Ortho HP Tablets twice a day with water after consulting your healthcare professional. Therefore, consistency is the key; incorporate this regime into your daily routine.&nbsp;</p>\n<p dir=\"ltr\">For added effectiveness of the tablets, accompany these with a balanced diet that is rich in nutrients, accompanied by a routine exercise pattern that helps maintain joint flexibility and the overall soundness of your body. Always follow the dosage instructions provided by your healthcare professionals to ensure safe and optimal results.</p>", "order": 3}}, {"model": "home.productfaq", "pk": 49, "fields": {"product": 5, "title": "Q1. Who can use the Super Tea Tablet?", "content": "<p dir=\"ltr\">It is perfect for anyone looking for natural support with weight management, heart health, detoxification, or immunity boosters.</p>", "order": 2}}, {"model": "home.productfaq", "pk": 50, "fields": {"product": 5, "title": "Q2. Are there any side effects?", "content": "<p dir=\"ltr\">Super Tea Tablet is prepared from natural ingredients, which makes it safe to be used regularly. You may consult a healthcare professional before its use if you have pre-existing conditions or dietary restrictions.</p>", "order": 3}}, {"model": "home.productfaq", "pk": 51, "fields": {"product": 5, "title": "Q3. How long does it take to see results?", "content": "<p dir=\"ltr\">The results vary based on the lifestyle and the extent of usage. Most of its users experience benefits after several weeks of regular usage.</p>", "order": 4}}, {"model": "home.productfaq", "pk": 52, "fields": {"product": 5, "title": "Q4. Can it be consumed daily?", "content": "<p dir=\"ltr\">Yes, the Super Tea Tablet is designed for daily use. Enjoy it as part of your routine to maximize its benefits.</p>", "order": 5}}, {"model": "home.productfaq", "pk": 53, "fields": {"product": 4, "title": "Q1. Who can benefit from Anti Diabetic Powder?", "content": "<p dir=\"ltr\">The person seeking natural support for stabilized blood sugar levels, low cravings for sugar, and more sound metabolic health can benefit from this herbal formulation.</p>", "order": 2}}, {"model": "home.productfaq", "pk": 54, "fields": {"product": 4, "title": "Q2: Are there any side effects?", "content": "<p dir=\"ltr\">Always choose 100% pure natural herbs for Anti Diabetic Powder. Always consult with your healthcare professional if you have a pre-existing medical condition or are on medication before embarking on any new supplements.</p>", "order": 3}}, {"model": "home.productfaq", "pk": 55, "fields": {"product": 4, "title": "Q3: Can it be used daily?", "content": "<p dir=\"ltr\">Yes, Anti Diabetic Powder is to be used daily as part of an integrated wellness program. Use it as directed for continuous benefit.</p>", "order": 4}}, {"model": "home.productfaq", "pk": 56, "fields": {"product": 4, "title": "Q4: How soon can I expect results?", "content": "<p dir=\"ltr\">Results vary from person to person based on health and lifestyle conditions, but most people notice improvements in a few months after using the product frequently.</p>", "order": 5}}, {"model": "home.productfaq", "pk": 57, "fields": {"product": 3, "title": "Q1. Can VAT Pain be used daily?", "content": "<p dir=\"ltr\">Yes, VAT Pain is a natural product for daily usage. All its natural ingredients ensure its safe usage for everyday needs with flexibility and reduction in long-term pain levels.</p>", "order": 2}}, {"model": "home.productfaq", "pk": 58, "fields": {"product": 3, "title": "Q2. Is it suitable for all skin types?", "content": "<p dir=\"ltr\">Yes, VAT Pain is made of soft natural ingredients friendly to all skin types. However, it is always advisable to do a patch test before using it for the first time, especially if you have sensitive skin.</p>", "order": 3}}, {"model": "home.productfaq", "pk": 59, "fields": {"product": 3, "title": "Q3. How quickly does it work?", "content": "<p dir=\"ltr\">VAT Pain gives quick relief taken in for several minutes; the chronic cases will benefit to the maximum and permanently with daily application.</p>", "order": 4}}, {"model": "home.productfaq", "pk": 60, "fields": {"product": 3, "title": "Q4. Can it help with chronic joint discomfort?", "content": "<p dir=\"ltr\">Yes, VAT Pain supports joint health, especially through Rasnapan and Haldi ingredients. It can be especially useful if taken regularly for sustained care and relief.</p>", "order": 5}}, {"model": "home.productfaq", "pk": 61, "fields": {"product": 2, "title": "Q1. Who can benefit from 4G Digestive Tablets?", "content": "<p>Anyone suffering from digestive issues, low metabolism, or liver-related problems can benefit. It's also good for those who want to naturally help improve gut health and increase appetite.</p>", "order": 2}}, {"model": "home.productfaq", "pk": 62, "fields": {"product": 2, "title": "Q2. Are there any side effects of 4G Digestive Tablets?", "content": "<p>The tablets are naturally made and safe, but you should first see a healthcare professional if you are pregnant, breastfeeding, or taking any other medication.</p>", "order": 3}}, {"model": "home.productfaq", "pk": 63, "fields": {"product": 2, "title": "Q3. How long does it take to see results?", "content": "<p dir=\"ltr\">Most individuals notice changes within a couple of weeks since the intake according to the prescription. Results may vary in effect due to an individual&rsquo;s health conditions.</p>", "order": 4}}, {"model": "home.productfaq", "pk": 64, "fields": {"product": 2, "title": "Q4. Can 4G Digestive Tablets help with fatty liver?", "content": "<p dir=\"ltr\">Yes, elements like omega-3 fatty acids and Kutki would also contribute to cutting down liver fats and conditions of the liver. Thereby, supporting overall liver health.</p>", "order": 5}}, {"model": "home.productfaq", "pk": 73, "fields": {"product": 1, "title": "Q1. Who can benefit from Ortho HP Tablets?", "content": "<p dir=\"ltr\">It can be of benefit to anyone who experiences joint or muscle pain, inflammation, or arthritis. And it&rsquo;s good for those who want to naturally improve mobility and overall health.</p>", "order": 2}}, {"model": "home.productfaq", "pk": 74, "fields": {"product": 1, "title": "Q2. Are there any side effects?", "content": "<p dir=\"ltr\">The good news is that it is made of all-natural and generally safe ingredients. Consult a physician before using, especially if pregnant, breastfeeding, or taking other medications.&nbsp;</p>", "order": 3}}, {"model": "home.productfaq", "pk": 75, "fields": {"product": 1, "title": "Q3. How long does it take to see results?", "content": "<p dir=\"ltr\">After 2-3 weeks of regular use, many users notice relief. However, results may vary based on the individual&rsquo;s health condition and how closely they are following the recommended dosage.</p>", "order": 4}}, {"model": "home.productfaq", "pk": 76, "fields": {"product": 1, "title": "Q4. Is it safe for daily use?", "content": "<p dir=\"ltr\">Yes, Ortho HP Tablets are for long-term use. Take the prescribed dosage for maximum benefits.</p>", "order": 5}}, {"model": "home.order", "pk": 1, "fields": {"user": 19, "order_number": "ORD-1742387239", "order_date": "2025-03-19T12:27:19.647Z", "status": "CONFIRMED", "orderType": "ONLINE", "total_amount": "763.39", "discount_amount": "0.00", "final_amount": "973.00", "shipping_address": "Office, Rohini Sector, Delhi, Delhi, 110085", "billing_address": "Office, Rohini Sector, Delhi, Delhi, 110085", "total_bp": 6, "razorpay_order_id": "order_Q8eHgo5KVzoFuC", "payment_id": "pay_Q8eHrGjTCe29JW", "discount_percentage": "0.00", "bp_processed": false}}, {"model": "home.order", "pk": 2, "fields": {"user": 19, "order_number": "ORD-1742388615", "order_date": "2025-03-19T12:50:15.157Z", "status": "CONFIRMED", "orderType": "ONLINE", "total_amount": "843.75", "discount_amount": "0.00", "final_amount": "1063.00", "shipping_address": "Office, Rohini Sector, Delhi, Delhi, 110085", "billing_address": "Office, Rohini Sector, Delhi, Delhi, 110085", "total_bp": 7, "razorpay_order_id": "order_Q8efuCudH7den7", "payment_id": "pay_Q8eg0sKNGNbRft", "discount_percentage": "0.00", "bp_processed": false}}, {"model": "home.order", "pk": 3, "fields": {"user": 23, "order_number": "ORD-1742401067", "order_date": "2025-03-19T16:17:47.539Z", "status": "CONFIRMED", "orderType": "COD", "total_amount": "6629.46", "discount_amount": "1988.84", "final_amount": "5315.50", "shipping_address": "home, sikandarpur, muzaffarpur, bihar, 842001", "billing_address": "home, sikandarpur, muzaffarpur, bihar, 842001", "total_bp": 54, "razorpay_order_id": null, "payment_id": null, "discount_percentage": "30.00", "bp_processed": true}}, {"model": "home.order", "pk": 4, "fields": {"user": 23, "order_number": "ORD-1742401156", "order_date": "2025-03-19T16:19:16.891Z", "status": "CONFIRMED", "orderType": "ONLINE", "total_amount": "763.39", "discount_amount": "229.02", "final_amount": "716.50", "shipping_address": "home, sikandarpur, muzaffarpur, bihar, 842001", "billing_address": "home, sikandarpur, muzaffarpur, bihar, 842001", "total_bp": 6, "razorpay_order_id": "order_Q8iEi4BDbV3dbo", "payment_id": "pay_Q8iEt1eT9VjYek", "discount_percentage": "30.00", "bp_processed": true}}, {"model": "home.order", "pk": 5, "fields": {"user": 7, "order_number": "ORD-1742415753", "order_date": "2025-03-19T20:22:33.435Z", "status": "CONFIRMED", "orderType": "COD", "total_amount": "6950.87", "discount_amount": "695.09", "final_amount": "7124.48", "shipping_address": "kkk, llll, llll, llllll, 888887", "billing_address": "kkk, llll, llll, llllll, 888887", "total_bp": 55, "razorpay_order_id": null, "payment_id": null, "discount_percentage": "10.00", "bp_processed": true}}, {"model": "home.order", "pk": 6, "fields": {"user": 6, "order_number": "ORD-1742415866", "order_date": "2025-03-19T20:24:26.193Z", "status": "CONFIRMED", "orderType": "COD", "total_amount": "6107.12", "discount_amount": "1221.42", "final_amount": "5589.98", "shipping_address": "llllll, llllll, llllll, lllll, 000000", "billing_address": "llllll, llllll, llllll, lllll, 000000", "total_bp": 48, "razorpay_order_id": null, "payment_id": null, "discount_percentage": "20.00", "bp_processed": true}}, {"model": "home.order", "pk": 7, "fields": {"user": 5, "order_number": "ORD-1742415960", "order_date": "2025-03-19T20:26:00.529Z", "status": "CONFIRMED", "orderType": "COD", "total_amount": "6750.00", "discount_amount": "2025.00", "final_amount": "5410.00", "shipping_address": "iiii, iiii, iiii, iiii, 000000", "billing_address": "iiii, iiii, iiii, iiii, 000000", "total_bp": 56, "razorpay_order_id": null, "payment_id": null, "discount_percentage": "30.00", "bp_processed": true}}, {"model": "home.order", "pk": 8, "fields": {"user": 4, "order_number": "ORD-1742416036", "order_date": "2025-03-19T20:27:16.033Z", "status": "CONFIRMED", "orderType": "COD", "total_amount": "8437.50", "discount_amount": "3375.00", "final_amount": "5788.00", "shipping_address": "mmmm, mmm, mmm, mmm, 000000", "billing_address": "mmmm, mmm, mmm, mmm, 000000", "total_bp": 70, "razorpay_order_id": null, "payment_id": null, "discount_percentage": "40.00", "bp_processed": true}}, {"model": "home.order", "pk": 9, "fields": {"user": 3, "order_number": "ORD-1742416199", "order_date": "2025-03-19T20:29:59.766Z", "status": "CONFIRMED", "orderType": "COD", "total_amount": "10125.00", "discount_amount": "5062.50", "final_amount": "5788.00", "shipping_address": "mmm, lll, mmm, kkkk, 000000", "billing_address": "mmm, lll, mmm, kkkk, 000000", "total_bp": 84, "razorpay_order_id": null, "payment_id": null, "discount_percentage": "50.00", "bp_processed": true}}, {"model": "home.order", "pk": 10, "fields": {"user": 12, "order_number": "ORD-1742471271", "order_date": "2025-03-20T11:47:51.269Z", "status": "CONFIRMED", "orderType": "ONLINE", "total_amount": "6870.51", "discount_amount": "1374.10", "final_amount": "6273.98", "shipping_address": "Home, delhi, delhi, delhi, 110085", "billing_address": "Home, delhi, delhi, delhi, 110085", "total_bp": 54, "razorpay_order_id": "order_Q92973VMgZEIOb", "payment_id": "pay_Q929I4q4Leg3mU", "discount_percentage": "20.00", "bp_processed": true}}, {"model": "home.order", "pk": 11, "fields": {"user": 13, "order_number": "ORD-1742471295", "order_date": "2025-03-20T11:48:15.304Z", "status": "CONFIRMED", "orderType": "COD", "total_amount": "6066.95", "discount_amount": "606.70", "final_amount": "6233.49", "shipping_address": "llll, llll, lll, lll, 000000", "billing_address": "llll, llll, lll, lll, 000000", "total_bp": 48, "razorpay_order_id": null, "payment_id": null, "discount_percentage": "10.00", "bp_processed": true}}, {"model": "home.order", "pk": 12, "fields": {"user": 10, "order_number": "ORD-1742471534", "order_date": "2025-03-20T11:52:14.649Z", "status": "CONFIRMED", "orderType": "ONLINE", "total_amount": "9160.68", "discount_amount": "3664.27", "final_amount": "6273.98", "shipping_address": "ppp, lll, ppp, ppp, 000000", "billing_address": "ppp, lll, ppp, ppp, 000000", "total_bp": 72, "razorpay_order_id": "order_Q92Djpa8Vi2dtz", "payment_id": "pay_Q92DtiFgq3HoYV", "discount_percentage": "40.00", "bp_processed": true}}, {"model": "home.orderitem", "pk": 1, "fields": {"order": 1, "product": 5, "quantity": 1, "price": "763.39", "discount_percentage": "0.00", "final_price": "855.00", "bp_points": 6, "gst_amount": "91.61", "discount_amount": "0.00"}}, {"model": "home.orderitem", "pk": 2, "fields": {"order": 2, "product": 4, "quantity": 1, "price": "843.75", "discount_percentage": "0.00", "final_price": "945.00", "bp_points": 7, "gst_amount": "101.25", "discount_amount": "0.00"}}, {"model": "home.orderitem", "pk": 3, "fields": {"order": 3, "product": 5, "quantity": 3, "price": "763.39", "discount_percentage": "30.00", "final_price": "1795.49", "bp_points": 18, "gst_amount": "192.37", "discount_amount": "687.05"}}, {"model": "home.orderitem", "pk": 4, "fields": {"order": 3, "product": 4, "quantity": 3, "price": "843.75", "discount_percentage": "30.00", "final_price": "1984.50", "bp_points": 21, "gst_amount": "212.63", "discount_amount": "759.38"}}, {"model": "home.orderitem", "pk": 5, "fields": {"order": 3, "product": 2, "quantity": 3, "price": "602.68", "discount_percentage": "30.00", "final_price": "1417.50", "bp_points": 15, "gst_amount": "151.88", "discount_amount": "542.41"}}, {"model": "home.orderitem", "pk": 6, "fields": {"order": 4, "product": 5, "quantity": 1, "price": "763.39", "discount_percentage": "30.00", "final_price": "598.50", "bp_points": 6, "gst_amount": "64.12", "discount_amount": "229.02"}}, {"model": "home.orderitem", "pk": 7, "fields": {"order": 5, "product": 5, "quantity": 8, "price": "763.39", "discount_percentage": "10.00", "final_price": "6155.98", "bp_points": 48, "gst_amount": "659.57", "discount_amount": "610.71"}}, {"model": "home.orderitem", "pk": 8, "fields": {"order": 5, "product": 4, "quantity": 1, "price": "843.75", "discount_percentage": "10.00", "final_price": "850.50", "bp_points": 7, "gst_amount": "91.13", "discount_amount": "84.38"}}, {"model": "home.orderitem", "pk": 9, "fields": {"order": 6, "product": 5, "quantity": 8, "price": "763.39", "discount_percentage": "20.00", "final_price": "5471.98", "bp_points": 48, "gst_amount": "586.28", "discount_amount": "1221.42"}}, {"model": "home.orderitem", "pk": 10, "fields": {"order": 7, "product": 4, "quantity": 8, "price": "843.75", "discount_percentage": "30.00", "final_price": "5292.00", "bp_points": 56, "gst_amount": "567.00", "discount_amount": "2025.00"}}, {"model": "home.orderitem", "pk": 11, "fields": {"order": 8, "product": 4, "quantity": 10, "price": "843.75", "discount_percentage": "40.00", "final_price": "5670.00", "bp_points": 70, "gst_amount": "607.50", "discount_amount": "3375.00"}}, {"model": "home.orderitem", "pk": 12, "fields": {"order": 9, "product": 4, "quantity": 12, "price": "843.75", "discount_percentage": "50.00", "final_price": "5670.00", "bp_points": 84, "gst_amount": "607.50", "discount_amount": "5062.50"}}, {"model": "home.orderitem", "pk": 13, "fields": {"order": 10, "product": 5, "quantity": 9, "price": "763.39", "discount_percentage": "20.00", "final_price": "6155.98", "bp_points": 54, "gst_amount": "659.57", "discount_amount": "1374.10"}}, {"model": "home.orderitem", "pk": 14, "fields": {"order": 11, "product": 5, "quantity": 3, "price": "763.39", "discount_percentage": "10.00", "final_price": "2308.49", "bp_points": 18, "gst_amount": "247.34", "discount_amount": "229.02"}}, {"model": "home.orderitem", "pk": 15, "fields": {"order": 11, "product": 3, "quantity": 2, "price": "763.39", "discount_percentage": "10.00", "final_price": "1538.99", "bp_points": 12, "gst_amount": "164.89", "discount_amount": "152.68"}}, {"model": "home.orderitem", "pk": 16, "fields": {"order": 11, "product": 2, "quantity": 2, "price": "602.68", "discount_percentage": "10.00", "final_price": "1215.00", "bp_points": 10, "gst_amount": "130.18", "discount_amount": "120.54"}}, {"model": "home.orderitem", "pk": 17, "fields": {"order": 11, "product": 1, "quantity": 2, "price": "522.32", "discount_percentage": "10.00", "final_price": "1053.00", "bp_points": 8, "gst_amount": "112.82", "discount_amount": "104.46"}}, {"model": "home.orderitem", "pk": 18, "fields": {"order": 12, "product": 5, "quantity": 12, "price": "763.39", "discount_percentage": "40.00", "final_price": "6155.98", "bp_points": 72, "gst_amount": "659.57", "discount_amount": "3664.27"}}, {"model": "home.position", "pk": 1, "fields": {"name": "Preferred Customer", "bp_required_min": 0, "bp_required_max": 99, "discount_percentage": "10.00", "commission_percentage": "0.00", "can_earn_commission": false, "monthly_quota": "5000.00", "level_order": 1, "is_active": true}}, {"model": "home.position", "pk": 2, "fields": {"name": "Business Associate", "bp_required_min": 100, "bp_required_max": 299, "discount_percentage": "20.00", "commission_percentage": "20.00", "can_earn_commission": true, "monthly_quota": "5000.00", "level_order": 2, "is_active": true}}, {"model": "home.position", "pk": 3, "fields": {"name": "Business Executive", "bp_required_min": 300, "bp_required_max": 999, "discount_percentage": "30.00", "commission_percentage": "30.00", "can_earn_commission": true, "monthly_quota": "5000.00", "level_order": 3, "is_active": true}}, {"model": "home.position", "pk": 4, "fields": {"name": "Marketing Director", "bp_required_min": 1000, "bp_required_max": 2499, "discount_percentage": "40.00", "commission_percentage": "40.00", "can_earn_commission": true, "monthly_quota": "5000.00", "level_order": 4, "is_active": true}}, {"model": "home.position", "pk": 5, "fields": {"name": "Executive Marketing Director", "bp_required_min": 2500, "bp_required_max": 4999, "discount_percentage": "50.00", "commission_percentage": "50.00", "can_earn_commission": true, "monthly_quota": "5000.00", "level_order": 5, "is_active": true}}, {"model": "home.mlmmember", "pk": 1, "fields": {"user": 3, "member_id": "57476164", "position": 5, "sponsor": null, "current_month_purchase": "5788.00", "total_bp": 84, "is_active": true, "join_date": "2025-03-19T10:39:30.570Z", "total_earnings": "0.00", "created_at": "2025-03-19T10:39:30.570Z", "updated_at": "2025-03-19T10:39:30.570Z", "first_purchase_bonus_received": false, "first_payment_complete": false, "first_payment_amount": "0.00", "monthly_quota_maintained": true, "last_commission_calculation": null}}, {"model": "home.mlmmember", "pk": 2, "fields": {"user": 4, "member_id": "97953925", "position": 4, "sponsor": 1, "current_month_purchase": "5788.00", "total_bp": 70, "is_active": true, "join_date": "2025-03-19T10:40:46.542Z", "total_earnings": "0.00", "created_at": "2025-03-19T10:40:46.542Z", "updated_at": "2025-03-19T10:40:46.542Z", "first_purchase_bonus_received": false, "first_payment_complete": false, "first_payment_amount": "0.00", "monthly_quota_maintained": false, "last_commission_calculation": null}}, {"model": "home.mlmmember", "pk": 3, "fields": {"user": 5, "member_id": "18415381", "position": 3, "sponsor": 1, "current_month_purchase": "5410.00", "total_bp": 56, "is_active": true, "join_date": "2025-03-19T10:42:01.483Z", "total_earnings": "0.00", "created_at": "2025-03-19T10:42:01.483Z", "updated_at": "2025-03-19T10:42:01.483Z", "first_purchase_bonus_received": false, "first_payment_complete": false, "first_payment_amount": "0.00", "monthly_quota_maintained": false, "last_commission_calculation": null}}, {"model": "home.mlmmember", "pk": 4, "fields": {"user": 6, "member_id": "99600402", "position": 2, "sponsor": 1, "current_month_purchase": "5589.98", "total_bp": 48, "is_active": true, "join_date": "2025-03-19T10:44:52.864Z", "total_earnings": "0.00", "created_at": "2025-03-19T10:44:52.864Z", "updated_at": "2025-03-19T10:44:52.864Z", "first_purchase_bonus_received": false, "first_payment_complete": false, "first_payment_amount": "0.00", "monthly_quota_maintained": true, "last_commission_calculation": null}}, {"model": "home.mlmmember", "pk": 5, "fields": {"user": 7, "member_id": "30434149", "position": 1, "sponsor": 1, "current_month_purchase": "7124.48", "total_bp": 55, "is_active": true, "join_date": "2025-03-19T10:45:59.811Z", "total_earnings": "0.00", "created_at": "2025-03-19T10:45:59.811Z", "updated_at": "2025-03-19T10:45:59.811Z", "first_purchase_bonus_received": false, "first_payment_complete": false, "first_payment_amount": "0.00", "monthly_quota_maintained": false, "last_commission_calculation": null}}, {"model": "home.mlmmember", "pk": 6, "fields": {"user": 8, "member_id": "05350401", "position": 5, "sponsor": null, "current_month_purchase": "0.00", "total_bp": 0, "is_active": true, "join_date": "2025-03-19T10:47:35.278Z", "total_earnings": "4000.00", "created_at": "2025-03-19T10:47:35.278Z", "updated_at": "2025-03-19T10:47:35.278Z", "first_purchase_bonus_received": false, "first_payment_complete": false, "first_payment_amount": "0.00", "monthly_quota_maintained": false, "last_commission_calculation": null}}, {"model": "home.mlmmember", "pk": 7, "fields": {"user": 9, "member_id": "94036166", "position": 4, "sponsor": 6, "current_month_purchase": "0.00", "total_bp": 0, "is_active": true, "join_date": "2025-03-19T10:48:31.014Z", "total_earnings": "0.00", "created_at": "2025-03-19T10:48:31.014Z", "updated_at": "2025-03-19T10:48:31.014Z", "first_purchase_bonus_received": false, "first_payment_complete": false, "first_payment_amount": "0.00", "monthly_quota_maintained": false, "last_commission_calculation": null}}, {"model": "home.mlmmember", "pk": 8, "fields": {"user": 10, "member_id": "19405220", "position": 4, "sponsor": 6, "current_month_purchase": "6273.98", "total_bp": 72, "is_active": true, "join_date": "2025-03-19T10:50:18.239Z", "total_earnings": "0.00", "created_at": "2025-03-19T10:50:18.239Z", "updated_at": "2025-03-19T10:50:18.239Z", "first_purchase_bonus_received": true, "first_payment_complete": true, "first_payment_amount": "6273.98", "monthly_quota_maintained": false, "last_commission_calculation": null}}, {"model": "home.mlmmember", "pk": 9, "fields": {"user": 11, "member_id": "40598531", "position": 3, "sponsor": 6, "current_month_purchase": "0.00", "total_bp": 0, "is_active": true, "join_date": "2025-03-19T10:51:33.961Z", "total_earnings": "0.00", "created_at": "2025-03-19T10:51:33.961Z", "updated_at": "2025-03-19T10:51:33.961Z", "first_purchase_bonus_received": false, "first_payment_complete": false, "first_payment_amount": "0.00", "monthly_quota_maintained": false, "last_commission_calculation": null}}, {"model": "home.mlmmember", "pk": 10, "fields": {"user": 12, "member_id": "05186573", "position": 2, "sponsor": 6, "current_month_purchase": "6273.98", "total_bp": 54, "is_active": true, "join_date": "2025-03-19T10:53:19.812Z", "total_earnings": "0.00", "created_at": "2025-03-19T10:53:19.812Z", "updated_at": "2025-03-19T10:53:19.812Z", "first_purchase_bonus_received": true, "first_payment_complete": true, "first_payment_amount": "6273.98", "monthly_quota_maintained": false, "last_commission_calculation": null}}, {"model": "home.mlmmember", "pk": 11, "fields": {"user": 13, "member_id": "39235578", "position": 1, "sponsor": 6, "current_month_purchase": "6233.49", "total_bp": 48, "is_active": true, "join_date": "2025-03-19T10:54:41.106Z", "total_earnings": "0.00", "created_at": "2025-03-19T10:54:41.106Z", "updated_at": "2025-03-19T10:54:41.106Z", "first_purchase_bonus_received": false, "first_payment_complete": false, "first_payment_amount": "0.00", "monthly_quota_maintained": false, "last_commission_calculation": null}}, {"model": "home.mlmmember", "pk": 12, "fields": {"user": 14, "member_id": "99814061", "position": 3, "sponsor": 2, "current_month_purchase": "0.00", "total_bp": 0, "is_active": true, "join_date": "2025-03-19T10:57:21.842Z", "total_earnings": "0.00", "created_at": "2025-03-19T10:57:21.842Z", "updated_at": "2025-03-19T10:57:21.842Z", "first_purchase_bonus_received": false, "first_payment_complete": false, "first_payment_amount": "0.00", "monthly_quota_maintained": false, "last_commission_calculation": null}}, {"model": "home.mlmmember", "pk": 13, "fields": {"user": 15, "member_id": "93649936", "position": 2, "sponsor": 2, "current_month_purchase": "0.00", "total_bp": 0, "is_active": true, "join_date": "2025-03-19T10:59:02.616Z", "total_earnings": "0.00", "created_at": "2025-03-19T10:59:02.616Z", "updated_at": "2025-03-19T10:59:02.616Z", "first_purchase_bonus_received": false, "first_payment_complete": false, "first_payment_amount": "0.00", "monthly_quota_maintained": false, "last_commission_calculation": null}}, {"model": "home.mlmmember", "pk": 14, "fields": {"user": 16, "member_id": "10987548", "position": 3, "sponsor": 7, "current_month_purchase": "0.00", "total_bp": 0, "is_active": true, "join_date": "2025-03-19T11:00:13.615Z", "total_earnings": "0.00", "created_at": "2025-03-19T11:00:13.615Z", "updated_at": "2025-03-19T11:00:13.615Z", "first_purchase_bonus_received": false, "first_payment_complete": false, "first_payment_amount": "0.00", "monthly_quota_maintained": false, "last_commission_calculation": null}}, {"model": "home.mlmmember", "pk": 15, "fields": {"user": 17, "member_id": "37417229", "position": 2, "sponsor": 7, "current_month_purchase": "0.00", "total_bp": 0, "is_active": true, "join_date": "2025-03-19T11:01:25.457Z", "total_earnings": "0.00", "created_at": "2025-03-19T11:01:25.457Z", "updated_at": "2025-03-19T11:01:25.457Z", "first_purchase_bonus_received": false, "first_payment_complete": false, "first_payment_amount": "0.00", "monthly_quota_maintained": false, "last_commission_calculation": null}}, {"model": "home.mlmmember", "pk": 16, "fields": {"user": 18, "member_id": "66461671", "position": 1, "sponsor": 7, "current_month_purchase": "0.00", "total_bp": 0, "is_active": true, "join_date": "2025-03-19T11:03:57.542Z", "total_earnings": "0.00", "created_at": "2025-03-19T11:03:57.542Z", "updated_at": "2025-03-19T11:03:57.542Z", "first_purchase_bonus_received": false, "first_payment_complete": false, "first_payment_amount": "0.00", "monthly_quota_maintained": false, "last_commission_calculation": null}}, {"model": "home.mlmmember", "pk": 17, "fields": {"user": 20, "member_id": "68766151", "position": 2, "sponsor": null, "current_month_purchase": "0.00", "total_bp": 0, "is_active": true, "join_date": "2025-03-19T12:51:36.250Z", "total_earnings": "0.00", "created_at": "2025-03-19T12:51:36.250Z", "updated_at": "2025-03-19T12:51:36.250Z", "first_purchase_bonus_received": false, "first_payment_complete": false, "first_payment_amount": "0.00", "monthly_quota_maintained": false, "last_commission_calculation": null}}, {"model": "home.mlmmember", "pk": 18, "fields": {"user": 21, "member_id": "36153517", "position": 1, "sponsor": 17, "current_month_purchase": "0.00", "total_bp": 0, "is_active": true, "join_date": "2025-03-19T14:35:09.282Z", "total_earnings": "0.00", "created_at": "2025-03-19T14:35:09.282Z", "updated_at": "2025-03-19T14:35:09.282Z", "first_purchase_bonus_received": false, "first_payment_complete": false, "first_payment_amount": "0.00", "monthly_quota_maintained": false, "last_commission_calculation": null}}, {"model": "home.mlmmember", "pk": 19, "fields": {"user": 22, "member_id": "70432369", "position": 1, "sponsor": 17, "current_month_purchase": "0.00", "total_bp": 0, "is_active": true, "join_date": "2025-03-19T15:33:17.524Z", "total_earnings": "0.00", "created_at": "2025-03-19T15:33:17.524Z", "updated_at": "2025-03-19T15:33:17.524Z", "first_purchase_bonus_received": false, "first_payment_complete": false, "first_payment_amount": "0.00", "monthly_quota_maintained": false, "last_commission_calculation": null}}, {"model": "home.mlmmember", "pk": 20, "fields": {"user": 23, "member_id": "24923504", "position": 3, "sponsor": null, "current_month_purchase": "6032.00", "total_bp": 60, "is_active": true, "join_date": "2025-03-19T16:09:13.173Z", "total_earnings": "0.00", "created_at": "2025-03-19T16:09:13.173Z", "updated_at": "2025-03-19T16:09:13.173Z", "first_purchase_bonus_received": false, "first_payment_complete": false, "first_payment_amount": "0.00", "monthly_quota_maintained": true, "last_commission_calculation": null}}, {"model": "home.kycdocument", "pk": 1, "fields": {"mlm_member": 1, "document_type": "AADHAR", "document_number": "225522552255", "document_file": "kyc_documents/2025/03/Screenshot_1.png", "status": "VERIFIED", "verified_by": 2, "verification_date": "2025-03-19T20:15:15.513Z", "rejection_reason": "", "created_at": "2025-03-19T11:11:08.699Z", "updated_at": "2025-03-19T20:15:15.513Z"}}, {"model": "home.kycdocument", "pk": 2, "fields": {"mlm_member": 1, "document_type": "PAN", "document_number": "AAAAA1111A", "document_file": "kyc_documents/2025/03/Screenshot_1_JEAQD7B.png", "status": "VERIFIED", "verified_by": 2, "verification_date": "2025-03-19T20:15:20.273Z", "rejection_reason": "", "created_at": "2025-03-19T11:14:52.865Z", "updated_at": "2025-03-19T20:15:20.273Z"}}, {"model": "home.kycdocument", "pk": 3, "fields": {"mlm_member": 1, "document_type": "BANK_STATEMENT", "document_number": "9988988988", "document_file": "kyc_documents/2025/03/Screenshot_1_Y4skXA0.png", "status": "VERIFIED", "verified_by": 2, "verification_date": "2025-03-19T20:15:25.350Z", "rejection_reason": "", "created_at": "2025-03-19T11:15:16.231Z", "updated_at": "2025-03-19T20:15:25.351Z"}}, {"model": "home.kycdocument", "pk": 4, "fields": {"mlm_member": 1, "document_type": "CANCELLED_CHEQUE", "document_number": "5545445", "document_file": "kyc_documents/2025/03/Screenshot_1_Z9KDU4D.png", "status": "VERIFIED", "verified_by": 2, "verification_date": "2025-03-19T20:15:30.870Z", "rejection_reason": "", "created_at": "2025-03-19T11:15:29.585Z", "updated_at": "2025-03-19T20:15:30.871Z"}}, {"model": "home.kycdocument", "pk": 5, "fields": {"mlm_member": 2, "document_type": "AADHAR", "document_number": "663366336633", "document_file": "kyc_documents/2025/03/Screenshot_1_RP5jE9M.png", "status": "VERIFIED", "verified_by": 2, "verification_date": "2025-03-19T20:15:35.987Z", "rejection_reason": "", "created_at": "2025-03-19T11:18:57.710Z", "updated_at": "2025-03-19T20:15:35.987Z"}}, {"model": "home.kycdocument", "pk": 6, "fields": {"mlm_member": 2, "document_type": "PAN", "document_number": "AAAAA2222A", "document_file": "kyc_documents/2025/03/Screenshot_1_QFy6sLD.png", "status": "VERIFIED", "verified_by": 2, "verification_date": "2025-03-19T20:15:40.270Z", "rejection_reason": "", "created_at": "2025-03-19T11:20:10.727Z", "updated_at": "2025-03-19T20:15:40.270Z"}}, {"model": "home.kycdocument", "pk": 7, "fields": {"mlm_member": 2, "document_type": "BANK_STATEMENT", "document_number": "55446444151", "document_file": "kyc_documents/2025/03/Screenshot_1_E05AFu9.png", "status": "VERIFIED", "verified_by": 2, "verification_date": "2025-03-19T20:15:45.633Z", "rejection_reason": "", "created_at": "2025-03-19T11:20:26.580Z", "updated_at": "2025-03-19T20:15:45.633Z"}}, {"model": "home.kycdocument", "pk": 8, "fields": {"mlm_member": 2, "document_type": "CANCELLED_CHEQUE", "document_number": "665265466", "document_file": "kyc_documents/2025/03/Screenshot_1_MnJfOBW.png", "status": "VERIFIED", "verified_by": 2, "verification_date": "2025-03-19T20:15:57.870Z", "rejection_reason": "", "created_at": "2025-03-19T11:21:24.850Z", "updated_at": "2025-03-19T20:15:57.871Z"}}, {"model": "home.kycdocument", "pk": 9, "fields": {"mlm_member": 3, "document_type": "AADHAR", "document_number": "554455445544", "document_file": "kyc_documents/2025/03/Screenshot_1_117PYfT.png", "status": "VERIFIED", "verified_by": 2, "verification_date": "2025-03-19T20:15:51.028Z", "rejection_reason": "", "created_at": "2025-03-19T11:25:22.979Z", "updated_at": "2025-03-19T20:15:51.028Z"}}, {"model": "home.kycdocument", "pk": 10, "fields": {"mlm_member": 3, "document_type": "PAN", "document_number": "DDDDD3333A", "document_file": "kyc_documents/2025/03/Screenshot_1_TAvBLFX.png", "status": "VERIFIED", "verified_by": 2, "verification_date": "2025-03-19T20:16:05.391Z", "rejection_reason": "", "created_at": "2025-03-19T11:27:35.737Z", "updated_at": "2025-03-19T20:16:05.392Z"}}, {"model": "home.kycdocument", "pk": 11, "fields": {"mlm_member": 3, "document_type": "BANK_STATEMENT", "document_number": "5565565", "document_file": "kyc_documents/2025/03/Screenshot_1_5vRKXV8.png", "status": "VERIFIED", "verified_by": 2, "verification_date": "2025-03-19T20:16:11.429Z", "rejection_reason": "", "created_at": "2025-03-19T11:34:47.847Z", "updated_at": "2025-03-19T20:16:11.429Z"}}, {"model": "home.kycdocument", "pk": 12, "fields": {"mlm_member": 3, "document_type": "CANCELLED_CHEQUE", "document_number": "5", "document_file": "kyc_documents/2025/03/Screenshot_1_yKIaaLo.png", "status": "VERIFIED", "verified_by": 2, "verification_date": "2025-03-19T20:16:16.389Z", "rejection_reason": "", "created_at": "2025-03-19T11:35:09.791Z", "updated_at": "2025-03-19T20:16:16.389Z"}}, {"model": "home.kycdocument", "pk": 13, "fields": {"mlm_member": 4, "document_type": "AADHAR", "document_number": "663366336633", "document_file": "kyc_documents/2025/03/Screenshot_1_P3Y81fT.png", "status": "VERIFIED", "verified_by": 2, "verification_date": "2025-03-19T20:16:20.916Z", "rejection_reason": "", "created_at": "2025-03-19T11:36:32.338Z", "updated_at": "2025-03-19T20:16:20.916Z"}}, {"model": "home.kycdocument", "pk": 14, "fields": {"mlm_member": 4, "document_type": "PAN", "document_number": "FFFFF6666E", "document_file": "kyc_documents/2025/03/Screenshot_1_xiHIv2y.png", "status": "VERIFIED", "verified_by": 2, "verification_date": "2025-03-19T20:16:29.070Z", "rejection_reason": "", "created_at": "2025-03-19T11:37:01.477Z", "updated_at": "2025-03-19T20:16:29.070Z"}}, {"model": "home.kycdocument", "pk": 15, "fields": {"mlm_member": 4, "document_type": "BANK_STATEMENT", "document_number": "154", "document_file": "kyc_documents/2025/03/Screenshot_1_R8pPvla.png", "status": "VERIFIED", "verified_by": 2, "verification_date": "2025-03-19T20:16:33.311Z", "rejection_reason": "", "created_at": "2025-03-19T11:37:09.942Z", "updated_at": "2025-03-19T20:16:33.311Z"}}, {"model": "home.kycdocument", "pk": 16, "fields": {"mlm_member": 4, "document_type": "CANCELLED_CHEQUE", "document_number": "54", "document_file": "kyc_documents/2025/03/Screenshot_1_TXnjl87.png", "status": "VERIFIED", "verified_by": 2, "verification_date": "2025-03-19T20:16:37.468Z", "rejection_reason": "", "created_at": "2025-03-19T11:37:21.034Z", "updated_at": "2025-03-19T20:16:37.468Z"}}, {"model": "home.kycdocument", "pk": 17, "fields": {"mlm_member": 5, "document_type": "AADHAR", "document_number": "336633663366", "document_file": "kyc_documents/2025/03/Screenshot_1_ouQepdk.png", "status": "VERIFIED", "verified_by": 2, "verification_date": "2025-03-19T20:16:41.348Z", "rejection_reason": "", "created_at": "2025-03-19T11:38:47.357Z", "updated_at": "2025-03-19T20:16:41.348Z"}}, {"model": "home.kycdocument", "pk": 18, "fields": {"mlm_member": 5, "document_type": "PAN", "document_number": "DDDDD3333S", "document_file": "kyc_documents/2025/03/Screenshot_1_ZY9GlLT.png", "status": "VERIFIED", "verified_by": 2, "verification_date": "2025-03-19T20:16:47.231Z", "rejection_reason": "", "created_at": "2025-03-19T11:39:07.943Z", "updated_at": "2025-03-19T20:16:47.231Z"}}, {"model": "home.kycdocument", "pk": 19, "fields": {"mlm_member": 5, "document_type": "BANK_STATEMENT", "document_number": "56456", "document_file": "kyc_documents/2025/03/Screenshot_1_CqZv8mX.png", "status": "VERIFIED", "verified_by": 2, "verification_date": "2025-03-19T20:16:51.508Z", "rejection_reason": "", "created_at": "2025-03-19T11:39:17.233Z", "updated_at": "2025-03-19T20:16:51.508Z"}}, {"model": "home.kycdocument", "pk": 20, "fields": {"mlm_member": 5, "document_type": "CANCELLED_CHEQUE", "document_number": "35454", "document_file": "kyc_documents/2025/03/Screenshot_1_6fWoFTS.png", "status": "VERIFIED", "verified_by": 2, "verification_date": "2025-03-19T20:16:55.791Z", "rejection_reason": "", "created_at": "2025-03-19T11:39:29.135Z", "updated_at": "2025-03-19T20:16:55.791Z"}}, {"model": "home.kycdocument", "pk": 21, "fields": {"mlm_member": 6, "document_type": "AADHAR", "document_number": "336633663366", "document_file": "kyc_documents/2025/03/Screenshot_1_SP1AI7H.png", "status": "VERIFIED", "verified_by": 2, "verification_date": "2025-03-20T11:38:17.060Z", "rejection_reason": "", "created_at": "2025-03-19T11:49:49.087Z", "updated_at": "2025-03-20T11:38:17.060Z"}}, {"model": "home.kycdocument", "pk": 22, "fields": {"mlm_member": 6, "document_type": "PAN", "document_number": "XXXXX2222A", "document_file": "kyc_documents/2025/03/Screenshot_1_PXRCv2w.png", "status": "VERIFIED", "verified_by": 2, "verification_date": "2025-03-20T11:37:25.777Z", "rejection_reason": "", "created_at": "2025-03-19T11:50:07.595Z", "updated_at": "2025-03-20T11:37:25.777Z"}}, {"model": "home.kycdocument", "pk": 23, "fields": {"mlm_member": 6, "document_type": "BANK_STATEMENT", "document_number": "46546", "document_file": "kyc_documents/2025/03/Screenshot_1_d9CPxvc.png", "status": "VERIFIED", "verified_by": 2, "verification_date": "2025-03-20T11:37:32.611Z", "rejection_reason": "", "created_at": "2025-03-19T11:50:16.999Z", "updated_at": "2025-03-20T11:37:32.611Z"}}, {"model": "home.kycdocument", "pk": 24, "fields": {"mlm_member": 6, "document_type": "CANCELLED_CHEQUE", "document_number": "5434", "document_file": "kyc_documents/2025/03/Screenshot_1_p5a3yfX.png", "status": "VERIFIED", "verified_by": 2, "verification_date": "2025-03-20T11:37:38.976Z", "rejection_reason": "", "created_at": "2025-03-19T11:50:24.620Z", "updated_at": "2025-03-20T11:37:38.976Z"}}, {"model": "home.kycdocument", "pk": 25, "fields": {"mlm_member": 7, "document_type": "AADHAR", "document_number": "556655662255", "document_file": "kyc_documents/2025/03/Screenshot_1_iydj9uU.png", "status": "VERIFIED", "verified_by": 2, "verification_date": "2025-03-20T11:37:44.124Z", "rejection_reason": "", "created_at": "2025-03-19T11:51:48.473Z", "updated_at": "2025-03-20T11:37:44.124Z"}}, {"model": "home.kycdocument", "pk": 26, "fields": {"mlm_member": 7, "document_type": "PAN", "document_number": "RRRRR8888R", "document_file": "kyc_documents/2025/03/Screenshot_1_lBfQ5N1.png", "status": "VERIFIED", "verified_by": 2, "verification_date": "2025-03-20T11:37:52.914Z", "rejection_reason": "", "created_at": "2025-03-19T11:52:06.975Z", "updated_at": "2025-03-20T11:37:52.914Z"}}, {"model": "home.kycdocument", "pk": 27, "fields": {"mlm_member": 7, "document_type": "BANK_STATEMENT", "document_number": "6", "document_file": "kyc_documents/2025/03/Screenshot_1_IjuGUNI.png", "status": "VERIFIED", "verified_by": 2, "verification_date": "2025-03-20T11:37:48.370Z", "rejection_reason": "", "created_at": "2025-03-19T11:52:14.286Z", "updated_at": "2025-03-20T11:37:48.370Z"}}, {"model": "home.kycdocument", "pk": 28, "fields": {"mlm_member": 7, "document_type": "CANCELLED_CHEQUE", "document_number": "3543", "document_file": "kyc_documents/2025/03/Screenshot_1_ksbjtS9.png", "status": "VERIFIED", "verified_by": 2, "verification_date": "2025-03-20T11:38:02.034Z", "rejection_reason": "", "created_at": "2025-03-19T11:52:22.904Z", "updated_at": "2025-03-20T11:38:02.034Z"}}, {"model": "home.kycdocument", "pk": 29, "fields": {"mlm_member": 8, "document_type": "AADHAR", "document_number": "336633663333", "document_file": "kyc_documents/2025/03/Screenshot_1_Kta89xu.png", "status": "VERIFIED", "verified_by": 2, "verification_date": "2025-03-20T11:38:12.341Z", "rejection_reason": "", "created_at": "2025-03-19T11:53:48.158Z", "updated_at": "2025-03-20T11:38:12.342Z"}}, {"model": "home.kycdocument", "pk": 30, "fields": {"mlm_member": 8, "document_type": "PAN", "document_number": "QQQQQ5555W", "document_file": "kyc_documents/2025/03/Screenshot_1_7W94OqQ.png", "status": "VERIFIED", "verified_by": 2, "verification_date": "2025-03-20T11:38:56.763Z", "rejection_reason": "", "created_at": "2025-03-19T11:54:13.998Z", "updated_at": "2025-03-20T11:38:56.764Z"}}, {"model": "home.kycdocument", "pk": 31, "fields": {"mlm_member": 8, "document_type": "BANK_STATEMENT", "document_number": "226", "document_file": "kyc_documents/2025/03/Screenshot_1_5zZVprL.png", "status": "VERIFIED", "verified_by": 2, "verification_date": "2025-03-20T11:38:46.781Z", "rejection_reason": "", "created_at": "2025-03-19T11:54:21.430Z", "updated_at": "2025-03-20T11:38:46.781Z"}}, {"model": "home.kycdocument", "pk": 32, "fields": {"mlm_member": 8, "document_type": "CANCELLED_CHEQUE", "document_number": "5454", "document_file": "kyc_documents/2025/03/Screenshot_1_iNiKsIk.png", "status": "VERIFIED", "verified_by": 2, "verification_date": "2025-03-20T11:38:39.737Z", "rejection_reason": "", "created_at": "2025-03-19T11:54:30.917Z", "updated_at": "2025-03-20T11:38:39.737Z"}}, {"model": "home.kycdocument", "pk": 33, "fields": {"mlm_member": 9, "document_type": "AADHAR", "document_number": "885588558855", "document_file": "kyc_documents/2025/03/Screenshot_1_w1TzI0J.png", "status": "VERIFIED", "verified_by": 2, "verification_date": "2025-03-20T11:39:22.729Z", "rejection_reason": "", "created_at": "2025-03-19T11:55:10.892Z", "updated_at": "2025-03-20T11:39:22.729Z"}}, {"model": "home.kycdocument", "pk": 34, "fields": {"mlm_member": 9, "document_type": "PAN", "document_number": "SSSSS5555S", "document_file": "kyc_documents/2025/03/Screenshot_1_0NeGRWr.png", "status": "VERIFIED", "verified_by": 2, "verification_date": "2025-03-20T11:39:18.290Z", "rejection_reason": "", "created_at": "2025-03-19T11:55:41.420Z", "updated_at": "2025-03-20T11:39:18.290Z"}}, {"model": "home.kycdocument", "pk": 35, "fields": {"mlm_member": 9, "document_type": "BANK_STATEMENT", "document_number": "4346'", "document_file": "kyc_documents/2025/03/Screenshot_1_3T7q37X.png", "status": "VERIFIED", "verified_by": 2, "verification_date": "2025-03-20T11:39:14.380Z", "rejection_reason": "", "created_at": "2025-03-19T11:55:52.398Z", "updated_at": "2025-03-20T11:39:14.380Z"}}, {"model": "home.kycdocument", "pk": 36, "fields": {"mlm_member": 9, "document_type": "CANCELLED_CHEQUE", "document_number": "3543", "document_file": "kyc_documents/2025/03/Screenshot_1_TT7FnUd.png", "status": "VERIFIED", "verified_by": 2, "verification_date": "2025-03-20T11:39:04.029Z", "rejection_reason": "", "created_at": "2025-03-19T11:55:59.567Z", "updated_at": "2025-03-20T11:39:04.030Z"}}, {"model": "home.kycdocument", "pk": 37, "fields": {"mlm_member": 10, "document_type": "AADHAR", "document_number": "445566555522", "document_file": "kyc_documents/2025/03/Screenshot_1_hn101ix.png", "status": "VERIFIED", "verified_by": 2, "verification_date": "2025-03-20T11:39:46.852Z", "rejection_reason": "", "created_at": "2025-03-19T11:57:32.981Z", "updated_at": "2025-03-20T11:39:46.852Z"}}, {"model": "home.kycdocument", "pk": 38, "fields": {"mlm_member": 10, "document_type": "PAN", "document_number": "DDDDD4444A", "document_file": "kyc_documents/2025/03/Screenshot_1_wxaJ8tC.png", "status": "VERIFIED", "verified_by": 2, "verification_date": "2025-03-20T11:39:41.810Z", "rejection_reason": "", "created_at": "2025-03-19T11:57:55.833Z", "updated_at": "2025-03-20T11:39:41.810Z"}}, {"model": "home.kycdocument", "pk": 39, "fields": {"mlm_member": 10, "document_type": "BANK_STATEMENT", "document_number": "324", "document_file": "kyc_documents/2025/03/Screenshot_1_1LwYTFb.png", "status": "VERIFIED", "verified_by": 2, "verification_date": "2025-03-20T11:39:31.695Z", "rejection_reason": "", "created_at": "2025-03-19T11:58:03.930Z", "updated_at": "2025-03-20T11:39:31.696Z"}}, {"model": "home.kycdocument", "pk": 40, "fields": {"mlm_member": 10, "document_type": "CANCELLED_CHEQUE", "document_number": "464", "document_file": "kyc_documents/2025/03/Screenshot_1_lGGIlS6.png", "status": "VERIFIED", "verified_by": 2, "verification_date": "2025-03-20T11:39:27.575Z", "rejection_reason": "", "created_at": "2025-03-19T11:58:09.894Z", "updated_at": "2025-03-20T11:39:27.575Z"}}, {"model": "home.kycdocument", "pk": 41, "fields": {"mlm_member": 11, "document_type": "AADHAR", "document_number": "996655663333", "document_file": "kyc_documents/2025/03/Screenshot_1_5CPCq7q.png", "status": "VERIFIED", "verified_by": 2, "verification_date": "2025-03-20T11:40:07.389Z", "rejection_reason": "", "created_at": "2025-03-19T11:59:36.099Z", "updated_at": "2025-03-20T11:40:07.389Z"}}, {"model": "home.kycdocument", "pk": 42, "fields": {"mlm_member": 11, "document_type": "PAN", "document_number": "KKKKK5555A", "document_file": "kyc_documents/2025/03/Screenshot_1_1T4TlwC.png", "status": "VERIFIED", "verified_by": 2, "verification_date": "2025-03-20T11:39:52.037Z", "rejection_reason": "", "created_at": "2025-03-19T12:00:09.461Z", "updated_at": "2025-03-20T11:39:52.037Z"}}, {"model": "home.kycdocument", "pk": 43, "fields": {"mlm_member": 11, "document_type": "BANK_STATEMENT", "document_number": "35456", "document_file": "kyc_documents/2025/03/Screenshot_1_cf66Kqi.png", "status": "VERIFIED", "verified_by": 2, "verification_date": "2025-03-20T11:40:02.904Z", "rejection_reason": "", "created_at": "2025-03-19T12:00:15.839Z", "updated_at": "2025-03-20T11:40:02.904Z"}}, {"model": "home.kycdocument", "pk": 44, "fields": {"mlm_member": 11, "document_type": "CANCELLED_CHEQUE", "document_number": "555", "document_file": "kyc_documents/2025/03/Screenshot_1_48Q3c1Z.png", "status": "VERIFIED", "verified_by": 2, "verification_date": "2025-03-20T11:39:56.891Z", "rejection_reason": "", "created_at": "2025-03-19T12:00:25.593Z", "updated_at": "2025-03-20T11:39:56.891Z"}}, {"model": "home.kycdocument", "pk": 45, "fields": {"mlm_member": 12, "document_type": "AADHAR", "document_number": "552266221111", "document_file": "kyc_documents/2025/03/Screenshot_1_OVYqDwt.png", "status": "VERIFIED", "verified_by": 2, "verification_date": "2025-03-20T11:40:27.962Z", "rejection_reason": "", "created_at": "2025-03-19T12:03:14.830Z", "updated_at": "2025-03-20T11:40:27.962Z"}}, {"model": "home.kycdocument", "pk": 46, "fields": {"mlm_member": 12, "document_type": "PAN", "document_number": "SSSSS5555A", "document_file": "kyc_documents/2025/03/Screenshot_1_uOIx0tt.png", "status": "VERIFIED", "verified_by": 2, "verification_date": "2025-03-20T11:40:23.639Z", "rejection_reason": "", "created_at": "2025-03-19T12:03:47.326Z", "updated_at": "2025-03-20T11:40:23.639Z"}}, {"model": "home.kycdocument", "pk": 47, "fields": {"mlm_member": 12, "document_type": "BANK_STATEMENT", "document_number": "35", "document_file": "kyc_documents/2025/03/Screenshot_1_k7vR90k.png", "status": "VERIFIED", "verified_by": 2, "verification_date": "2025-03-20T11:40:17.030Z", "rejection_reason": "", "created_at": "2025-03-19T12:03:53.543Z", "updated_at": "2025-03-20T11:40:17.030Z"}}, {"model": "home.kycdocument", "pk": 48, "fields": {"mlm_member": 12, "document_type": "CANCELLED_CHEQUE", "document_number": "646", "document_file": "kyc_documents/2025/03/Screenshot_1_IE5fSCV.png", "status": "VERIFIED", "verified_by": 2, "verification_date": "2025-03-20T11:40:12.762Z", "rejection_reason": "", "created_at": "2025-03-19T12:04:02.762Z", "updated_at": "2025-03-20T11:40:12.762Z"}}, {"model": "home.kycdocument", "pk": 49, "fields": {"mlm_member": 13, "document_type": "AADHAR", "document_number": "221155566225", "document_file": "kyc_documents/2025/03/Screenshot_1_hrnPuQh.png", "status": "VERIFIED", "verified_by": 2, "verification_date": "2025-03-20T11:40:53.692Z", "rejection_reason": "", "created_at": "2025-03-19T12:06:21.497Z", "updated_at": "2025-03-20T11:40:53.692Z"}}, {"model": "home.kycdocument", "pk": 50, "fields": {"mlm_member": 13, "document_type": "PAN", "document_number": "SSSSS6666F", "document_file": "kyc_documents/2025/03/Screenshot_1_Kqv6tCV.png", "status": "VERIFIED", "verified_by": 2, "verification_date": "2025-03-20T11:40:47.118Z", "rejection_reason": "", "created_at": "2025-03-19T12:06:36.909Z", "updated_at": "2025-03-20T11:40:47.118Z"}}, {"model": "home.kycdocument", "pk": 51, "fields": {"mlm_member": 13, "document_type": "BANK_STATEMENT", "document_number": "213", "document_file": "kyc_documents/2025/03/Screenshot_1_2qzkG2n.png", "status": "VERIFIED", "verified_by": 2, "verification_date": "2025-03-20T11:40:41.306Z", "rejection_reason": "", "created_at": "2025-03-19T12:06:48.399Z", "updated_at": "2025-03-20T11:40:41.306Z"}}, {"model": "home.kycdocument", "pk": 52, "fields": {"mlm_member": 13, "document_type": "CANCELLED_CHEQUE", "document_number": "654", "document_file": "kyc_documents/2025/03/Screenshot_1_fLofoJx.png", "status": "VERIFIED", "verified_by": 2, "verification_date": "2025-03-20T11:40:34.765Z", "rejection_reason": "", "created_at": "2025-03-19T12:07:14.083Z", "updated_at": "2025-03-20T11:40:34.765Z"}}, {"model": "home.kycdocument", "pk": 53, "fields": {"mlm_member": 14, "document_type": "AADHAR", "document_number": "554455445544", "document_file": "kyc_documents/2025/03/Screenshot_1_7XrSPDy.png", "status": "VERIFIED", "verified_by": 2, "verification_date": "2025-03-19T20:14:45.510Z", "rejection_reason": "", "created_at": "2025-03-19T12:08:05.810Z", "updated_at": "2025-03-19T20:14:45.510Z"}}, {"model": "home.kycdocument", "pk": 54, "fields": {"mlm_member": 14, "document_type": "PAN", "document_number": "AAAAA5555S", "document_file": "kyc_documents/2025/03/Screenshot_1_swrYSy1.png", "status": "VERIFIED", "verified_by": 2, "verification_date": "2025-03-19T20:14:35.229Z", "rejection_reason": "", "created_at": "2025-03-19T12:08:27.947Z", "updated_at": "2025-03-19T20:14:35.229Z"}}, {"model": "home.kycdocument", "pk": 55, "fields": {"mlm_member": 14, "document_type": "BANK_STATEMENT", "document_number": "655", "document_file": "kyc_documents/2025/03/Screenshot_1_8u6gUly.png", "status": "VERIFIED", "verified_by": 2, "verification_date": "2025-03-19T20:14:28.992Z", "rejection_reason": "", "created_at": "2025-03-19T12:08:36.865Z", "updated_at": "2025-03-19T20:14:28.992Z"}}, {"model": "home.kycdocument", "pk": 56, "fields": {"mlm_member": 14, "document_type": "CANCELLED_CHEQUE", "document_number": "423", "document_file": "kyc_documents/2025/03/Screenshot_1_sC2opUH.png", "status": "VERIFIED", "verified_by": 2, "verification_date": "2025-03-19T20:14:10.429Z", "rejection_reason": "", "created_at": "2025-03-19T12:08:47.030Z", "updated_at": "2025-03-19T20:14:10.429Z"}}, {"model": "home.kycdocument", "pk": 57, "fields": {"mlm_member": 15, "document_type": "AADHAR", "document_number": "774455885522", "document_file": "kyc_documents/2025/03/Screenshot_1_bEKAEAi.png", "status": "VERIFIED", "verified_by": 2, "verification_date": "2025-03-19T20:14:02.519Z", "rejection_reason": "", "created_at": "2025-03-19T12:09:48.720Z", "updated_at": "2025-03-19T20:14:02.519Z"}}, {"model": "home.kycdocument", "pk": 58, "fields": {"mlm_member": 15, "document_type": "PAN", "document_number": "WWWWW3333A", "document_file": "kyc_documents/2025/03/Screenshot_1_PoG5vDG.png", "status": "VERIFIED", "verified_by": 2, "verification_date": "2025-03-19T20:13:56.151Z", "rejection_reason": "", "created_at": "2025-03-19T12:10:22.064Z", "updated_at": "2025-03-19T20:13:56.151Z"}}, {"model": "home.kycdocument", "pk": 59, "fields": {"mlm_member": 15, "document_type": "BANK_STATEMENT", "document_number": "33", "document_file": "kyc_documents/2025/03/Screenshot_1_rW1Z7kB.png", "status": "VERIFIED", "verified_by": 2, "verification_date": "2025-03-19T20:13:50.905Z", "rejection_reason": "", "created_at": "2025-03-19T12:10:31.972Z", "updated_at": "2025-03-19T20:13:50.905Z"}}, {"model": "home.kycdocument", "pk": 60, "fields": {"mlm_member": 15, "document_type": "CANCELLED_CHEQUE", "document_number": "323234", "document_file": "kyc_documents/2025/03/Screenshot_1_Z7rIoVC.png", "status": "VERIFIED", "verified_by": 2, "verification_date": "2025-03-19T20:13:44.869Z", "rejection_reason": "", "created_at": "2025-03-19T12:10:42.536Z", "updated_at": "2025-03-19T20:13:44.869Z"}}, {"model": "home.kycdocument", "pk": 61, "fields": {"mlm_member": 16, "document_type": "AADHAR", "document_number": "885544556622", "document_file": "kyc_documents/2025/03/Screenshot_1_3RHxJeG.png", "status": "VERIFIED", "verified_by": 2, "verification_date": "2025-03-19T20:13:33.749Z", "rejection_reason": "", "created_at": "2025-03-19T12:11:23.302Z", "updated_at": "2025-03-19T20:13:33.749Z"}}, {"model": "home.kycdocument", "pk": 62, "fields": {"mlm_member": 16, "document_type": "PAN", "document_number": "GGGGG5656D", "document_file": "kyc_documents/2025/03/Screenshot_1_7eedT9z.png", "status": "VERIFIED", "verified_by": 2, "verification_date": "2025-03-19T20:13:27.709Z", "rejection_reason": "", "created_at": "2025-03-19T12:11:40.801Z", "updated_at": "2025-03-19T20:13:27.710Z"}}, {"model": "home.kycdocument", "pk": 63, "fields": {"mlm_member": 16, "document_type": "BANK_STATEMENT", "document_number": "54", "document_file": "kyc_documents/2025/03/Screenshot_1_w0tMR2O.png", "status": "VERIFIED", "verified_by": 2, "verification_date": "2025-03-19T20:13:02.832Z", "rejection_reason": "", "created_at": "2025-03-19T12:11:48.409Z", "updated_at": "2025-03-19T20:13:02.832Z"}}, {"model": "home.kycdocument", "pk": 64, "fields": {"mlm_member": 16, "document_type": "CANCELLED_CHEQUE", "document_number": "32131", "document_file": "kyc_documents/2025/03/Screenshot_1_Tv42Bdf.png", "status": "VERIFIED", "verified_by": 2, "verification_date": "2025-03-19T20:12:56.033Z", "rejection_reason": "", "created_at": "2025-03-19T12:11:57.487Z", "updated_at": "2025-03-19T20:12:56.033Z"}}, {"model": "home.kycdocument", "pk": 65, "fields": {"mlm_member": 20, "document_type": "AADHAR", "document_number": "123456789098", "document_file": "kyc_documents/2025/03/Banner_1.png", "status": "VERIFIED", "verified_by": 2, "verification_date": "2025-03-19T16:13:49.744Z", "rejection_reason": "", "created_at": "2025-03-19T16:12:49.806Z", "updated_at": "2025-03-19T16:13:49.744Z"}}, {"model": "home.kycdocument", "pk": 66, "fields": {"mlm_member": 20, "document_type": "PAN", "document_number": "VGFTY8778V", "document_file": "kyc_documents/2025/03/Banner_1_CyXCodx.png", "status": "VERIFIED", "verified_by": 2, "verification_date": "2025-03-19T16:13:35.347Z", "rejection_reason": "", "created_at": "2025-03-19T16:13:08.695Z", "updated_at": "2025-03-19T16:13:35.347Z"}}, {"model": "home.kycdocument", "pk": 67, "fields": {"mlm_member": 20, "document_type": "BANK_STATEMENT", "document_number": "l", "document_file": "kyc_documents/2025/03/Banner_1_6TlybsT.png", "status": "VERIFIED", "verified_by": 2, "verification_date": "2025-03-19T16:13:44.822Z", "rejection_reason": "", "created_at": "2025-03-19T16:13:22.227Z", "updated_at": "2025-03-19T16:13:44.823Z"}}, {"model": "home.kycdocument", "pk": 68, "fields": {"mlm_member": 20, "document_type": "CANCELLED_CHEQUE", "document_number": "k", "document_file": "kyc_documents/2025/03/Banner_1_3e2ywNC.png", "status": "VERIFIED", "verified_by": 2, "verification_date": "2025-03-19T16:13:40.677Z", "rejection_reason": "", "created_at": "2025-03-19T16:13:34.491Z", "updated_at": "2025-03-19T16:13:40.677Z"}}, {"model": "home.commission", "pk": 1, "fields": {"member": 6, "from_member": 10, "order": 10, "amount": "1000.00", "date": "2025-03-20T11:48:18.829Z", "is_paid": true, "payment_date": "2025-03-20T11:48:18.828Z", "level": 1, "is_first_purchase_bonus": true, "is_reversed": false, "reversed_at": null, "commission_type": "BONUS", "details": {"bonus_type": "first_payment", "payment_amount": 6273.98, "quota_requirement": 5000.0}, "calculation_month": null}}, {"model": "home.commission", "pk": 2, "fields": {"member": 6, "from_member": 8, "order": 12, "amount": "1000.00", "date": "2025-03-20T11:52:40.678Z", "is_paid": true, "payment_date": "2025-03-20T11:52:40.677Z", "level": 1, "is_first_purchase_bonus": true, "is_reversed": false, "reversed_at": null, "commission_type": "BONUS", "details": {"bonus_type": "first_payment", "payment_amount": 6273.98, "quota_requirement": 5000.0}, "calculation_month": null}}, {"model": "home.wallet", "pk": 1, "fields": {"user": 8, "balance": "2000.00", "last_updated": "2025-03-20T11:52:40.681Z"}}, {"model": "home.wallettransaction", "pk": 1, "fields": {"wallet": 1, "amount": "1000.00", "transaction_type": "COMMISSION", "description": "Commission from dev k", "created_at": "2025-03-20T11:48:18.846Z", "reference_id": "1"}}, {"model": "home.wallettransaction", "pk": 2, "fields": {"wallet": 1, "amount": "1000.00", "transaction_type": "COMMISSION", "description": "Commission from vishnu k", "created_at": "2025-03-20T11:52:40.681Z", "reference_id": "2"}}, {"model": "home.homeslider", "pk": 1, "fields": {"title": "FIRST", "desktop_image": "slider/desktop/Your_Health_Our_Passion_aTSm1mI.png", "mobile_image": "slider/mobile/Your_Health_Our_Passion_45XaKhU.png", "link": "https://herbalpower.trygon.tech/shop", "order": 1, "is_active": true, "created_at": "2025-03-19T14:29:15.603Z", "updated_at": "2025-03-19T14:29:15.603Z"}}, {"model": "home.homeslider", "pk": 2, "fields": {"title": "SECOND", "desktop_image": "slider/desktop/Cardio_Power_6o58s6P.png", "mobile_image": "slider/mobile/Cardio_Power_EG0mrpb.png", "link": "https://herbalpower.trygon.tech/shop", "order": 2, "is_active": true, "created_at": "2025-03-19T14:31:13.016Z", "updated_at": "2025-03-19T14:31:13.016Z"}}, {"model": "home.homeslider", "pk": 3, "fields": {"title": "THIRD", "desktop_image": "slider/desktop/Shilajit_Resin_fTbRLAo.png", "mobile_image": "slider/mobile/Shilajit_Resin_EqgvRo3.png", "link": "https://herbalpower.trygon.tech/shop", "order": 3, "is_active": true, "created_at": "2025-03-19T14:33:42.710Z", "updated_at": "2025-03-19T14:33:42.710Z"}}, {"model": "home.homeslider", "pk": 4, "fields": {"title": "FOURTH", "desktop_image": "slider/desktop/Nutra_Strong_p78QJxz.png", "mobile_image": "slider/mobile/Nutra_Strong_KTHy0Hg.png", "link": "https://herbalpower.trygon.tech/shop", "order": 4, "is_active": true, "created_at": "2025-03-19T14:34:14.734Z", "updated_at": "2025-03-19T14:34:14.734Z"}}, {"model": "home.homeslider", "pk": 5, "fields": {"title": "FIFTH", "desktop_image": "slider/desktop/All_products.png", "mobile_image": "slider/mobile/All_products.png", "link": "https://herbalpower.trygon.tech/shop", "order": 5, "is_active": true, "created_at": "2025-03-19T14:34:57.397Z", "updated_at": "2025-03-19T14:34:57.397Z"}}, {"model": "home.custompage", "pk": 1, "fields": {"title": "Privacy Policy", "slug": "privacy-policy", "content": "<div class=\"SCXW43859401 BCX0\">\n<div class=\"OutlineElement Ltr SCXW43859401 BCX0\">\n<p class=\"Paragraph SCXW43859401 BCX0\" style=\"text-align: center;\"><span style=\"font-size: 14pt;\"><strong><span class=\"NormalTextRun SCXW43859401 BCX0\">Personal Information</span><span class=\"EOP SCXW43859401 BCX0\" data-ccp-props=\"{}\">&nbsp;</span></strong></span></p>\n</div>\n<div class=\"OutlineElement Ltr SCXW43859401 BCX0\" style=\"text-align: justify;\">\n<p class=\"Paragraph SCXW43859401 BCX0\"><span class=\"TextRun SCXW43859401 BCX0\" lang=\"EN-IN\" xml:lang=\"EN-IN\" data-contrast=\"auto\"><span class=\"NormalTextRun SCXW43859401 BCX0\">Herbal Power Marketing Private Limited is a company incorporated and registered </span><span class=\"NormalTextRun SCXW43859401 BCX0\">under the provisions of</span><span class=\"NormalTextRun SCXW43859401 BCX0\"> the Companies Act, 2013 and has its registered </span><span class=\"NormalTextRun SCXW43859401 BCX0\">office at </span><strong><span class=\"NormalTextRun SCXW43859401 BCX0\">2A</span><span class=\"NormalTextRun SCXW43859401 BCX0\">/3 </span><span class=\"NormalTextRun SCXW43859401 BCX0\">Front Side </span><span class=\"NormalTextRun SCXW43859401 BCX0\">Kundan Mansion, Asaf </span><span class=\"NormalTextRun SCXW43859401 BCX0\">Ali Road</span><span class=\"NormalTextRun SCXW43859401 BCX0\">, Ajmeri Gate Extensi</span><span class=\"NormalTextRun SCXW43859401 BCX0\">on, Central D</span><span class=\"NormalTextRun SCXW43859401 BCX0\">elhi</span><span class=\"NormalTextRun SCXW43859401 BCX0\">, Delhi-</span><span class=\"NormalTextRun SCXW43859401 BCX0\">110002</span></strong><span class=\"NormalTextRun SCXW43859401 BCX0\"><strong>, India.</strong> Herbal Power Marketing Private Limited is the owner of the brand Herbal Power and the website of herbalpowerindia.com (&ldquo;Website&rdquo;). This Privacy Policy outlines Herbal Power Marketing Private Limited&rsquo;s approach to data protection and privacy to </span><span class=\"NormalTextRun SCXW43859401 BCX0\">fulfil</span><span class=\"NormalTextRun SCXW43859401 BCX0\"> its obligation under the applicable laws and regulations.</span></span><span class=\"EOP SCXW43859401 BCX0\" data-ccp-props=\"{}\">&nbsp;</span></p>\n</div>\n<div class=\"OutlineElement Ltr SCXW43859401 BCX0\" style=\"text-align: justify;\">\n<p class=\"Paragraph SCXW43859401 BCX0\"><span class=\"TextRun SCXW43859401 BCX0\" lang=\"EN-IN\" xml:lang=\"EN-IN\" data-contrast=\"auto\"><span class=\"NormalTextRun SCXW43859401 BCX0\">Throughout this document, &lsquo;we</span><span class=\"NormalTextRun SCXW43859401 BCX0\">&rsquo;,</span><span class=\"NormalTextRun SCXW43859401 BCX0\"> &lsquo;us</span><span class=\"NormalTextRun SCXW43859401 BCX0\">&rsquo;,</span><span class=\"NormalTextRun SCXW43859401 BCX0\"> &lsquo;our</span><span class=\"NormalTextRun SCXW43859401 BCX0\">&rsquo;,</span><span class=\"NormalTextRun SCXW43859401 BCX0\"> &lsquo;ours&rsquo; refers to Herbal Power Marketing Private Limited. Wherever we have said &lsquo;you&rsquo; or &lsquo;your</span><span class=\"NormalTextRun SCXW43859401 BCX0\">&rsquo;,</span><span class=\"NormalTextRun SCXW43859401 BCX0\"> this means YOU.</span></span><span class=\"EOP SCXW43859401 BCX0\" data-ccp-props=\"{}\">&nbsp;</span></p>\n</div>\n<div class=\"OutlineElement Ltr SCXW43859401 BCX0\" style=\"text-align: justify;\">\n<p class=\"Paragraph SCXW43859401 BCX0\"><span class=\"TextRun SCXW43859401 BCX0\" lang=\"EN-IN\" xml:lang=\"EN-IN\" data-contrast=\"auto\"><span class=\"NormalTextRun SCXW43859401 BCX0\">We are committed to treating data privacy seriously. This Privacy Policy provides the necessary details about how your data is collected and used by us on the Website. As a visitor/ customer to the Website, you are </span><span class=\"NormalTextRun SCXW43859401 BCX0\">advised to please read</span><span class=\"NormalTextRun SCXW43859401 BCX0\"> the Privacy Policy carefully. By accessing the services provided by us on the Website, you agree to the collection and use of your data by us in the manner provided for under this Privacy Policy.</span></span><span class=\"EOP SCXW43859401 BCX0\" data-ccp-props=\"{}\">&nbsp;</span></p>\n</div>\n<div class=\"OutlineElement Ltr SCXW43859401 BCX0\" style=\"text-align: justify;\">\n<p class=\"Paragraph SCXW43859401 BCX0\" style=\"text-align: center;\"><span style=\"font-size: 14pt;\"><strong><span class=\"NormalTextRun SCXW43859401 BCX0\">Personal information gathered by us</span><span class=\"EOP SCXW43859401 BCX0\" data-ccp-props=\"{}\">&nbsp;</span></strong></span></p>\n</div>\n<div class=\"OutlineElement Ltr SCXW43859401 BCX0\" style=\"text-align: justify;\">\n<p class=\"Paragraph SCXW43859401 BCX0\"><span class=\"TextRun SCXW43859401 BCX0\" lang=\"EN-IN\" xml:lang=\"EN-IN\" data-contrast=\"auto\"><span class=\"NormalTextRun SCXW43859401 BCX0\">As part of your registration process on our Website, we may collect the following information which is personally identifiable to you, including, without limitation, your name including first and last name, email address, mobile phone number, contact details, username along with password you have created for setting up your account on the Website, your date of birth, age, gender, residential address, shipping address, postal code, information about the pages that you visited/ accessed on the Website, the links you clicked on the Website, the number of times you visited/ accessed a particular page on the Website and any such browsing information etc. We might receive certain information about you from other sources, such as updated delivery status and the shipping address information provided by you to our carriers, which we shall use to correct our records </span><span class=\"NormalTextRun AdvancedProofingIssueV2Themed SCXW43859401 BCX0\">so as to</span><span class=\"NormalTextRun SCXW43859401 BCX0\"> enable us to deliver your next purchase more easily.</span></span><span class=\"EOP SCXW43859401 BCX0\" data-ccp-props=\"{}\">&nbsp;</span></p>\n</div>\n<div class=\"OutlineElement Ltr SCXW43859401 BCX0\" style=\"text-align: justify;\">\n<p class=\"Paragraph SCXW43859401 BCX0\"><span class=\"NormalTextRun SCXW43859401 BCX0\">You can choose not to share your personal information with us, but then you might not be able to use and access all the services provided by us on the Website. We use your personal information that you provided for opening your account with us, without limitation, for processing your transactions, responding to your requests and/ or queries and for communicating with you.</span><span class=\"EOP SCXW43859401 BCX0\" data-ccp-props=\"{}\">&nbsp;</span></p>\n</div>\n<div class=\"OutlineElement Ltr SCXW43859401 BCX0\" style=\"text-align: justify;\">\n<p class=\"Paragraph SCXW43859401 BCX0\" style=\"text-align: center;\"><span style=\"font-size: 14pt;\"><strong><span class=\"NormalTextRun SCXW43859401 BCX0\">Why do we collect your personal information</span><span class=\"EOP SCXW43859401 BCX0\" data-ccp-props=\"{}\">&nbsp;</span></strong></span></p>\n</div>\n<div class=\"OutlineElement Ltr SCXW43859401 BCX0\" style=\"text-align: justify;\">\n<p class=\"Paragraph SCXW43859401 BCX0\"><span class=\"TextRun SCXW43859401 BCX0\" lang=\"EN-IN\" xml:lang=\"EN-IN\" data-contrast=\"auto\"><span class=\"NormalTextRun SCXW43859401 BCX0\">We will collect personally identifiable information about you as part of a voluntary registration process or through an online survey or through any combination thereof. The information that we learn and gather from you, personal or otherwise, is used for registering you on our Website, verifying your identity so as to permit you to use the Website, for undertaking transactions to facilitate the process of your payment on the Website, to communicate with you, to convey any of our promotional offers to </span><span class=\"NormalTextRun SCXW43859401 BCX0\">you, to communicate and update you with regards to our products and services as well as for maintaining your account with us.</span></span><span class=\"EOP SCXW43859401 BCX0\" data-ccp-props=\"{}\">&nbsp;</span></p>\n</div>\n<div class=\"OutlineElement Ltr SCXW43859401 BCX0\" style=\"text-align: justify;\">\n<p class=\"Paragraph SCXW43859401 BCX0\"><span class=\"TextRun SCXW43859401 BCX0\" lang=\"EN-IN\" xml:lang=\"EN-IN\" data-contrast=\"auto\"><span class=\"NormalTextRun SCXW43859401 BCX0\">We use your information to </span><span class=\"NormalTextRun SCXW43859401 BCX0\">operate</span><span class=\"NormalTextRun SCXW43859401 BCX0\">, provide, </span><span class=\"NormalTextRun SCXW43859401 BCX0\">develop</span><span class=\"NormalTextRun SCXW43859401 BCX0\"> and improve our products and services. Without limitation, these purposes include:</span></span><span class=\"EOP SCXW43859401 BCX0\" data-ccp-props=\"{}\">&nbsp;</span></p>\n</div>\n<div class=\"ListContainerWrapper SCXW43859401 BCX0\" style=\"text-align: justify;\">\n<ol class=\"NumberListStyle1 SCXW43859401 BCX0\" role=\"list\" start=\"1\">\n<li class=\"OutlineElement Ltr SCXW43859401 BCX0\" role=\"listitem\" data-leveltext=\"%1.\" data-font=\"\" data-listid=\"11\" data-list-defn-props=\"{&quot;335552541&quot;:0,&quot;335559685&quot;:720,&quot;335559991&quot;:360,&quot;469769242&quot;:[65533,0],&quot;469777803&quot;:&quot;left&quot;,&quot;469777804&quot;:&quot;%1.&quot;,&quot;469777815&quot;:&quot;multilevel&quot;}\" aria-setsize=\"-1\" data-aria-posinset=\"1\" data-aria-level=\"1\">\n<p class=\"Paragraph SCXW43859401 BCX0\"><span class=\"TextRun SCXW43859401 BCX0\" lang=\"EN-IN\" xml:lang=\"EN-IN\" data-contrast=\"auto\"><span class=\"NormalTextRun SCXW43859401 BCX0\">We use your information to accept, handle and process your orders, deliver the product/s you ordered, process payments for the order placed by you on our </span><span class=\"NormalTextRun SCXW43859401 BCX0\">website</span><span class=\"NormalTextRun SCXW43859401 BCX0\">, to communicate with you </span><span class=\"NormalTextRun SCXW43859401 BCX0\">regarding</span><span class=\"NormalTextRun SCXW43859401 BCX0\"> the status of your order and for providing you with promotional offers.</span></span><span class=\"EOP SCXW43859401 BCX0\" data-ccp-props=\"{}\">&nbsp;</span></p>\n</li>\n</ol>\n</div>\n<div class=\"ListContainerWrapper SCXW43859401 BCX0\" style=\"text-align: justify;\">\n<ol class=\"NumberListStyle1 SCXW43859401 BCX0\" role=\"list\" start=\"2\">\n<li class=\"OutlineElement Ltr SCXW43859401 BCX0\" role=\"listitem\" data-leveltext=\"%1.\" data-font=\"\" data-listid=\"11\" data-list-defn-props=\"{&quot;335552541&quot;:0,&quot;335559685&quot;:720,&quot;335559991&quot;:360,&quot;469769242&quot;:[65533,0],&quot;469777803&quot;:&quot;left&quot;,&quot;469777804&quot;:&quot;%1.&quot;,&quot;469777815&quot;:&quot;multilevel&quot;}\" aria-setsize=\"-1\" data-aria-posinset=\"2\" data-aria-level=\"1\">\n<p class=\"Paragraph SCXW43859401 BCX0\"><span class=\"TextRun SCXW43859401 BCX0\" lang=\"EN-IN\" xml:lang=\"EN-IN\" data-contrast=\"auto\"><span class=\"NormalTextRun SCXW43859401 BCX0\">We use your personal information to provide functionality as well as to </span><span class=\"NormalTextRun SCXW43859401 BCX0\">analyse</span><span class=\"NormalTextRun SCXW43859401 BCX0\"> the performance of our </span><span class=\"NormalTextRun SCXW43859401 BCX0\">website</span> <span class=\"NormalTextRun AdvancedProofingIssueV2Themed SCXW43859401 BCX0\">so as to</span><span class=\"NormalTextRun SCXW43859401 BCX0\"> fix any errors and further, to improve the user ability as well as the effectiveness of our </span><span class=\"NormalTextRun SCXW43859401 BCX0\">website</span><span class=\"NormalTextRun SCXW43859401 BCX0\">.</span></span><span class=\"EOP SCXW43859401 BCX0\" data-ccp-props=\"{}\">&nbsp;</span></p>\n</li>\n</ol>\n</div>\n<div class=\"ListContainerWrapper SCXW43859401 BCX0\" style=\"text-align: justify;\">\n<ol class=\"NumberListStyle1 SCXW43859401 BCX0\" role=\"list\" start=\"3\">\n<li class=\"OutlineElement Ltr SCXW43859401 BCX0\" role=\"listitem\" data-leveltext=\"%1.\" data-font=\"\" data-listid=\"11\" data-list-defn-props=\"{&quot;335552541&quot;:0,&quot;335559685&quot;:720,&quot;335559991&quot;:360,&quot;469769242&quot;:[65533,0],&quot;469777803&quot;:&quot;left&quot;,&quot;469777804&quot;:&quot;%1.&quot;,&quot;469777815&quot;:&quot;multilevel&quot;}\" aria-setsize=\"-1\" data-aria-posinset=\"3\" data-aria-level=\"1\">\n<p class=\"Paragraph SCXW43859401 BCX0\"><span class=\"TextRun SCXW43859401 BCX0\" lang=\"EN-IN\" xml:lang=\"EN-IN\" data-contrast=\"auto\"><span class=\"NormalTextRun SCXW43859401 BCX0\">We use your personal information to recommend certain promotions and products that might be of your interest. Further, we use your personal information to </span><span class=\"NormalTextRun SCXW43859401 BCX0\">identify</span><span class=\"NormalTextRun SCXW43859401 BCX0\"> your preferences and to personalize your experience on the Website.</span></span><span class=\"EOP SCXW43859401 BCX0\" data-ccp-props=\"{}\">&nbsp;</span></p>\n</li>\n</ol>\n</div>\n<div class=\"ListContainerWrapper SCXW43859401 BCX0\" style=\"text-align: justify;\">\n<ol class=\"NumberListStyle1 SCXW43859401 BCX0\" role=\"list\" start=\"4\">\n<li class=\"OutlineElement Ltr SCXW43859401 BCX0\" role=\"listitem\" data-leveltext=\"%1.\" data-font=\"\" data-listid=\"11\" data-list-defn-props=\"{&quot;335552541&quot;:0,&quot;335559685&quot;:720,&quot;335559991&quot;:360,&quot;469769242&quot;:[65533,0],&quot;469777803&quot;:&quot;left&quot;,&quot;469777804&quot;:&quot;%1.&quot;,&quot;469777815&quot;:&quot;multilevel&quot;}\" aria-setsize=\"-1\" data-aria-posinset=\"4\" data-aria-level=\"1\">\n<p class=\"Paragraph SCXW43859401 BCX0\"><span class=\"TextRun SCXW43859401 BCX0\" lang=\"EN-IN\" xml:lang=\"EN-IN\" data-contrast=\"auto\"><span class=\"NormalTextRun SCXW43859401 BCX0\">We use your personal information to communicate with you via different channels </span><span class=\"NormalTextRun SCXW43859401 BCX0\">e.g.</span><span class=\"NormalTextRun SCXW43859401 BCX0\"> phone, </span><span class=\"NormalTextRun SCXW43859401 BCX0\">e-mail</span><span class=\"NormalTextRun SCXW43859401 BCX0\"> or chat, in relation to your use of our </span><span class=\"NormalTextRun SCXW43859401 BCX0\">website</span> <span class=\"NormalTextRun SCXW43859401 BCX0\">i.e.</span><span class=\"NormalTextRun SCXW43859401 BCX0\"> your orders placed, queries raised, to recommend certain promotional offers being run on our products etc.</span></span><span class=\"EOP SCXW43859401 BCX0\" data-ccp-props=\"{}\">&nbsp;</span></p>\n</li>\n</ol>\n</div>\n<div class=\"ListContainerWrapper SCXW43859401 BCX0\" style=\"text-align: justify;\">\n<ol class=\"NumberListStyle1 SCXW43859401 BCX0\" role=\"list\" start=\"5\">\n<li class=\"OutlineElement Ltr SCXW43859401 BCX0\" role=\"listitem\" data-leveltext=\"%1.\" data-font=\"\" data-listid=\"11\" data-list-defn-props=\"{&quot;335552541&quot;:0,&quot;335559685&quot;:720,&quot;335559991&quot;:360,&quot;469769242&quot;:[65533,0],&quot;469777803&quot;:&quot;left&quot;,&quot;469777804&quot;:&quot;%1.&quot;,&quot;469777815&quot;:&quot;multilevel&quot;}\" aria-setsize=\"-1\" data-aria-posinset=\"5\" data-aria-level=\"1\">\n<p class=\"Paragraph SCXW43859401 BCX0\"><span class=\"TextRun SCXW43859401 BCX0\" lang=\"EN-IN\" xml:lang=\"EN-IN\" data-contrast=\"auto\"><span class=\"NormalTextRun SCXW43859401 BCX0\">We use your personal information to display interest-based advertisements that might be of interest to you, with regards to certain of our products as provided for on our </span><span class=\"NormalTextRun SCXW43859401 BCX0\">website</span><span class=\"NormalTextRun SCXW43859401 BCX0\">.</span></span><span class=\"EOP SCXW43859401 BCX0\" data-ccp-props=\"{}\">&nbsp;</span></p>\n</li>\n</ol>\n</div>\n</div>\n<div class=\"SCXW43859401 BCX0\" style=\"text-align: justify;\">\n<div class=\"OutlineElement Ltr SCXW43859401 BCX0\">\n<p class=\"Paragraph SCXW43859401 BCX0\" style=\"text-align: center;\"><span style=\"font-size: 14pt;\"><strong><span class=\"NormalTextRun SCXW43859401 BCX0\">Manner of collection of information</span><span class=\"EOP SCXW43859401 BCX0\" data-ccp-props=\"{}\">&nbsp;</span></strong></span></p>\n</div>\n<div class=\"OutlineElement Ltr SCXW43859401 BCX0\">\n<p class=\"Paragraph SCXW43859401 BCX0\"><span class=\"TextRun SCXW43859401 BCX0\" lang=\"EN-IN\" xml:lang=\"EN-IN\" data-contrast=\"auto\"><span class=\"NormalTextRun SCXW43859401 BCX0\">We receive and store information whenever you interact with us through the Website or from other sources </span><span class=\"NormalTextRun SCXW43859401 BCX0\">e.g.</span><span class=\"NormalTextRun SCXW43859401 BCX0\"> updated delivery status and address information provided by you to our carriers. When you browse, </span><span class=\"NormalTextRun SCXW43859401 BCX0\">access</span><span class=\"NormalTextRun SCXW43859401 BCX0\"> or use the Website, our servers may collect information, directly or indirectly, </span><span class=\"NormalTextRun SCXW43859401 BCX0\">regarding</span><span class=\"NormalTextRun SCXW43859401 BCX0\"> your activities on our </span><span class=\"NormalTextRun SCXW43859401 BCX0\">website</span><span class=\"NormalTextRun SCXW43859401 BCX0\"> by way of either cookies or permissions or other trackers.</span></span><span class=\"EOP SCXW43859401 BCX0\" data-ccp-props=\"{}\">&nbsp;</span></p>\n</div>\n<div class=\"OutlineElement Ltr SCXW43859401 BCX0\">\n<p class=\"Paragraph SCXW43859401 BCX0\"><span class=\"TextRun SCXW43859401 BCX0\" lang=\"EN-IN\" xml:lang=\"EN-IN\" data-contrast=\"auto\"><span class=\"NormalTextRun SCXW43859401 BCX0\">Our </span><span class=\"NormalTextRun SCXW43859401 BCX0\">website</span><span class=\"NormalTextRun SCXW43859401 BCX0\"> may </span><span class=\"NormalTextRun SCXW43859401 BCX0\">contain</span><span class=\"NormalTextRun SCXW43859401 BCX0\"> links to other </span><span class=\"NormalTextRun SCXW43859401 BCX0\">third-party</span><span class=\"NormalTextRun SCXW43859401 BCX0\"> websites, for which we are not to be held responsible for the privacy practices of such </span><span class=\"NormalTextRun SCXW43859401 BCX0\">third-party</span><span class=\"NormalTextRun SCXW43859401 BCX0\"> websites, which we do not own, </span><span class=\"NormalTextRun SCXW43859401 BCX0\">manage</span><span class=\"NormalTextRun SCXW43859401 BCX0\"> or control. Further, some web browsers have a &ldquo;Do Not Track&rdquo; feature. This feature lets you inform the concerned website that you have visited that you do not wish to have your online activity tracked on the said </span><span class=\"NormalTextRun SCXW43859401 BCX0\">website</span><span class=\"NormalTextRun SCXW43859401 BCX0\">. These features are not yet uniform across all browsers. Our </span><span class=\"NormalTextRun SCXW43859401 BCX0\">website</span><span class=\"NormalTextRun SCXW43859401 BCX0\"> is not currently set up to respond to those signals.</span></span><span class=\"EOP SCXW43859401 BCX0\" data-ccp-props=\"{}\">&nbsp;</span></p>\n</div>\n<div class=\"OutlineElement Ltr SCXW43859401 BCX0\">\n<p class=\"Paragraph SCXW43859401 BCX0\" style=\"text-align: center;\"><span style=\"font-size: 14pt;\"><strong><span class=\"NormalTextRun SCXW43859401 BCX0\">Consent</span><span class=\"EOP SCXW43859401 BCX0\" data-ccp-props=\"{}\">&nbsp;</span></strong></span></p>\n</div>\n<div class=\"OutlineElement Ltr SCXW43859401 BCX0\">\n<p class=\"Paragraph SCXW43859401 BCX0\"><span class=\"TextRun SCXW43859401 BCX0\" lang=\"EN-IN\" xml:lang=\"EN-IN\" data-contrast=\"auto\"><span class=\"NormalTextRun SCXW43859401 BCX0\">By using our </span><span class=\"NormalTextRun SCXW43859401 BCX0\">website</span><span class=\"NormalTextRun SCXW43859401 BCX0\"> and/ or by providing your personal information while registering your account on our </span><span class=\"NormalTextRun SCXW43859401 BCX0\">website</span><span class=\"NormalTextRun SCXW43859401 BCX0\">, you consent to the collection and use of the information you disclose on our </span><span class=\"NormalTextRun SCXW43859401 BCX0\">website</span><span class=\"NormalTextRun SCXW43859401 BCX0\"> in accordance with this Privacy Policy, including but not limited to your consent for sharing your information as per this Privacy Policy. By accessing and using the Website, you accept the terms of the Privacy Policy, Terms of Use, Shipping Policy as well as Cancellation Policy and further, consent to our use and disclosure of your personal information in any manner as described in the Privacy Policy.</span></span><span class=\"EOP SCXW43859401 BCX0\" data-ccp-props=\"{}\">&nbsp;</span></p>\n</div>\n<div class=\"OutlineElement Ltr SCXW43859401 BCX0\">\n<p class=\"Paragraph SCXW43859401 BCX0\" style=\"text-align: center;\"><span style=\"font-size: 14pt;\"><strong><span class=\"TextRun SCXW43859401 BCX0\" lang=\"EN-IN\" xml:lang=\"EN-IN\" data-contrast=\"auto\"><span class=\"NormalTextRun SCXW43859401 BCX0\">When your personal information may be </span><span class=\"NormalTextRun SCXW43859401 BCX0\">disclosed</span><span class=\"NormalTextRun SCXW43859401 BCX0\"> to other parties</span></span><span class=\"EOP SCXW43859401 BCX0\" data-ccp-props=\"{}\">&nbsp;</span></strong></span></p>\n</div>\n<div class=\"OutlineElement Ltr SCXW43859401 BCX0\">\n<p class=\"Paragraph SCXW43859401 BCX0\"><span class=\"TextRun SCXW43859401 BCX0\" lang=\"EN-IN\" xml:lang=\"EN-IN\" data-contrast=\"auto\"><span class=\"NormalTextRun SCXW43859401 BCX0\">We do not sell or share your personal information with any third party for commercial gain/ profit. We may share or be </span><span class=\"NormalTextRun SCXW43859401 BCX0\">required</span><span class=\"NormalTextRun SCXW43859401 BCX0\"> to share your personal information, without limitation, as follows;</span></span><span class=\"EOP SCXW43859401 BCX0\" data-ccp-props=\"{}\">&nbsp;</span></p>\n</div>\n<div class=\"ListContainerWrapper SCXW43859401 BCX0\">\n<ol class=\"NumberListStyle1 SCXW43859401 BCX0\" role=\"list\" start=\"1\">\n<li class=\"OutlineElement Ltr SCXW43859401 BCX0\" role=\"listitem\" data-leveltext=\"%1.\" data-font=\"\" data-listid=\"12\" data-list-defn-props=\"{&quot;335552541&quot;:0,&quot;335559685&quot;:720,&quot;335559991&quot;:360,&quot;469769242&quot;:[65533,0],&quot;469777803&quot;:&quot;left&quot;,&quot;469777804&quot;:&quot;%1.&quot;,&quot;469777815&quot;:&quot;multilevel&quot;}\" aria-setsize=\"-1\" data-aria-posinset=\"1\" data-aria-level=\"1\">\n<p class=\"Paragraph SCXW43859401 BCX0\"><span class=\"TextRun SCXW43859401 BCX0\" lang=\"EN-IN\" xml:lang=\"EN-IN\" data-contrast=\"auto\"><span class=\"NormalTextRun SCXW43859401 BCX0\">with our business associates/ partners </span><span class=\"NormalTextRun AdvancedProofingIssueV2Themed SCXW43859401 BCX0\">in order to</span><span class=\"NormalTextRun SCXW43859401 BCX0\"> deliver you the products that you have ordered from our </span><span class=\"NormalTextRun SCXW43859401 BCX0\">website</span><span class=\"NormalTextRun SCXW43859401 BCX0\">;</span></span><span class=\"EOP SCXW43859401 BCX0\" data-ccp-props=\"{}\">&nbsp;</span></p>\n</li>\n</ol>\n</div>\n<div class=\"ListContainerWrapper SCXW43859401 BCX0\">\n<ol class=\"NumberListStyle1 SCXW43859401 BCX0\" role=\"list\" start=\"2\">\n<li class=\"OutlineElement Ltr SCXW43859401 BCX0\" role=\"listitem\" data-leveltext=\"%1.\" data-font=\"\" data-listid=\"12\" data-list-defn-props=\"{&quot;335552541&quot;:0,&quot;335559685&quot;:720,&quot;335559991&quot;:360,&quot;469769242&quot;:[65533,0],&quot;469777803&quot;:&quot;left&quot;,&quot;469777804&quot;:&quot;%1.&quot;,&quot;469777815&quot;:&quot;multilevel&quot;}\" aria-setsize=\"-1\" data-aria-posinset=\"2\" data-aria-level=\"1\">\n<p class=\"Paragraph SCXW43859401 BCX0\"><span class=\"TextRun SCXW43859401 BCX0\" lang=\"EN-IN\" xml:lang=\"EN-IN\" data-contrast=\"auto\"><span class=\"NormalTextRun SCXW43859401 BCX0\">with our payment gateway partner when you </span><span class=\"NormalTextRun SCXW43859401 BCX0\">initiated</span><span class=\"NormalTextRun SCXW43859401 BCX0\"> a payment using your credit/ debit card on our </span><span class=\"NormalTextRun SCXW43859401 BCX0\">website</span><span class=\"NormalTextRun SCXW43859401 BCX0\">;</span></span><span class=\"EOP SCXW43859401 BCX0\" data-ccp-props=\"{}\">&nbsp;</span></p>\n</li>\n</ol>\n</div>\n<div class=\"ListContainerWrapper SCXW43859401 BCX0\">\n<ol class=\"NumberListStyle1 SCXW43859401 BCX0\" role=\"list\" start=\"3\">\n<li class=\"OutlineElement Ltr SCXW43859401 BCX0\" role=\"listitem\" data-leveltext=\"%1.\" data-font=\"\" data-listid=\"12\" data-list-defn-props=\"{&quot;335552541&quot;:0,&quot;335559685&quot;:720,&quot;335559991&quot;:360,&quot;469769242&quot;:[65533,0],&quot;469777803&quot;:&quot;left&quot;,&quot;469777804&quot;:&quot;%1.&quot;,&quot;469777815&quot;:&quot;multilevel&quot;}\" aria-setsize=\"-1\" data-aria-posinset=\"3\" data-aria-level=\"1\">\n<p class=\"Paragraph SCXW43859401 BCX0\"><span class=\"TextRun SCXW43859401 BCX0\" lang=\"EN-IN\" xml:lang=\"EN-IN\" data-contrast=\"auto\"><span class=\"NormalTextRun SCXW43859401 BCX0\">with the concerned authorities when it is a legal obligation to do so </span><span class=\"NormalTextRun SCXW43859401 BCX0\">e.g.</span><span class=\"NormalTextRun SCXW43859401 BCX0\"> to </span><span class=\"NormalTextRun SCXW43859401 BCX0\">assist</span><span class=\"NormalTextRun SCXW43859401 BCX0\"> with detecting and preventing fraud;</span></span><span class=\"EOP SCXW43859401 BCX0\" data-ccp-props=\"{}\">&nbsp;</span></p>\n</li>\n</ol>\n</div>\n<div class=\"ListContainerWrapper SCXW43859401 BCX0\">\n<ol class=\"NumberListStyle1 SCXW43859401 BCX0\" role=\"list\" start=\"4\">\n<li class=\"OutlineElement Ltr SCXW43859401 BCX0\" role=\"listitem\" data-leveltext=\"%1.\" data-font=\"\" data-listid=\"12\" data-list-defn-props=\"{&quot;335552541&quot;:0,&quot;335559685&quot;:720,&quot;335559991&quot;:360,&quot;469769242&quot;:[65533,0],&quot;469777803&quot;:&quot;left&quot;,&quot;469777804&quot;:&quot;%1.&quot;,&quot;469777815&quot;:&quot;multilevel&quot;}\" aria-setsize=\"-1\" data-aria-posinset=\"4\" data-aria-level=\"1\">\n<p class=\"Paragraph SCXW43859401 BCX0\"><span class=\"NormalTextRun SCXW43859401 BCX0\">with the concerned authorities when it is a requirement in connection with regulatory reporting, litigation or asserting or defending legal rights and interests;</span><span class=\"EOP SCXW43859401 BCX0\" data-ccp-props=\"{}\">&nbsp;</span></p>\n</li>\n</ol>\n</div>\n<div class=\"ListContainerWrapper SCXW43859401 BCX0\">\n<ol class=\"NumberListStyle1 SCXW43859401 BCX0\" role=\"list\" start=\"5\">\n<li class=\"OutlineElement Ltr SCXW43859401 BCX0\" role=\"listitem\" data-leveltext=\"%1.\" data-font=\"\" data-listid=\"12\" data-list-defn-props=\"{&quot;335552541&quot;:0,&quot;335559685&quot;:720,&quot;335559991&quot;:360,&quot;469769242&quot;:[65533,0],&quot;469777803&quot;:&quot;left&quot;,&quot;469777804&quot;:&quot;%1.&quot;,&quot;469777815&quot;:&quot;multilevel&quot;}\" aria-setsize=\"-1\" data-aria-posinset=\"5\" data-aria-level=\"1\">\n<p class=\"Paragraph SCXW43859401 BCX0\"><span class=\"NormalTextRun SCXW43859401 BCX0\">when we have a legitimate business reason for doing so;</span><span class=\"EOP SCXW43859401 BCX0\" data-ccp-props=\"{}\">&nbsp;</span></p>\n</li>\n</ol>\n</div>\n<div class=\"ListContainerWrapper SCXW43859401 BCX0\">\n<ol class=\"NumberListStyle1 SCXW43859401 BCX0\" role=\"list\" start=\"6\">\n<li class=\"OutlineElement Ltr SCXW43859401 BCX0\" role=\"listitem\" data-leveltext=\"%1.\" data-font=\"\" data-listid=\"12\" data-list-defn-props=\"{&quot;335552541&quot;:0,&quot;335559685&quot;:720,&quot;335559991&quot;:360,&quot;469769242&quot;:[65533,0],&quot;469777803&quot;:&quot;left&quot;,&quot;469777804&quot;:&quot;%1.&quot;,&quot;469777815&quot;:&quot;multilevel&quot;}\" aria-setsize=\"-1\" data-aria-posinset=\"6\" data-aria-level=\"1\">\n<p class=\"Paragraph SCXW43859401 BCX0\"><span class=\"TextRun SCXW43859401 BCX0\" lang=\"EN-IN\" xml:lang=\"EN-IN\" data-contrast=\"auto\"><span class=\"NormalTextRun SCXW43859401 BCX0\">when we want to send you information and promotional material </span><span class=\"NormalTextRun SCXW43859401 BCX0\">regarding</span><span class=\"NormalTextRun SCXW43859401 BCX0\"> our products and services;</span></span><span class=\"EOP SCXW43859401 BCX0\" data-ccp-props=\"{}\">&nbsp;</span></p>\n</li>\n</ol>\n</div>\n<div class=\"ListContainerWrapper SCXW43859401 BCX0\">\n<ol class=\"NumberListStyle1 SCXW43859401 BCX0\" role=\"list\" start=\"7\">\n<li class=\"OutlineElement Ltr SCXW43859401 BCX0\" role=\"listitem\" data-leveltext=\"%1.\" data-font=\"\" data-listid=\"12\" data-list-defn-props=\"{&quot;335552541&quot;:0,&quot;335559685&quot;:720,&quot;335559991&quot;:360,&quot;469769242&quot;:[65533,0],&quot;469777803&quot;:&quot;left&quot;,&quot;469777804&quot;:&quot;%1.&quot;,&quot;469777815&quot;:&quot;multilevel&quot;}\" aria-setsize=\"-1\" data-aria-posinset=\"7\" data-aria-level=\"1\">\n<p class=\"Paragraph SCXW43859401 BCX0\"><span class=\"TextRun SCXW43859401 BCX0\" lang=\"EN-IN\" xml:lang=\"EN-IN\" data-contrast=\"auto\"><span class=\"NormalTextRun SCXW43859401 BCX0\">when we have asked you for your consent to share it, and </span><span class=\"NormalTextRun SCXW43859401 BCX0\">you&rsquo;ve</span><span class=\"NormalTextRun SCXW43859401 BCX0\"> agreed to the same; and</span></span><span class=\"EOP SCXW43859401 BCX0\" data-ccp-props=\"{}\">&nbsp;</span></p>\n</li>\n</ol>\n</div>\n<div class=\"ListContainerWrapper SCXW43859401 BCX0\">\n<ol class=\"NumberListStyle1 SCXW43859401 BCX0\" role=\"list\" start=\"8\">\n<li class=\"OutlineElement Ltr SCXW43859401 BCX0\" role=\"listitem\" data-leveltext=\"%1.\" data-font=\"\" data-listid=\"12\" data-list-defn-props=\"{&quot;335552541&quot;:0,&quot;335559685&quot;:720,&quot;335559991&quot;:360,&quot;469769242&quot;:[65533,0],&quot;469777803&quot;:&quot;left&quot;,&quot;469777804&quot;:&quot;%1.&quot;,&quot;469777815&quot;:&quot;multilevel&quot;}\" aria-setsize=\"-1\" data-aria-posinset=\"8\" data-aria-level=\"1\">\n<p class=\"Paragraph SCXW43859401 BCX0\"><span class=\"NormalTextRun SCXW43859401 BCX0\">to improve your online shopping experience with us.</span><span class=\"EOP SCXW43859401 BCX0\" data-ccp-props=\"{}\">&nbsp;</span></p>\n</li>\n</ol>\n</div>\n<div class=\"OutlineElement Ltr SCXW43859401 BCX0\">\n<p class=\"Paragraph SCXW43859401 BCX0\" style=\"text-align: center;\"><span style=\"font-size: 14pt;\"><strong><span class=\"NormalTextRun SCXW43859401 BCX0\">With whom your personal information will be shared</span><span class=\"EOP SCXW43859401 BCX0\" data-ccp-props=\"{}\">&nbsp;</span></strong></span></p>\n</div>\n<div class=\"OutlineElement Ltr SCXW43859401 BCX0\">\n<p class=\"Paragraph SCXW43859401 BCX0\"><span class=\"TextRun SCXW43859401 BCX0\" lang=\"EN-IN\" xml:lang=\"EN-IN\" data-contrast=\"auto\"><span class=\"NormalTextRun SCXW43859401 BCX0\">We will not use your financial information for any purpose other than to complete a transaction/order that you have placed with us through our </span><span class=\"NormalTextRun SCXW43859401 BCX0\">website</span><span class=\"NormalTextRun SCXW43859401 BCX0\">. We do not rent, sell or share your personal information and will not disclose any of your personally identifiable information to third parties except in cases where you placed an order for our products and such information is necessary to be shared with our </span><span class=\"NormalTextRun SCXW43859401 BCX0\">third-party</span> <span class=\"NormalTextRun SCXW43859401 BCX0\">associates&rsquo;</span><span class=\"NormalTextRun SCXW43859401 BCX0\"> partners so as to ensure that the said products are successfully delivered to you. We have </span><span class=\"NormalTextRun SCXW43859401 BCX0\">appropriate contracts</span><span class=\"NormalTextRun SCXW43859401 BCX0\"> in place with our </span><span class=\"NormalTextRun SCXW43859401 BCX0\">third-party</span><span class=\"NormalTextRun SCXW43859401 BCX0\"> partners. This means that they cannot do anything with your personal information, which is outside the scope </span><span class=\"NormalTextRun SCXW43859401 BCX0\">permitted</span><span class=\"NormalTextRun SCXW43859401 BCX0\"> by us. Our </span><span class=\"NormalTextRun SCXW43859401 BCX0\">third-party</span><span class=\"NormalTextRun SCXW43859401 BCX0\"> partners hold your personal information securely and </span><span class=\"NormalTextRun SCXW43859401 BCX0\">retain</span><span class=\"NormalTextRun SCXW43859401 BCX0\"> it only for the period specified in our contract with them. Further, we may use your personal information for promotional offers, to help investigate, prevent or take action regarding unlawful and illegal activities, suspected fraud, potential threat to the safety and security of any person, violation of the Website&rsquo;s terms of use or to defend against legal claims; special circumstances such as compliance with court&rsquo;s orders, requests/ orders from legal authorities or law enforcement agencies requiring such disclosure.</span></span><span class=\"EOP SCXW43859401 BCX0\" data-ccp-props=\"{}\">&nbsp;</span></p>\n</div>\n<div class=\"OutlineElement Ltr SCXW43859401 BCX0\">\n<p class=\"Paragraph SCXW43859401 BCX0\" style=\"text-align: center;\"><span style=\"font-size: 14pt;\"><strong><span class=\"NormalTextRun SCXW43859401 BCX0\">How do we secure and protect your personal information</span><span class=\"EOP SCXW43859401 BCX0\" data-ccp-props=\"{}\">&nbsp;</span></strong></span></p>\n</div>\n<div class=\"OutlineElement Ltr SCXW43859401 BCX0\">\n<p class=\"Paragraph SCXW43859401 BCX0\"><span class=\"TextRun SCXW43859401 BCX0\" lang=\"EN-IN\" xml:lang=\"EN-IN\" data-contrast=\"auto\"><span class=\"NormalTextRun SCXW43859401 BCX0\">We are committed to protecting your personal information, which is collected, </span><span class=\"NormalTextRun SCXW43859401 BCX0\">possessed</span><span class=\"NormalTextRun SCXW43859401 BCX0\"> and stored by us. We have in place security measures and </span><span class=\"NormalTextRun SCXW43859401 BCX0\">appropriate physical</span><span class=\"NormalTextRun SCXW43859401 BCX0\">, </span><span class=\"NormalTextRun SCXW43859401 BCX0\">technical</span><span class=\"NormalTextRun SCXW43859401 BCX0\"> and managerial safeguards to protect your personal information from unauthorized access, alteration, </span><span class=\"NormalTextRun SCXW43859401 BCX0\">transmission</span><span class=\"NormalTextRun SCXW43859401 BCX0\"> and deletion. Our servers are only accessible to certain authorized personnel and your personal information is shared with the concerned personnel on a strict need to know basis </span><span class=\"NormalTextRun AdvancedProofingIssueV2Themed SCXW43859401 BCX0\">so as to</span><span class=\"NormalTextRun SCXW43859401 BCX0\"> complete the transaction and to provide you with the products requested by you from our </span><span class=\"NormalTextRun SCXW43859401 BCX0\">website</span><span class=\"NormalTextRun SCXW43859401 BCX0\">. Though we strive to </span><span class=\"NormalTextRun SCXW43859401 BCX0\">maintain</span><span class=\"NormalTextRun SCXW43859401 BCX0\"> and safeguard the confidentiality of your personal identifiable information, transmissions made </span><span class=\"NormalTextRun SCXW43859401 BCX0\">by means of</span><span class=\"NormalTextRun SCXW43859401 BCX0\"> the internet cannot be made </span><span class=\"NormalTextRun AdvancedProofingIssueV2Themed SCXW43859401 BCX0\">absolutely secure</span><span class=\"NormalTextRun SCXW43859401 BCX0\">. By using this Website, you agree that we shall have no </span><span class=\"NormalTextRun SCXW43859401 BCX0\">liability for disclosure of your information due to errors in transmission or due to any unauthorized acts committed by third parties. We keep the information collected from you on our systems or with our third parties for as long as it is </span><span class=\"NormalTextRun SCXW43859401 BCX0\">required</span><span class=\"NormalTextRun SCXW43859401 BCX0\"> for the purposes set out in this Privacy Policy and for legal and regulatory reasons. We shall take all reasonable steps to </span><span class=\"NormalTextRun SCXW43859401 BCX0\">delete</span><span class=\"NormalTextRun SCXW43859401 BCX0\"> your personal data that is no longer </span><span class=\"NormalTextRun SCXW43859401 BCX0\">required</span><span class=\"NormalTextRun SCXW43859401 BCX0\">. By accessing the Website and by providing us with your information, you agree;</span></span><span class=\"EOP SCXW43859401 BCX0\" data-ccp-props=\"{}\">&nbsp;</span></p>\n</div>\n<div class=\"ListContainerWrapper SCXW43859401 BCX0\">\n<ol class=\"NumberListStyle1 SCXW43859401 BCX0\" role=\"list\" start=\"1\">\n<li class=\"OutlineElement Ltr SCXW43859401 BCX0\" role=\"listitem\" data-leveltext=\"%1.\" data-font=\"\" data-listid=\"13\" data-list-defn-props=\"{&quot;335552541&quot;:0,&quot;335559685&quot;:720,&quot;335559991&quot;:360,&quot;469769242&quot;:[65533,0],&quot;469777803&quot;:&quot;left&quot;,&quot;469777804&quot;:&quot;%1.&quot;,&quot;469777815&quot;:&quot;multilevel&quot;}\" aria-setsize=\"-1\" data-aria-posinset=\"1\" data-aria-level=\"1\">\n<p class=\"Paragraph SCXW43859401 BCX0\"><span class=\"TextRun SCXW43859401 BCX0\" lang=\"EN-IN\" xml:lang=\"EN-IN\" data-contrast=\"auto\"><span class=\"NormalTextRun SCXW43859401 BCX0\">that we can communicate with you electronically </span><span class=\"NormalTextRun SCXW43859401 BCX0\">regarding</span><span class=\"NormalTextRun SCXW43859401 BCX0\"> the security, privacy and administrative issues relating to your use of our </span><span class=\"NormalTextRun SCXW43859401 BCX0\">website</span><span class=\"NormalTextRun SCXW43859401 BCX0\">; and</span></span><span class=\"EOP SCXW43859401 BCX0\" data-ccp-props=\"{}\">&nbsp;</span></p>\n</li>\n</ol>\n</div>\n</div>\n<div class=\"SCXW43859401 BCX0\">\n<div class=\"ListContainerWrapper SCXW43859401 BCX0\" style=\"text-align: justify;\">\n<ol class=\"NumberListStyle1 SCXW43859401 BCX0\" role=\"list\" start=\"2\">\n<li class=\"OutlineElement Ltr SCXW43859401 BCX0\" role=\"listitem\" data-leveltext=\"%1.\" data-font=\"\" data-listid=\"13\" data-list-defn-props=\"{&quot;335552541&quot;:0,&quot;335559685&quot;:720,&quot;335559991&quot;:360,&quot;469769242&quot;:[65533,0],&quot;469777803&quot;:&quot;left&quot;,&quot;469777804&quot;:&quot;%1.&quot;,&quot;469777815&quot;:&quot;multilevel&quot;}\" aria-setsize=\"-1\" data-aria-posinset=\"2\" data-aria-level=\"1\">\n<p class=\"Paragraph SCXW43859401 BCX0\"><span class=\"TextRun SCXW43859401 BCX0\" lang=\"EN-IN\" xml:lang=\"EN-IN\" data-contrast=\"auto\"><span class=\"NormalTextRun SCXW43859401 BCX0\">that we can take adequate physical, </span><span class=\"NormalTextRun SCXW43859401 BCX0\">managerial</span><span class=\"NormalTextRun SCXW43859401 BCX0\"> and technical safeguards to preserve the integrity and security of your data till the time you use and access our </span><span class=\"NormalTextRun SCXW43859401 BCX0\">website</span><span class=\"NormalTextRun SCXW43859401 BCX0\">.</span></span><span class=\"EOP SCXW43859401 BCX0\" data-ccp-props=\"{}\">&nbsp;</span></p>\n</li>\n</ol>\n</div>\n<div class=\"OutlineElement Ltr SCXW43859401 BCX0\" style=\"text-align: justify;\">\n<p class=\"Paragraph SCXW43859401 BCX0\"><span class=\"NormalTextRun SCXW43859401 BCX0\">The data collected from the customers on the Website is stored in the servers of HOSTINGER PTE LTD </span><span class=\"NormalTextRun SCXW43859401 BCX0\">(\"Hostinger\") and appropriate security measures compliant with the Information Technology Act, 2000 and the Information Technology (Reasonable Security Practices and Procedures and Sensitive Personal Data or Information) Rules, 2011 have been undertaken by Hostinger </span><span class=\"TextRun SCXW43859401 BCX0\" lang=\"EN-IN\" xml:lang=\"EN-IN\" data-contrast=\"auto\"><span class=\"NormalTextRun SCXW43859401 BCX0\">to protect the data against unauthorized access to or unauthorized alteration, disclosure, or destruction. These include internal reviews of data collection, storage, and processing practices and security measures, including </span><span class=\"NormalTextRun SCXW43859401 BCX0\">appropriate encryption</span><span class=\"NormalTextRun SCXW43859401 BCX0\"> and physical security measures to guard against unauthorized access to systems where personal data is stored.&nbsp;</span></span></p>\n</div>\n<div class=\"OutlineElement Ltr SCXW43859401 BCX0\" style=\"text-align: justify;\">\n<p class=\"Paragraph SCXW43859401 BCX0\" style=\"text-align: center;\"><span style=\"font-size: 14pt;\"><strong><span class=\"NormalTextRun SCXW43859401 BCX0\">Personal information</span><span class=\"EOP SCXW43859401 BCX0\" data-ccp-props=\"{}\">&nbsp;</span></strong></span></p>\n</div>\n<div class=\"OutlineElement Ltr SCXW43859401 BCX0\" style=\"text-align: justify;\">\n<p class=\"Paragraph SCXW43859401 BCX0\"><span class=\"TextRun SCXW43859401 BCX0\" lang=\"EN-IN\" xml:lang=\"EN-IN\" data-contrast=\"auto\"><span class=\"NormalTextRun SCXW43859401 BCX0\">Gathered by </span><span class=\"NormalTextRun SCXW43859401 BCX0\">us: -</span></span><span class=\"EOP SCXW43859401 BCX0\" data-ccp-props=\"{}\">&nbsp;</span></p>\n</div>\n<div class=\"ListContainerWrapper SCXW43859401 BCX0\" style=\"text-align: justify;\">\n<ol class=\"NumberListStyle1 SCXW43859401 BCX0\" role=\"list\" start=\"1\">\n<li class=\"OutlineElement Ltr SCXW43859401 BCX0\" role=\"listitem\" data-leveltext=\"%1.\" data-font=\"\" data-listid=\"14\" data-list-defn-props=\"{&quot;335552541&quot;:0,&quot;335559685&quot;:720,&quot;335559991&quot;:360,&quot;469769242&quot;:[65533,0],&quot;469777803&quot;:&quot;left&quot;,&quot;469777804&quot;:&quot;%1.&quot;,&quot;469777815&quot;:&quot;multilevel&quot;}\" aria-setsize=\"-1\" data-aria-posinset=\"1\" data-aria-level=\"1\">\n<p class=\"Paragraph SCXW43859401 BCX0\"><span class=\"NormalTextRun SCXW43859401 BCX0\">Your Password Setting Up your Account</span><span class=\"EOP SCXW43859401 BCX0\" data-ccp-props=\"{}\">&nbsp;</span></p>\n</li>\n</ol>\n</div>\n<div class=\"ListContainerWrapper SCXW43859401 BCX0\" style=\"text-align: justify;\">\n<ol class=\"NumberListStyle1 SCXW43859401 BCX0\" role=\"list\" start=\"2\">\n<li class=\"OutlineElement Ltr SCXW43859401 BCX0\" role=\"listitem\" data-leveltext=\"%1.\" data-font=\"\" data-listid=\"14\" data-list-defn-props=\"{&quot;335552541&quot;:0,&quot;335559685&quot;:720,&quot;335559991&quot;:360,&quot;469769242&quot;:[65533,0],&quot;469777803&quot;:&quot;left&quot;,&quot;469777804&quot;:&quot;%1.&quot;,&quot;469777815&quot;:&quot;multilevel&quot;}\" aria-setsize=\"-1\" data-aria-posinset=\"2\" data-aria-level=\"1\">\n<p class=\"Paragraph SCXW43859401 BCX0\"><span class=\"NormalTextRun SCXW43859401 BCX0\">Your Spouse&rsquo;s Name</span><span class=\"EOP SCXW43859401 BCX0\" data-ccp-props=\"{}\">&nbsp;</span></p>\n</li>\n</ol>\n</div>\n<div class=\"ListContainerWrapper SCXW43859401 BCX0\" style=\"text-align: justify;\">\n<ol class=\"NumberListStyle1 SCXW43859401 BCX0\" role=\"list\" start=\"3\">\n<li class=\"OutlineElement Ltr SCXW43859401 BCX0\" role=\"listitem\" data-leveltext=\"%1.\" data-font=\"\" data-listid=\"14\" data-list-defn-props=\"{&quot;335552541&quot;:0,&quot;335559685&quot;:720,&quot;335559991&quot;:360,&quot;469769242&quot;:[65533,0],&quot;469777803&quot;:&quot;left&quot;,&quot;469777804&quot;:&quot;%1.&quot;,&quot;469777815&quot;:&quot;multilevel&quot;}\" aria-setsize=\"-1\" data-aria-posinset=\"3\" data-aria-level=\"1\">\n<p class=\"Paragraph SCXW43859401 BCX0\"><span class=\"NormalTextRun SCXW43859401 BCX0\">Your Mother&rsquo;s name</span><span class=\"EOP SCXW43859401 BCX0\" data-ccp-props=\"{}\">&nbsp;</span></p>\n</li>\n</ol>\n</div>\n<div class=\"ListContainerWrapper SCXW43859401 BCX0\" style=\"text-align: justify;\">\n<ol class=\"NumberListStyle1 SCXW43859401 BCX0\" role=\"list\" start=\"4\">\n<li class=\"OutlineElement Ltr SCXW43859401 BCX0\" role=\"listitem\" data-leveltext=\"%1.\" data-font=\"\" data-listid=\"14\" data-list-defn-props=\"{&quot;335552541&quot;:0,&quot;335559685&quot;:720,&quot;335559991&quot;:360,&quot;469769242&quot;:[65533,0],&quot;469777803&quot;:&quot;left&quot;,&quot;469777804&quot;:&quot;%1.&quot;,&quot;469777815&quot;:&quot;multilevel&quot;}\" aria-setsize=\"-1\" data-aria-posinset=\"4\" data-aria-level=\"1\">\n<p class=\"Paragraph SCXW43859401 BCX0\"><span class=\"TextRun SCXW43859401 BCX0\" lang=\"EN-IN\" xml:lang=\"EN-IN\" data-contrast=\"auto\"><span class=\"NormalTextRun SCXW43859401 BCX0\">Your Nominees Name &amp; Details Space Column </span><span class=\"NormalTextRun SCXW43859401 BCX0\">for</span> <span class=\"NormalTextRun SCXW43859401 BCX0\">Nominees</span><span class=\"NormalTextRun SCXW43859401 BCX0\"> Details</span></span><span class=\"EOP SCXW43859401 BCX0\" data-ccp-props=\"{}\">&nbsp;</span></p>\n</li>\n</ol>\n</div>\n<div class=\"OutlineElement Ltr SCXW43859401 BCX0\" style=\"text-align: justify;\">\n<p class=\"Paragraph SCXW43859401 BCX0\"><span class=\"TextRun SCXW43859401 BCX0\" lang=\"EN-IN\" xml:lang=\"EN-IN\" data-contrast=\"auto\"><span class=\"NormalTextRun SCXW43859401 BCX0\">Personal information may </span><span class=\"NormalTextRun SCXW43859401 BCX0\">we</span><span class=\"NormalTextRun SCXW43859401 BCX0\"> have Disclosed to Business Associates.</span></span><span class=\"EOP SCXW43859401 BCX0\" data-ccp-props=\"{}\">&nbsp;</span></p>\n</div>\n<div class=\"OutlineElement Ltr SCXW43859401 BCX0\" style=\"text-align: justify;\">\n<p class=\"Paragraph SCXW43859401 BCX0\"><span class=\"TextRun SCXW43859401 BCX0\" lang=\"EN-IN\" xml:lang=\"EN-IN\" data-contrast=\"auto\"><span class=\"NormalTextRun SCXW43859401 BCX0\">Procedure to be followed for correcting any inaccuracies in your personal information </span><span class=\"NormalTextRun SCXW43859401 BCX0\">submitted</span><span class=\"NormalTextRun SCXW43859401 BCX0\"> to us</span></span><span class=\"EOP SCXW43859401 BCX0\" data-ccp-props=\"{}\">&nbsp;</span></p>\n</div>\n<div class=\"OutlineElement Ltr SCXW43859401 BCX0\" style=\"text-align: justify;\">\n<p class=\"Paragraph SCXW43859401 BCX0\"><span class=\"TextRun SCXW43859401 BCX0\" lang=\"EN-IN\" xml:lang=\"EN-IN\" data-contrast=\"auto\"><span class=\"NormalTextRun SCXW43859401 BCX0\">To correct or to update any information that you have provided to us, our </span><span class=\"NormalTextRun SCXW43859401 BCX0\">website</span><span class=\"NormalTextRun SCXW43859401 BCX0\"> allows you to do the same online itself. </span><span class=\"NormalTextRun SCXW43859401 BCX0\">In the event of</span><span class=\"NormalTextRun SCXW43859401 BCX0\"> loss of access details.</span></span><span class=\"EOP SCXW43859401 BCX0\" data-ccp-props=\"{}\">&nbsp;</span></p>\n</div>\n<div class=\"OutlineElement Ltr SCXW43859401 BCX0\" style=\"text-align: justify;\">\n<p class=\"Paragraph SCXW43859401 BCX0\" style=\"text-align: center;\"><span style=\"font-size: 14pt;\"><strong><span class=\"NormalTextRun SCXW43859401 BCX0\">Contact us</span><span class=\"EOP SCXW43859401 BCX0\" data-ccp-props=\"{}\">&nbsp;</span></strong></span></p>\n</div>\n<div class=\"OutlineElement Ltr SCXW43859401 BCX0\" style=\"text-align: justify;\">\n<p class=\"Paragraph SCXW43859401 BCX0\"><span class=\"NormalTextRun SCXW43859401 BCX0\">For any further queries and complaints related to privacy under the applicable laws and regulations, you could reach us at:</span><span class=\"EOP SCXW43859401 BCX0\" data-ccp-props=\"{}\">&nbsp;</span></p>\n</div>\n<div class=\"OutlineElement Ltr SCXW43859401 BCX0\" style=\"text-align: justify;\">\n<p class=\"Paragraph SCXW43859401 BCX0\"><span class=\"NormalTextRun SCXW43859401 BCX0\"><strong>Contact email address:</strong> </span><span class=\"NormalTextRun SCXW43859401 BCX0\">care@herbalpowerindia.com</span><span class=\"EOP SCXW43859401 BCX0\" data-ccp-props=\"{}\">&nbsp;</span></p>\n</div>\n<div class=\"OutlineElement Ltr SCXW43859401 BCX0\" style=\"text-align: justify;\">\n<p class=\"Paragraph SCXW43859401 BCX0\"><span class=\"NormalTextRun SCXW43859401 BCX0\"><strong>Phone:</strong> </span><span class=\"NormalTextRun SCXW43859401 BCX0\">+91 1204177306</span><span class=\"NormalTextRun SCXW43859401 BCX0\"> </span><span class=\"EOP SCXW43859401 BCX0\" data-ccp-props=\"{}\">&nbsp;</span></p>\n</div>\n<div class=\"OutlineElement Ltr SCXW43859401 BCX0\" style=\"text-align: justify;\">\n<p class=\"Paragraph SCXW43859401 BCX0\"><strong><span class=\"NormalTextRun SCXW43859401 BCX0\">Contact days:</span></strong><span class=\"NormalTextRun SCXW43859401 BCX0\"> Monday to Saturday (11 AM to 6 PM)</span><span class=\"EOP SCXW43859401 BCX0\" data-ccp-props=\"{}\">&nbsp;</span></p>\n</div>\n<div class=\"OutlineElement Ltr SCXW43859401 BCX0\" style=\"text-align: justify;\">\n<p class=\"Paragraph SCXW43859401 BCX0\"><span class=\"TextRun SCXW43859401 BCX0\" lang=\"EN-IN\" xml:lang=\"EN-IN\" data-contrast=\"auto\"><span class=\"NormalTextRun SCXW43859401 BCX0\">In accordance with</span><span class=\"NormalTextRun SCXW43859401 BCX0\"> the Information and Technology Act 2000 and Rules as well as the Consumer Protection Act 2019 and Rules made thereunder, the name and contact details of the Grievance Officer are provided below:</span></span><span class=\"EOP SCXW43859401 BCX0\" data-ccp-props=\"{}\">&nbsp;</span></p>\n</div>\n<div class=\"OutlineElement Ltr SCXW43859401 BCX0\" style=\"text-align: justify;\">\n<p class=\"Paragraph SCXW43859401 BCX0\"><strong><span class=\"NormalTextRun SCXW43859401 BCX0\">Address: </span><span class=\"TextRun SCXW43859401 BCX0\" lang=\"EN-IN\" xml:lang=\"EN-IN\" data-contrast=\"auto\"><span class=\"NormalTextRun SCXW43859401 BCX0\">2A/3 Front Side Kundan Mansion, Asaf Ali Road, Ajmeri Gate Extension, Central Delhi, Delhi-110002, India</span><span class=\"NormalTextRun SCXW43859401 BCX0\">.</span></span><span class=\"EOP SCXW43859401 BCX0\" data-ccp-props=\"{}\">&nbsp;</span></strong></p>\n</div>\n<div class=\"OutlineElement Ltr SCXW43859401 BCX0\">\n<p class=\"Paragraph SCXW43859401 BCX0\" style=\"text-align: justify;\"><span class=\"TextRun SCXW43859401 BCX0\" lang=\"EN-IN\" xml:lang=\"EN-IN\" data-contrast=\"auto\"><span class=\"NormalTextRun SCXW43859401 BCX0\">We urge you to provide a detailed description of the information, violation, objectionable content, or your complaint/grievance, to allow us to effectively resolve your request. We make our best efforts to resolve grievances within 30 days of receiving a complaint, or within the timelines stipulated under applicable law</span><span class=\"NormalTextRun SCXW43859401 BCX0\">.</span></span><span class=\"EOP SCXW43859401 BCX0\" data-ccp-props=\"{}\">&nbsp;</span></p>\n</div>\n</div>", "is_active": true, "show_in_footer": true, "show_in_header": false, "order": 5, "created_at": "2025-03-19T19:02:43.635Z", "updated_at": "2025-03-20T13:06:56.284Z"}}, {"model": "home.custompage", "pk": 2, "fields": {"title": "Terms & Conditions", "slug": "terms", "content": "<div class=\"SCXW43859401 BCX0\">\n<div class=\"OutlineElement Ltr SCXW43859401 BCX0\">\n<div class=\"OutlineElement Ltr SCXW42437148 BCX0\">\n<p class=\"Paragraph SCXW42437148 BCX0\" style=\"text-align: justify;\"><span class=\"TextRun SCXW42437148 BCX0\" lang=\"EN-IN\" xml:lang=\"EN-IN\" data-contrast=\"auto\"><span class=\"NormalTextRun SCXW42437148 BCX0\">Please read these Terms of Conditions and the Herbal Power Marketing </span><span class=\"NormalTextRun SCXW42437148 BCX0\">Private </span><span class=\"NormalTextRun SCXW42437148 BCX0\">Limited</span><span class=\"NormalTextRun SCXW42437148 BCX0\">. Privacy Policy, </span><span class=\"NormalTextRun SCXW42437148 BCX0\">located</span><span class=\"NormalTextRun SCXW42437148 BCX0\"> at https://www.herbalpowerindia.com/privacy-policy before using this this website or </span><span class=\"NormalTextRun SCXW42437148 BCX0\">purchasing</span><span class=\"NormalTextRun SCXW42437148 BCX0\"> any products from Herbal Power.</span></span><span class=\"EOP SCXW42437148 BCX0\" data-ccp-props=\"{}\">&nbsp;</span></p>\n</div>\n<div class=\"OutlineElement Ltr SCXW42437148 BCX0\" style=\"text-align: justify;\">\n<p class=\"Paragraph SCXW42437148 BCX0\"><span class=\"TextRun SCXW42437148 BCX0\" lang=\"EN-IN\" xml:lang=\"EN-IN\" data-contrast=\"auto\"><span class=\"NormalTextRun SCXW42437148 BCX0\">These Terms of Use are an agreement (the &ldquo;Agreement&rdquo;) between Herbal Power (the &ldquo;Company,&rdquo; &ldquo;we&rdquo; or &ldquo;us&rdquo;) and you (\"you\" or \"User\"). This Agreement sets forth the legal terms and conditions governing your use of this website and each Independent Associate&rsquo;s Platform and each Web Property (collectively referred to </span><span class=\"NormalTextRun SCXW42437148 BCX0\">herein</span><span class=\"NormalTextRun SCXW42437148 BCX0\"> as the \"Site\") and for your purchase.</span></span><span class=\"EOP SCXW42437148 BCX0\" data-ccp-props=\"{}\">&nbsp;</span></p>\n</div>\n<div class=\"OutlineElement Ltr SCXW42437148 BCX0\" style=\"text-align: justify;\">\n<p class=\"Paragraph SCXW42437148 BCX0\"><span class=\"TextRun SCXW42437148 BCX0\" lang=\"EN-IN\" xml:lang=\"EN-IN\" data-contrast=\"auto\"><span class=\"NormalTextRun SCXW42437148 BCX0\">If you do not agree to be bound by this Agreement, do not access or otherwise use the Site or </span><span class=\"NormalTextRun SCXW42437148 BCX0\">participate</span><span class=\"NormalTextRun SCXW42437148 BCX0\"> in any of the goods and/or </span><span class=\"NormalTextRun SCXW42437148 BCX0\">services. If</span><span class=\"NormalTextRun SCXW42437148 BCX0\"> you are dissatisfied with the Site or other goods and/or services, your sole and exclusive remedy is to stop using the Site or goods and/or services, except for the limited warranties that may apply to Herbal Power product or as otherwise expressly stated in Clause Five of this Agreement (Herbal Power Guarantee).</span></span><span class=\"EOP SCXW42437148 BCX0\" data-ccp-props=\"{}\">&nbsp;</span></p>\n</div>\n<div class=\"OutlineElement Ltr SCXW42437148 BCX0\" style=\"text-align: justify;\">\n<p class=\"Paragraph SCXW42437148 BCX0\"><span class=\"TextRun SCXW42437148 BCX0\" lang=\"EN-IN\" xml:lang=\"EN-IN\" data-contrast=\"auto\"><span class=\"NormalTextRun SCXW42437148 BCX0\">The Privacy Policy constitute the entire agreement between you and us </span><span class=\"NormalTextRun SCXW42437148 BCX0\">pertaining to</span><span class=\"NormalTextRun SCXW42437148 BCX0\"> the subject matter hereof and supersede all prior or other arrangements, understandings, </span><span class=\"NormalTextRun SCXW42437148 BCX0\">negotiations</span><span class=\"NormalTextRun SCXW42437148 BCX0\"> and discussions, whether oral or written. No waiver of any of the provisions of this Agreement shall </span><span class=\"NormalTextRun SCXW42437148 BCX0\">constitute</span><span class=\"NormalTextRun SCXW42437148 BCX0\"> a waiver of any other provisions hereof (</span><span class=\"NormalTextRun AdvancedProofingIssueV2Themed SCXW42437148 BCX0\">whether or not</span><span class=\"NormalTextRun SCXW42437148 BCX0\"> similar), nor shall any such waiver </span><span class=\"NormalTextRun SCXW42437148 BCX0\">constitute</span><span class=\"NormalTextRun SCXW42437148 BCX0\"> a continuing waiver unless otherwise expressly provided.</span></span><span class=\"EOP SCXW42437148 BCX0\" data-ccp-props=\"{}\">&nbsp;</span></p>\n</div>\n<div class=\"OutlineElement Ltr SCXW42437148 BCX0\" style=\"text-align: justify;\">\n<p class=\"Paragraph SCXW42437148 BCX0\"><strong><span class=\"NormalTextRun SCXW42437148 BCX0\">1. MODIFICATIONS</span><span class=\"EOP SCXW42437148 BCX0\" data-ccp-props=\"{}\">&nbsp;</span></strong></p>\n</div>\n<div class=\"OutlineElement Ltr SCXW42437148 BCX0\" style=\"text-align: justify;\">\n<p class=\"Paragraph SCXW42437148 BCX0\"><span class=\"TextRun SCXW42437148 BCX0\" lang=\"EN-IN\" xml:lang=\"EN-IN\" data-contrast=\"auto\"><span class=\"NormalTextRun SCXW42437148 BCX0\">From time to time, we reserve the right, in our sole discretion, to </span><span class=\"NormalTextRun SCXW42437148 BCX0\">modify</span><span class=\"NormalTextRun SCXW42437148 BCX0\">, update, add to, </span><span class=\"NormalTextRun SCXW42437148 BCX0\">discontinue</span><span class=\"NormalTextRun SCXW42437148 BCX0\">, remove, </span><span class=\"NormalTextRun SCXW42437148 BCX0\">revise</span><span class=\"NormalTextRun SCXW42437148 BCX0\"> or otherwise change any </span><span class=\"NormalTextRun SCXW42437148 BCX0\">portion</span><span class=\"NormalTextRun SCXW42437148 BCX0\"> of this Agreement, in whole or in part, at any time.</span></span><span class=\"EOP SCXW42437148 BCX0\" data-ccp-props=\"{}\">&nbsp;</span></p>\n</div>\n<div class=\"OutlineElement Ltr SCXW42437148 BCX0\" style=\"text-align: justify;\">\n<p class=\"Paragraph SCXW42437148 BCX0\"><span class=\"TextRun SCXW42437148 BCX0\" lang=\"EN-IN\" xml:lang=\"EN-IN\" data-contrast=\"auto\"><span class=\"NormalTextRun SCXW42437148 BCX0\">The most current version of this Agreement will be available on the Site and will supersede all </span><span class=\"NormalTextRun SCXW42437148 BCX0\">previous</span><span class=\"NormalTextRun SCXW42437148 BCX0\"> versions of this </span><span class=\"NormalTextRun SCXW42437148 BCX0\">Agreement. The</span><span class=\"NormalTextRun SCXW42437148 BCX0\"> Site or the goods and/or services, in whole or in part, may be enhanced, </span><span class=\"NormalTextRun SCXW42437148 BCX0\">modified</span><span class=\"NormalTextRun SCXW42437148 BCX0\"> or discontinued at our sole discretion. Any enhancements, additions or modifications to the Site or goods and/or services will be subject to this Agreement.</span></span><span class=\"EOP SCXW42437148 BCX0\" data-ccp-props=\"{}\">&nbsp;</span></p>\n</div>\n<div class=\"OutlineElement Ltr SCXW42437148 BCX0\" style=\"text-align: justify;\">\n<p class=\"Paragraph SCXW42437148 BCX0\"><strong><span class=\"NormalTextRun SCXW42437148 BCX0\">2. ACCESS</span><span class=\"EOP SCXW42437148 BCX0\" data-ccp-props=\"{}\">&nbsp;</span></strong></p>\n</div>\n<div class=\"OutlineElement Ltr SCXW42437148 BCX0\" style=\"text-align: justify;\">\n<p class=\"Paragraph SCXW42437148 BCX0\"><span class=\"TextRun SCXW42437148 BCX0\" lang=\"EN-IN\" xml:lang=\"EN-IN\" data-contrast=\"auto\"><span class=\"NormalTextRun SCXW42437148 BCX0\">You must obtain access to the Internet and pay any service fees associated with such access to use the Site. In addition, you must have all equipment necessary for you to access the Internet. You are and will remain solely responsible for the purchase, hookup, installation, loading, operation and maintenance of any hardware, software, telephone (cable or other) service, and the Internet access service to your personal computer and for all related costs. You are solely responsible for scanning your hardware and software for computer viruses and other related problems before you use them. We expressly </span><span class=\"NormalTextRun SCXW42437148 BCX0\">disclaim</span><span class=\"NormalTextRun SCXW42437148 BCX0\"> any liability or responsibility for any errors or failures relating to the malfunction or failure of your hardware or software in connection with the use of the Site.</span></span><span class=\"EOP SCXW42437148 BCX0\" data-ccp-props=\"{}\">&nbsp;</span></p>\n</div>\n<div class=\"OutlineElement Ltr SCXW42437148 BCX0\" style=\"text-align: justify;\">\n<p class=\"Paragraph SCXW42437148 BCX0\"><strong><span class=\"NormalTextRun SCXW42437148 BCX0\">3. ELIGIBILITY</span><span class=\"EOP SCXW42437148 BCX0\" data-ccp-props=\"{}\">&nbsp;</span></strong></p>\n</div>\n<div class=\"OutlineElement Ltr SCXW42437148 BCX0\" style=\"text-align: justify;\">\n<p class=\"Paragraph SCXW42437148 BCX0\"><span class=\"NormalTextRun SCXW42437148 BCX0\">16 years of age or older and have agreed to this Agreement. Certain features on this Site (including, but not limited to, user registration).</span><span class=\"EOP SCXW42437148 BCX0\" data-ccp-props=\"{}\">&nbsp;</span></p>\n</div>\n<div class=\"OutlineElement Ltr SCXW42437148 BCX0\" style=\"text-align: justify;\">\n<p class=\"Paragraph SCXW42437148 BCX0\"><strong><span class=\"NormalTextRun SCXW42437148 BCX0\">4. INDEPENDENT HERBAL POWER ASSOCIATES</span><span class=\"EOP SCXW42437148 BCX0\" data-ccp-props=\"{}\">&nbsp;</span></strong></p>\n</div>\n<div class=\"OutlineElement Ltr SCXW42437148 BCX0\" style=\"text-align: justify;\">\n<p class=\"Paragraph SCXW42437148 BCX0\"><span class=\"TextRun SCXW42437148 BCX0\" lang=\"EN-IN\" xml:lang=\"EN-IN\" data-contrast=\"auto\"><span class=\"NormalTextRun SCXW42437148 BCX0\">Herbal Power products and services are sold through direct selling channel of sales and distribution </span><span class=\"NormalTextRun SCXW42437148 BCX0\">i.e.</span><span class=\"NormalTextRun SCXW42437148 BCX0\"> to/through Herbal Power Independent Associates. To </span><span class=\"NormalTextRun SCXW42437148 BCX0\">purchase</span><span class=\"NormalTextRun SCXW42437148 BCX0\"> Herbal Power goods or services, you do not have to become an Independent Associate. If, however, you are interested in starting your own business as an Independent Herbal Power Associates, please call see our Associate Services Department.</span></span><span class=\"EOP SCXW42437148 BCX0\" data-ccp-props=\"{}\">&nbsp;</span></p>\n</div>\n<div class=\"OutlineElement Ltr SCXW42437148 BCX0\" style=\"text-align: justify;\">\n<p class=\"Paragraph SCXW42437148 BCX0\"><strong><span class=\"NormalTextRun SCXW42437148 BCX0\">5. HERBAL POWER GUARANTEE</span></strong><span class=\"EOP SCXW42437148 BCX0\" data-ccp-props=\"{}\">&nbsp;</span></p>\n</div>\n<div class=\"OutlineElement Ltr SCXW42437148 BCX0\" style=\"text-align: justify;\">\n<p class=\"Paragraph SCXW42437148 BCX0\"><span class=\"NormalTextRun SCXW42437148 BCX0\">Herbal Power ensures through its manufacturers and/or exporters the guarantee of its products as stipulated under the applicable respective statutes. We are confident that our customers will find our products satisfactory. However, if for any reason, a customer is not satisfied with any Herbal Power products, Herbal Power shall ensure exchange or refund through its Associates. Simply request a refund within thirty (30) days from your receipt of the product by contacting an Independent Associate of Herbal Power. This guarantee is limited only by the terms of certain specific warranties attached to or packaged with certain products and does not apply to any product intentionally damaged or misused.</span><span class=\"EOP SCXW42437148 BCX0\" data-ccp-props=\"{}\">&nbsp;</span></p>\n</div>\n<div class=\"OutlineElement Ltr SCXW42437148 BCX0\" style=\"text-align: justify;\">\n<p class=\"Paragraph SCXW42437148 BCX0\"><strong><span class=\"NormalTextRun SCXW42437148 BCX0\">6. YOUR INFORMATION AND YOUR PRIVACY</span><span class=\"EOP SCXW42437148 BCX0\" data-ccp-props=\"{}\">&nbsp;</span></strong></p>\n</div>\n<div class=\"OutlineElement Ltr SCXW42437148 BCX0\" style=\"text-align: justify;\">\n<p class=\"Paragraph SCXW42437148 BCX0\"><span class=\"TextRun SCXW42437148 BCX0\" lang=\"EN-IN\" xml:lang=\"EN-IN\" data-contrast=\"auto\"><span class=\"NormalTextRun SCXW42437148 BCX0\">If you provide information to the Site, you agree to provide </span><span class=\"NormalTextRun SCXW42437148 BCX0\">accurate</span><span class=\"NormalTextRun SCXW42437148 BCX0\">, </span><span class=\"NormalTextRun SCXW42437148 BCX0\">current</span><span class=\"NormalTextRun SCXW42437148 BCX0\"> and complete information about you </span><span class=\"NormalTextRun SCXW42437148 BCX0\">were</span><span class=\"NormalTextRun SCXW42437148 BCX0\"> requested and you agree to </span><span class=\"NormalTextRun SCXW42437148 BCX0\">maintain</span><span class=\"NormalTextRun SCXW42437148 BCX0\"> and update such information as </span><span class=\"NormalTextRun SCXW42437148 BCX0\">appropriate</span><span class=\"NormalTextRun SCXW42437148 BCX0\">. We will use and </span><span class=\"NormalTextRun SCXW42437148 BCX0\">maintain</span><span class=\"NormalTextRun SCXW42437148 BCX0\"> any information about you that we collect through the Site </span><span class=\"NormalTextRun SCXW42437148 BCX0\">in accordance with</span><span class=\"NormalTextRun SCXW42437148 BCX0\"> our Privacy Policy, </span><span class=\"NormalTextRun SCXW42437148 BCX0\">located</span><span class=\"NormalTextRun SCXW42437148 BCX0\"> at https://www.herbalpowerindia.com/privacy-policy.</span></span><span class=\"EOP SCXW42437148 BCX0\" data-ccp-props=\"{}\">&nbsp;</span></p>\n</div>\n<div class=\"OutlineElement Ltr SCXW42437148 BCX0\" style=\"text-align: justify;\">\n<p class=\"Paragraph SCXW42437148 BCX0\"><strong><span class=\"NormalTextRun SCXW42437148 BCX0\">7. USER FORMS</span><span class=\"EOP SCXW42437148 BCX0\" data-ccp-props=\"{}\">&nbsp;</span></strong></p>\n</div>\n<div class=\"OutlineElement Ltr SCXW42437148 BCX0\" style=\"text-align: justify;\">\n<p class=\"Paragraph SCXW42437148 BCX0\"><span class=\"TextRun SCXW42437148 BCX0\" lang=\"EN-IN\" xml:lang=\"EN-IN\" data-contrast=\"auto\"><span class=\"NormalTextRun SCXW42437148 BCX0\">Forums, bulletin boards, chat rooms or other interactive areas that are or may be offered on the Site (\"User Forums\") are provided to give users a forum to express their opinions and share their ideas and information. The individual who posts content in the User Forums (\"Community Content\") </span><span class=\"NormalTextRun SCXW42437148 BCX0\">is responsible for</span><span class=\"NormalTextRun SCXW42437148 BCX0\"> the reliability, accuracy, and truthfulness of such content, and we have no control over the same. Additionally, we have no control over whether any such posted material is of a nature that users will find offensive, </span><span class=\"NormalTextRun SCXW42437148 BCX0\">distasteful</span><span class=\"NormalTextRun SCXW42437148 BCX0\"> or otherwise unacceptable and expressly </span><span class=\"NormalTextRun SCXW42437148 BCX0\">disclaims</span><span class=\"NormalTextRun SCXW42437148 BCX0\"> any responsibility for such </span><span class=\"NormalTextRun SCXW42437148 BCX0\">material. We</span><span class=\"NormalTextRun SCXW42437148 BCX0\"> do not and cannot review every message posted by users in the User </span><span class=\"NormalTextRun ContextualSpellingAndGrammarErrorV2Themed SCXW42437148 BCX0\">Forums, and</span><span class=\"NormalTextRun SCXW42437148 BCX0\"> are not responsible for the content of these messages or the views or opinions expressed by the users of the User Forums. Information </span><span class=\"NormalTextRun SCXW42437148 BCX0\">disclosed</span><span class=\"NormalTextRun SCXW42437148 BCX0\"> in the User Forums is by design revealed to the public.</span></span><span class=\"EOP SCXW42437148 BCX0\" data-ccp-props=\"{}\">&nbsp;</span></p>\n</div>\n<div class=\"OutlineElement Ltr SCXW42437148 BCX0\" style=\"text-align: justify;\">\n<p class=\"Paragraph SCXW42437148 BCX0\"><span class=\"TextRun SCXW42437148 BCX0\" lang=\"EN-IN\" xml:lang=\"EN-IN\" data-contrast=\"auto\"><span class=\"NormalTextRun SCXW42437148 BCX0\">You agree to </span><span class=\"NormalTextRun SCXW42437148 BCX0\">comply with</span><span class=\"NormalTextRun SCXW42437148 BCX0\"> the \"Community Guidelines\" set forth below. Without limiting our other rights and remedies, individuals who violate the following Community Guidelines may, at our sole discretion, be permanently banned from using the Site: harass, stalk or otherwise abuse another user; transmit, post, send, upload, distribute, submit or otherwise make available any content that is false, harmful, threatening, abusive, tortious, defamatory, libelous, disparaging (including disparaging of Herbal Power), vulgar, obscene, pornographic or that promotes violence, racial hatred, terrorism or illegal acts.</span></span><span class=\"EOP SCXW42437148 BCX0\" data-ccp-props=\"{}\">&nbsp;</span></p>\n</div>\n<div class=\"OutlineElement Ltr SCXW42437148 BCX0\" style=\"text-align: justify;\">\n<p class=\"Paragraph SCXW42437148 BCX0\"><span class=\"TextRun SCXW42437148 BCX0\" lang=\"EN-IN\" xml:lang=\"EN-IN\" data-contrast=\"auto\"><span class=\"NormalTextRun SCXW42437148 BCX0\">The Site any personal advertising, junk mail, spam, chain letters, pyramid schemes or offer for sale of any products or services, except in areas, if any, specifically </span><span class=\"NormalTextRun SCXW42437148 BCX0\">designated</span><span class=\"NormalTextRun SCXW42437148 BCX0\"> for such purposes; or violate any applicable laws local, state, central or international law, </span><span class=\"NormalTextRun SCXW42437148 BCX0\">rule</span><span class=\"NormalTextRun SCXW42437148 BCX0\"> or regulation. </span><span class=\"NormalTextRun SCXW42437148 BCX0\">transmit</span><span class=\"NormalTextRun SCXW42437148 BCX0\">, post, send, upload, </span><span class=\"NormalTextRun SCXW42437148 BCX0\">distribute, </span><span class=\"NormalTextRun SCXW42437148 BCX0\">submit</span><span class=\"NormalTextRun SCXW42437148 BCX0\"> or otherwise make available through the Site any content </span><span class=\"NormalTextRun SCXW42437148 BCX0\">containing</span><span class=\"NormalTextRun SCXW42437148 BCX0\"> any solicitation of funds, promotion, advertising, or solicitation for goods or services.</span></span><span class=\"EOP SCXW42437148 BCX0\" data-ccp-props=\"{}\">&nbsp;</span></p>\n</div>\n<div class=\"OutlineElement Ltr SCXW42437148 BCX0\" style=\"text-align: justify;\">\n<p class=\"Paragraph SCXW42437148 BCX0\"><span class=\"TextRun SCXW42437148 BCX0\" lang=\"EN-IN\" xml:lang=\"EN-IN\" data-contrast=\"auto\"><span class=\"NormalTextRun SCXW42437148 BCX0\">\"Frame</span><span class=\"NormalTextRun SCXW42437148 BCX0\">&rdquo;,</span><span class=\"NormalTextRun SCXW42437148 BCX0\"> &ldquo;mirror&rdquo; or &ldquo;deep link&rdquo; any part of the Site without our prior written authorization. link to any page within the Site or other goods and/or services from any web site or web page that makes any claims as to the curative or health enhancing powers of any substance.</span></span><span class=\"EOP SCXW42437148 BCX0\" data-ccp-props=\"{}\">&nbsp;</span></p>\n</div>\n<div class=\"OutlineElement Ltr SCXW42437148 BCX0\" style=\"text-align: justify;\">\n<p class=\"Paragraph SCXW42437148 BCX0\"><strong><span class=\"NormalTextRun SCXW42437148 BCX0\">8. USE OF E-MAIL ADDRESSES PROVIDED BY THE SITE</span><span class=\"EOP SCXW42437148 BCX0\" data-ccp-props=\"{}\">&nbsp;</span></strong></p>\n</div>\n<div class=\"OutlineElement Ltr SCXW42437148 BCX0\" style=\"text-align: justify;\">\n<p class=\"Paragraph SCXW42437148 BCX0\"><span class=\"TextRun SCXW42437148 BCX0\" lang=\"EN-IN\" xml:lang=\"EN-IN\" data-contrast=\"auto\"><span class=\"NormalTextRun SCXW42437148 BCX0\">When using any e-mail address provided to you on or through the Site, you agree to use such email address </span><span class=\"NormalTextRun SCXW42437148 BCX0\">in accordance with</span><span class=\"NormalTextRun SCXW42437148 BCX0\"> all applicable laws and not to </span><span class=\"NormalTextRun SCXW42437148 BCX0\">transmit</span><span class=\"NormalTextRun SCXW42437148 BCX0\"> to any person or entity: any content that violates the Community Guidelines.</span></span><span class=\"EOP SCXW42437148 BCX0\" data-ccp-props=\"{}\">&nbsp;</span></p>\n</div>\n<div class=\"OutlineElement Ltr SCXW42437148 BCX0\" style=\"text-align: justify;\">\n<p class=\"Paragraph SCXW42437148 BCX0\"><strong><span class=\"NormalTextRun SCXW42437148 BCX0\">9. OUR PROPRIETARY RIGHTS</span><span class=\"EOP SCXW42437148 BCX0\" data-ccp-props=\"{}\">&nbsp;</span></strong></p>\n</div>\n<div class=\"OutlineElement Ltr SCXW42437148 BCX0\" style=\"text-align: justify;\">\n<p class=\"Paragraph SCXW42437148 BCX0\"><span class=\"TextRun SCXW42437148 BCX0\" lang=\"EN-IN\" xml:lang=\"EN-IN\" data-contrast=\"auto\"><span class=\"NormalTextRun SCXW42437148 BCX0\">This Site and all of the content it contains, or may in the future contain, including but not limited to articles, opinions, other text, directories, guides, photographs, illustrations, images, video and audio clips and advertising copy, as well as the trademarks, copyrights, logos, domain names, code, trade names, service marks, patents and any and all copyrightable material (including source and object code) and/or any other form of intellectual property (collectively, the \"Material\") are owned by or licensed to us or other authorized third parties and are protected from unauthorized use, copying and dissemination by copyright, trademark, publicity and other laws and by international treaties. Unless expressly </span><span class=\"NormalTextRun SCXW42437148 BCX0\">permitted</span><span class=\"NormalTextRun SCXW42437148 BCX0\"> in writing by us, you shall not capture, reproduce, perform, transfer, sell, license, </span><span class=\"NormalTextRun SCXW42437148 BCX0\">modify</span><span class=\"NormalTextRun SCXW42437148 BCX0\">, create derivative works from or based upon, republish, reverse engineer, upload, edit, post, </span><span class=\"NormalTextRun SCXW42437148 BCX0\">transmit</span><span class=\"NormalTextRun SCXW42437148 BCX0\">, publicly display, frame, link, distribute.</span></span><span class=\"EOP SCXW42437148 BCX0\" data-ccp-props=\"{}\">&nbsp;</span></p>\n</div>\n<div class=\"OutlineElement Ltr SCXW42437148 BCX0\" style=\"text-align: justify;\">\n<p class=\"Paragraph SCXW42437148 BCX0\"><strong><span class=\"NormalTextRun SCXW42437148 BCX0\">10. ASSOCIATESHIP AND REGISTRATION</span><span class=\"EOP SCXW42437148 BCX0\" data-ccp-props=\"{}\">&nbsp;</span></strong></p>\n</div>\n<div class=\"OutlineElement Ltr SCXW42437148 BCX0\" style=\"text-align: justify;\">\n<p class=\"Paragraph SCXW42437148 BCX0\"><span class=\"TextRun SCXW42437148 BCX0\" lang=\"EN-IN\" xml:lang=\"EN-IN\" data-contrast=\"auto\"><span class=\"NormalTextRun SCXW42437148 BCX0\">Certain areas of the Site may require registration or may otherwise ask you to provide information to </span><span class=\"NormalTextRun SCXW42437148 BCX0\">participate</span><span class=\"NormalTextRun SCXW42437148 BCX0\"> in certain features or to access certain content. The Site practices governing your personal information are </span><span class=\"NormalTextRun SCXW42437148 BCX0\">disclosed</span><span class=\"NormalTextRun SCXW42437148 BCX0\"> in its Privacy Policy. The decision to provide this information is purely voluntary and optional; however, if you </span><span class=\"NormalTextRun SCXW42437148 BCX0\">elect</span><span class=\"NormalTextRun SCXW42437148 BCX0\"> not to provide such information, you may not be able to access certain content or </span><span class=\"NormalTextRun SCXW42437148 BCX0\">participate</span><span class=\"NormalTextRun SCXW42437148 BCX0\"> in certain features of the Site.</span></span><span class=\"EOP SCXW42437148 BCX0\" data-ccp-props=\"{}\">&nbsp;</span></p>\n</div>\n<div class=\"OutlineElement Ltr SCXW42437148 BCX0\" style=\"text-align: justify;\">\n<p class=\"Paragraph SCXW42437148 BCX0\"><strong><span class=\"NormalTextRun SCXW42437148 BCX0\">11. PROMOTIONS</span><span class=\"EOP SCXW42437148 BCX0\" data-ccp-props=\"{}\">&nbsp;</span></strong></p>\n</div>\n<div class=\"OutlineElement Ltr SCXW42437148 BCX0\" style=\"text-align: justify;\">\n<p class=\"Paragraph SCXW42437148 BCX0\"><span class=\"TextRun SCXW42437148 BCX0\" lang=\"EN-IN\" xml:lang=\"EN-IN\" data-contrast=\"auto\"><span class=\"NormalTextRun SCXW42437148 BCX0\">This Site may </span><span class=\"NormalTextRun SCXW42437148 BCX0\">contain</span><span class=\"NormalTextRun SCXW42437148 BCX0\"> permitted promotions that require you to send material or information about yourself. Please note that such promotions offered via the Site may be, and often are, governed by a separate set of rules that, in addition to describing such promotions, may have eligibility requirements, such as certain age or geographic area restrictions, terms and conditions governing the use of material you submit, and disclosures about how your personal information may be used. It is your responsibility to read such rules to </span><span class=\"NormalTextRun SCXW42437148 BCX0\">determine</span> <span class=\"NormalTextRun AdvancedProofingIssueV2Themed SCXW42437148 BCX0\">whether or not</span><span class=\"NormalTextRun SCXW42437148 BCX0\"> you want to and are eligible to </span><span class=\"NormalTextRun SCXW42437148 BCX0\">participate</span><span class=\"NormalTextRun SCXW42437148 BCX0\">, register and/or enter. By entering any such promotion, you agree to </span><span class=\"NormalTextRun SCXW42437148 BCX0\">comply with</span><span class=\"NormalTextRun SCXW42437148 BCX0\"> abide by such rules and the decisions of the sponsor(s) </span><span class=\"NormalTextRun SCXW42437148 BCX0\">identified</span> <span class=\"NormalTextRun SCXW42437148 BCX0\">therein</span><span class=\"NormalTextRun SCXW42437148 BCX0\">, which shall be final and binding in all respects.</span></span><span class=\"EOP SCXW42437148 BCX0\" data-ccp-props=\"{}\">&nbsp;</span></p>\n</div>\n<div class=\"OutlineElement Ltr SCXW42437148 BCX0\" style=\"text-align: justify;\">\n<p class=\"Paragraph SCXW42437148 BCX0\"><strong><span class=\"NormalTextRun SCXW42437148 BCX0\">12. TERMINATION; MODIFICATION</span><span class=\"EOP SCXW42437148 BCX0\" data-ccp-props=\"{}\">&nbsp;</span></strong></p>\n</div>\n<div class=\"OutlineElement Ltr SCXW42437148 BCX0\" style=\"text-align: justify;\">\n<p class=\"Paragraph SCXW42437148 BCX0\"><span class=\"TextRun SCXW42437148 BCX0\" lang=\"EN-IN\" xml:lang=\"EN-IN\" data-contrast=\"auto\"><span class=\"NormalTextRun SCXW42437148 BCX0\">We will </span><span class=\"NormalTextRun SCXW42437148 BCX0\">determine</span><span class=\"NormalTextRun SCXW42437148 BCX0\"> your compliance with this Agreement in our sole discretion and our decision shall be final and binding. Any violation of this Agreement may result in restrictions on your access to all or part </span><span class=\"NormalTextRun SCXW42437148 BCX0\">of the Site (including any Web Property or email address provided by the Site) and may be referred to law enforcement authorities. No waiver of any of this Agreement shall be of any force or effect unless made in writing and signed by a duly authorized officer of Herbal Power. We reserve the right to </span><span class=\"NormalTextRun SCXW42437148 BCX0\">modify</span><span class=\"NormalTextRun SCXW42437148 BCX0\"> or discontinue this Site, or any </span><span class=\"NormalTextRun SCXW42437148 BCX0\">portion</span> <span class=\"NormalTextRun SCXW42437148 BCX0\">thereof without</span><span class=\"NormalTextRun SCXW42437148 BCX0\"> notice to you or any third party. Upon termination of your associateship or access to the Site, or upon demand by Herbal Power, you must destroy all materials obtained from this Site and all related documentation and all copies and installations thereof. You are advised that we will aggressively </span><span class=\"NormalTextRun AdvancedProofingIssueV2Themed SCXW42437148 BCX0\">enforce our rights to the fullest extent</span><span class=\"NormalTextRun SCXW42437148 BCX0\"> of the law. If any provision of this Agreement is found to be invalid by any court having competent </span><span class=\"NormalTextRun SCXW42437148 BCX0\">jurisdiction</span><span class=\"NormalTextRun SCXW42437148 BCX0\">, the invalidity of such provision will not affect the validity of the remaining provisions of this Agreement, which will remain in full force and effect. The section titles in this Agreement are for your convenience only and do not have any legal or contractual effect.</span></span><span class=\"EOP SCXW42437148 BCX0\" data-ccp-props=\"{}\">&nbsp;</span></p>\n</div>\n<div class=\"OutlineElement Ltr SCXW42437148 BCX0\" style=\"text-align: justify;\">\n<p class=\"Paragraph SCXW42437148 BCX0\"><strong><span class=\"TextRun SCXW42437148 BCX0\" lang=\"EN-IN\" xml:lang=\"EN-IN\" data-contrast=\"auto\"><span class=\"NormalTextRun SCXW42437148 BCX0\">13. </span><span class=\"NormalTextRun SCXW42437148 BCX0\">JURISDICTION</span></span><span class=\"EOP SCXW42437148 BCX0\" data-ccp-props=\"{}\">&nbsp;</span></strong></p>\n</div>\n<div class=\"OutlineElement Ltr SCXW42437148 BCX0\" style=\"text-align: justify;\">\n<p class=\"Paragraph SCXW42437148 BCX0\"><span class=\"TextRun SCXW42437148 BCX0\" lang=\"EN-IN\" xml:lang=\"EN-IN\" data-contrast=\"auto\"><span class=\"NormalTextRun SCXW42437148 BCX0\">The laws of apply to this Agreement. Any dispute between you and us must be brought before the courts </span><span class=\"NormalTextRun SCXW42437148 BCX0\">located</span><span class=\"NormalTextRun SCXW42437148 BCX0\"> in Delhi, India. You hereby consent and </span><span class=\"NormalTextRun SCXW42437148 BCX0\">submit</span><span class=\"NormalTextRun SCXW42437148 BCX0\"> to the exclusive </span><span class=\"NormalTextRun SCXW42437148 BCX0\">jurisdiction</span><span class=\"NormalTextRun SCXW42437148 BCX0\"> of the courts </span><span class=\"NormalTextRun SCXW42437148 BCX0\">located</span><span class=\"NormalTextRun SCXW42437148 BCX0\"> in Delhi for any cause of action relating to or arising under this Agreement or the Site.</span></span><span class=\"EOP SCXW42437148 BCX0\" data-ccp-props=\"{}\">&nbsp;</span></p>\n</div>\n<div class=\"OutlineElement Ltr SCXW42437148 BCX0\" style=\"text-align: justify;\">\n<p class=\"Paragraph SCXW42437148 BCX0\"><strong><span class=\"NormalTextRun SCXW42437148 BCX0\">14. SEVERABILITY</span><span class=\"EOP SCXW42437148 BCX0\" data-ccp-props=\"{}\">&nbsp;</span></strong></p>\n</div>\n<div class=\"OutlineElement Ltr SCXW42437148 BCX0\" style=\"text-align: justify;\">\n<p class=\"Paragraph SCXW42437148 BCX0\"><span class=\"NormalTextRun SCXW42437148 BCX0\">Should one of the provisions of this Term of Use be invalid or declared invalid by a court, this will not affect the validity of the remaining terms.</span><span class=\"EOP SCXW42437148 BCX0\" data-ccp-props=\"{}\">&nbsp;</span></p>\n</div>\n<div class=\"OutlineElement Ltr SCXW42437148 BCX0\" style=\"text-align: justify;\">\n<p class=\"Paragraph SCXW42437148 BCX0\"><strong><span class=\"NormalTextRun SCXW42437148 BCX0\">15. ABILITY TO ACCEPT AGREEMENT</span><span class=\"EOP SCXW42437148 BCX0\" data-ccp-props=\"{}\">&nbsp;</span></strong></p>\n</div>\n<div class=\"OutlineElement Ltr SCXW42437148 BCX0\" style=\"text-align: justify;\">\n<p class=\"Paragraph SCXW42437148 BCX0\"><span class=\"TextRun SCXW42437148 BCX0\" lang=\"EN-IN\" xml:lang=\"EN-IN\" data-contrast=\"auto\"><span class=\"NormalTextRun SCXW42437148 BCX0\">You affirm that you are 18 years of age or older and are fully able and competent to </span><span class=\"NormalTextRun AdvancedProofingIssueV2Themed SCXW42437148 BCX0\">enter into</span><span class=\"NormalTextRun SCXW42437148 BCX0\"> the terms, conditions, obligations, affirmations, representations, and warranties </span><span class=\"NormalTextRun SCXW42437148 BCX0\">set forth in</span><span class=\"NormalTextRun SCXW42437148 BCX0\"> this Agreement, and to abide by and </span><span class=\"NormalTextRun SCXW42437148 BCX0\">comply with</span><span class=\"NormalTextRun SCXW42437148 BCX0\"> the terms and conditions of this Agreement.</span></span><span class=\"EOP SCXW42437148 BCX0\" data-ccp-props=\"{}\">&nbsp;</span></p>\n</div>\n<div class=\"OutlineElement Ltr SCXW42437148 BCX0\" style=\"text-align: justify;\">\n<p class=\"Paragraph SCXW42437148 BCX0\"><strong><span class=\"NormalTextRun SCXW42437148 BCX0\">16. CONTACT US</span><span class=\"EOP SCXW42437148 BCX0\" data-ccp-props=\"{}\">&nbsp;</span></strong></p>\n</div>\n<div class=\"OutlineElement Ltr SCXW42437148 BCX0\" style=\"text-align: justify;\">\n<p class=\"Paragraph SCXW42437148 BCX0\"><span class=\"TextRun SCXW42437148 BCX0\" lang=\"EN-IN\" xml:lang=\"EN-IN\" data-contrast=\"auto\"><span class=\"NormalTextRun SCXW42437148 BCX0\">If you have any questions, comments or concerns about our Site, any goods and/or services or this Agreement, you may contact us at +91</span><span class=\"NormalTextRun SCXW42437148 BCX0\">120417</span><span class=\"NormalTextRun SCXW42437148 BCX0\">7306</span><span class=\"NormalTextRun SCXW42437148 BCX0\">.</span></span></p>\n<p class=\"Paragraph SCXW42437148 BCX0\"><span class=\"TextRun SCXW42437148 BCX0\" lang=\"EN-IN\" xml:lang=\"EN-IN\" data-contrast=\"auto\"><span class=\"NormalTextRun SCXW42437148 BCX0\">Last Revised on &copy;2025 Herbal Power. All Rights Reserved and licensed user Herbal Power Marketing&nbsp;</span><span class=\"NormalTextRun SCXW42437148 BCX0\">Private Limit</span><span class=\"NormalTextRun SCXW42437148 BCX0\">ed</span><span class=\"NormalTextRun SCXW42437148 BCX0\">.</span></span><span class=\"EOP SCXW42437148 BCX0\" data-ccp-props=\"{}\">&nbsp;</span></p>\n</div>\n<div class=\"OutlineElement Ltr SCXW42437148 BCX0\" style=\"text-align: justify;\">\n<p class=\"Paragraph SCXW42437148 BCX0\"><span class=\"TextRun SCXW42437148 BCX0\" lang=\"EN-IN\" xml:lang=\"EN-IN\" data-contrast=\"auto\"><span class=\"NormalTextRun SCXW42437148 BCX0\">FSSAI License No</span><span class=\"NormalTextRun SCXW42437148 BCX0\">. </span><span class=\"NormalTextRun SCXW42437148 BCX0\">12724999000640</span></span><span class=\"EOP SCXW42437148 BCX0\" data-ccp-props=\"{}\">&nbsp;</span></p>\n</div>\n<div class=\"OutlineElement Ltr SCXW42437148 BCX0\">\n<p class=\"Paragraph SCXW42437148 BCX0\" style=\"text-align: justify;\"><span class=\"TextRun SCXW42437148 BCX0\" lang=\"EN-IN\" xml:lang=\"EN-IN\" data-contrast=\"auto\"><span class=\"NormalTextRun SCXW42437148 BCX0\">Before embarking on any physical activity, please consult with your physician. Herbal Power products are not intended to diagnose, treat, </span><span class=\"NormalTextRun SCXW42437148 BCX0\">prevent</span><span class=\"NormalTextRun SCXW42437148 BCX0\"> or cure any disease. Please see individual product label for detailed information.</span></span><span class=\"EOP SCXW42437148 BCX0\" data-ccp-props=\"{}\">&nbsp;</span></p>\n</div>\n</div>\n</div>", "is_active": true, "show_in_footer": true, "show_in_header": false, "order": 6, "created_at": "2025-03-19T19:14:14.954Z", "updated_at": "2025-03-20T10:23:55.461Z"}}, {"model": "home.custompage", "pk": 3, "fields": {"title": "Shipping and Delivery Policy", "slug": "shipping-and-delivery-policy", "content": "<div class=\"SCXW43859401 BCX0\">\n<div class=\"OutlineElement Ltr SCXW43859401 BCX0\">\n<div class=\"OutlineElement Ltr SCXW42437148 BCX0\">\n<div class=\"SCXW210019141 BCX0\">\n<div class=\"OutlineElement Ltr SCXW210019141 BCX0\">\n<p class=\"Paragraph SCXW210019141 BCX0\"><strong><span class=\"NormalTextRun SCXW210019141 BCX0\">Orders may be placed online on website and Mobile App. Details are given below:</span><span class=\"EOP SCXW210019141 BCX0\" data-ccp-props=\"{}\">&nbsp;</span></strong></p>\n</div>\n<div class=\"OutlineElement Ltr SCXW210019141 BCX0\">\n<p class=\"Paragraph SCXW210019141 BCX0\"><strong><span class=\"NormalTextRun SCXW210019141 BCX0\">Home Delivery</span></strong><span class=\"NormalTextRun SCXW210019141 BCX0\"><strong>:</strong> Home Delivery orders can be placed on website or Herbal Power App only.</span><span class=\"EOP SCXW210019141 BCX0\" data-ccp-props=\"{}\">&nbsp;</span></p>\n</div>\n<div class=\"OutlineElement Ltr SCXW210019141 BCX0\">\n<p class=\"Paragraph SCXW210019141 BCX0\"><strong><span class=\"NormalTextRun SCXW210019141 BCX0\">Payment</span></strong><span class=\"NormalTextRun SCXW210019141 BCX0\"><strong>:</strong> Payment mode options for these orders can be:</span><span class=\"EOP SCXW210019141 BCX0\" data-ccp-props=\"{}\">&nbsp;</span></p>\n</div>\n<div class=\"ListContainerWrapper SCXW210019141 BCX0\">\n<ul class=\"BulletListStyle1 SCXW210019141 BCX0\" role=\"list\">\n<li class=\"OutlineElement Ltr SCXW210019141 BCX0\" role=\"listitem\" data-leveltext=\"\" data-font=\"Symbol\" data-listid=\"9\" data-list-defn-props=\"{&quot;335552541&quot;:1,&quot;335559685&quot;:720,&quot;335559991&quot;:360,&quot;469769226&quot;:&quot;Symbol&quot;,&quot;469769242&quot;:[8226],&quot;469777803&quot;:&quot;left&quot;,&quot;469777804&quot;:&quot;&quot;,&quot;469777815&quot;:&quot;multilevel&quot;}\" aria-setsize=\"-1\" data-aria-posinset=\"1\" data-aria-level=\"1\">\n<p class=\"Paragraph SCXW210019141 BCX0\"><span class=\"NormalTextRun SCXW210019141 BCX0\"><strong>Orders placed at Website: </strong>Credit Card, Debit Card, Net Banking, Paytm, Google Pay.</span><span class=\"EOP SCXW210019141 BCX0\" data-ccp-props=\"{}\">&nbsp;</span></p>\n</li>\n</ul>\n</div>\n<div class=\"ListContainerWrapper SCXW210019141 BCX0\">\n<ul class=\"BulletListStyle1 SCXW210019141 BCX0\" role=\"list\">\n<li class=\"OutlineElement Ltr SCXW210019141 BCX0\" role=\"listitem\" data-leveltext=\"\" data-font=\"Symbol\" data-listid=\"9\" data-list-defn-props=\"{&quot;335552541&quot;:1,&quot;335559685&quot;:720,&quot;335559991&quot;:360,&quot;469769226&quot;:&quot;Symbol&quot;,&quot;469769242&quot;:[8226],&quot;469777803&quot;:&quot;left&quot;,&quot;469777804&quot;:&quot;&quot;,&quot;469777815&quot;:&quot;multilevel&quot;}\" aria-setsize=\"-1\" data-aria-posinset=\"2\" data-aria-level=\"1\">\n<p class=\"Paragraph SCXW210019141 BCX0\"><span class=\"NormalTextRun SCXW210019141 BCX0\"><strong>Orders placed at Herbal Power App</strong>: Credit Card, Debit Card, Net Banking, Paytm, Google Pay.</span><span class=\"EOP SCXW210019141 BCX0\" data-ccp-props=\"{}\">&nbsp;</span></p>\n</li>\n</ul>\n</div>\n<div class=\"ListContainerWrapper SCXW210019141 BCX0\">\n<p class=\"Paragraph SCXW210019141 BCX0\"><strong><span class=\"NormalTextRun SCXW210019141 BCX0\">Standard Delivery orders will be delivered within:</span><span class=\"EOP SCXW210019141 BCX0\" data-ccp-props=\"{}\">&nbsp;</span></strong></p>\n</div>\n<div class=\"ListContainerWrapper SCXW210019141 BCX0\">\n<ul class=\"BulletListStyle1 SCXW210019141 BCX0\" role=\"list\">\n<li class=\"OutlineElement Ltr SCXW210019141 BCX0\" role=\"listitem\" data-leveltext=\"\" data-font=\"Symbol\" data-listid=\"9\" data-list-defn-props=\"{&quot;335552541&quot;:1,&quot;335559685&quot;:720,&quot;335559991&quot;:360,&quot;469769226&quot;:&quot;Symbol&quot;,&quot;469769242&quot;:[8226],&quot;469777803&quot;:&quot;left&quot;,&quot;469777804&quot;:&quot;&quot;,&quot;469777815&quot;:&quot;multilevel&quot;}\" aria-setsize=\"-1\" data-aria-posinset=\"5\" data-aria-level=\"1\">\n<p class=\"Paragraph SCXW210019141 BCX0\"><span class=\"NormalTextRun SCXW210019141 BCX0\"><strong>Local</strong>: 3-6 business days from the order date.</span><span class=\"EOP SCXW210019141 BCX0\" data-ccp-props=\"{}\">&nbsp;</span></p>\n</li>\n</ul>\n</div>\n<div class=\"ListContainerWrapper SCXW210019141 BCX0\">\n<ul class=\"BulletListStyle1 SCXW210019141 BCX0\" role=\"list\">\n<li class=\"OutlineElement Ltr SCXW210019141 BCX0\" role=\"listitem\" data-leveltext=\"\" data-font=\"Symbol\" data-listid=\"9\" data-list-defn-props=\"{&quot;335552541&quot;:1,&quot;335559685&quot;:720,&quot;335559991&quot;:360,&quot;469769226&quot;:&quot;Symbol&quot;,&quot;469769242&quot;:[8226],&quot;469777803&quot;:&quot;left&quot;,&quot;469777804&quot;:&quot;&quot;,&quot;469777815&quot;:&quot;multilevel&quot;}\" aria-setsize=\"-1\" data-aria-posinset=\"6\" data-aria-level=\"1\">\n<p class=\"Paragraph SCXW210019141 BCX0\"><span class=\"NormalTextRun SCXW210019141 BCX0\"><strong>Outside Delivery Area (Remote Locations):</strong>8-12 business days from the order date</span><span class=\"EOP SCXW210019141 BCX0\" data-ccp-props=\"{}\">&nbsp;</span></p>\n</li>\n</ul>\n</div>\n</div>\n<div class=\"SCXW210019141 BCX0\">\n<div class=\"ListContainerWrapper SCXW210019141 BCX0\">\n<p class=\"Paragraph SCXW210019141 BCX0\"><span class=\"NormalTextRun SCXW210019141 BCX0\">We deliver only on business days.</span><span class=\"EOP SCXW210019141 BCX0\" data-ccp-props=\"{}\">&nbsp;</span></p>\n</div>\n<div class=\"OutlineElement Ltr SCXW210019141 BCX0\">\n<p class=\"Paragraph SCXW210019141 BCX0\">&nbsp;</p>\n<p class=\"Paragraph SCXW210019141 BCX0\"><strong><span class=\"NormalTextRun SCXW210019141 BCX0\">Home Delivery Orders Delivery fees</span><span class=\"EOP SCXW210019141 BCX0\" data-ccp-props=\"{}\">&nbsp;</span></strong></p>\n<p class=\"Paragraph SCXW210019141 BCX0\">&nbsp;</p>\n</div>\n</div>\n<div class=\"OutlineElement Ltr SCXW210019141 BCX0\">\n<div class=\"TableContainer Ltr SCXW210019141 BCX0\">\n<div id=\"{d2e560e4-1435-458f-be5f-e8bd891e03af}{13}\" class=\"WACAltTextDescribedBy SCXW210019141 BCX0\" aria-hidden=\"true\"></div>\n<table class=\"Table Ltr TableWordWrap SCXW210019141 BCX0\" style=\"border-collapse: collapse; border-width: 1px; margin-left: auto; margin-right: auto; width: 63.3673%; height: 137px;\" border=\"1\" data-tablestyle=\"MsoNormalTable\" data-tablelook=\"1184\" aria-rowcount=\"2\">\n<tbody class=\"SCXW210019141 BCX0\">\n<tr class=\"TableRow SCXW210019141 BCX0\" style=\"height: 68px;\" role=\"row\" aria-rowindex=\"1\">\n<td class=\"FirstRow FirstCol SCXW210019141 BCX0\" style=\"width: 24.678%;\" role=\"rowheader\" data-celllook=\"69905\">\n<div class=\"TableCellContent SCXW210019141 BCX0\">\n<div class=\"OutlineElement Ltr SCXW210019141 BCX0\">\n<p class=\"Paragraph SCXW210019141 BCX0\"><strong><span class=\"NormalTextRun SCXW210019141 BCX0\">Order Type</span><span class=\"EOP SCXW210019141 BCX0\" data-ccp-props=\"{}\">&nbsp;</span></strong></p>\n</div>\n</div>\n</td>\n<td class=\"FirstRow SCXW210019141 BCX0\" style=\"width: 27.343%;\" role=\"columnheader\" data-celllook=\"69905\">\n<div class=\"TableCellContent SCXW210019141 BCX0\">\n<div class=\"OutlineElement Ltr SCXW210019141 BCX0\">\n<p class=\"Paragraph SCXW210019141 BCX0\"><strong><span class=\"NormalTextRun SCXW210019141 BCX0\">Order Value</span><span class=\"EOP SCXW210019141 BCX0\" data-ccp-props=\"{}\">&nbsp;</span></strong></p>\n</div>\n</div>\n</td>\n<td class=\"FirstRow LastCol SCXW210019141 BCX0\" style=\"width: 47.9009%;\" role=\"columnheader\" data-celllook=\"69905\">\n<div class=\"TableCellContent SCXW210019141 BCX0\">\n<div class=\"OutlineElement Ltr SCXW210019141 BCX0\">\n<p class=\"Paragraph SCXW210019141 BCX0\"><strong><span class=\"NormalTextRun SCXW210019141 BCX0\">New HD Charges</span><span class=\"EOP SCXW210019141 BCX0\" data-ccp-props=\"{}\">&nbsp;</span></strong></p>\n</div>\n</div>\n</td>\n</tr>\n<tr class=\"TableRow SCXW210019141 BCX0\" style=\"height: 68px;\" role=\"row\" aria-rowindex=\"2\">\n<td class=\"FirstCol LastRow SCXW210019141 BCX0\" style=\"width: 24.678%;\" role=\"rowheader\" data-celllook=\"69905\">\n<div class=\"TableCellContent SCXW210019141 BCX0\">\n<div class=\"OutlineElement Ltr SCXW210019141 BCX0\">\n<p class=\"Paragraph SCXW210019141 BCX0\"><span class=\"NormalTextRun SCXW210019141 BCX0\">Self-Order</span><span class=\"EOP SCXW210019141 BCX0\" data-ccp-props=\"{}\">&nbsp;</span></p>\n</div>\n</div>\n</td>\n<td class=\"LastRow SCXW210019141 BCX0\" style=\"width: 27.343%;\" data-celllook=\"69905\">\n<div class=\"TableCellContent SCXW210019141 BCX0\">\n<div class=\"OutlineElement Ltr SCXW210019141 BCX0\">\n<p class=\"Paragraph SCXW210019141 BCX0\"><span class=\"NormalTextRun SCXW210019141 BCX0\">&lt; Rs.1000</span><span class=\"EOP SCXW210019141 BCX0\" data-ccp-props=\"{}\">&nbsp;</span></p>\n</div>\n</div>\n</td>\n<td class=\"LastCol LastRow SCXW210019141 BCX0\" style=\"width: 47.9009%;\" data-celllook=\"69905\">\n<div class=\"TableCellContent SCXW210019141 BCX0\">\n<div class=\"OutlineElement Ltr SCXW210019141 BCX0\">\n<p class=\"Paragraph SCXW210019141 BCX0\"><span class=\"NormalTextRun SCXW210019141 BCX0\">Free</span><span class=\"EOP SCXW210019141 BCX0\" data-ccp-props=\"{}\">&nbsp;</span></p>\n</div>\n</div>\n</td>\n</tr>\n</tbody>\n</table>\n</div>\n</div>\n<div class=\"OutlineElement Ltr SCXW210019141 BCX0\">\n<p class=\"Paragraph SCXW210019141 BCX0\"><span class=\"EOP SCXW210019141 BCX0\" data-ccp-props=\"{}\">&nbsp;</span></p>\n</div>\n<div class=\"OutlineElement Ltr SCXW210019141 BCX0\">\n<div class=\"TableContainer Ltr SCXW210019141 BCX0\">\n<div id=\"{d2e560e4-1435-458f-be5f-e8bd891e03af}{14}\" class=\"WACAltTextDescribedBy SCXW210019141 BCX0\" aria-hidden=\"true\"></div>\n<table class=\"Table Ltr TableWordWrap SCXW210019141 BCX0\" style=\"border-collapse: collapse; border-width: 1px; margin-left: auto; margin-right: auto; height: 243.104px; width: 62.602%;\" border=\"1\" data-tablestyle=\"MsoNormalTable\" data-tablelook=\"1184\" aria-rowcount=\"3\">\n<tbody class=\"SCXW210019141 BCX0\">\n<tr class=\"TableRow SCXW210019141 BCX0\" style=\"height: 67.8542px;\" role=\"row\" aria-rowindex=\"1\">\n<td class=\"FirstRow FirstCol SCXW210019141 BCX0\" style=\"width: 25.1015%;\" role=\"rowheader\" data-celllook=\"69905\">\n<div class=\"TableCellContent SCXW210019141 BCX0\">\n<div class=\"OutlineElement Ltr SCXW210019141 BCX0\">\n<p class=\"Paragraph SCXW210019141 BCX0\"><strong><span class=\"NormalTextRun SCXW210019141 BCX0\">Order Type</span><span class=\"EOP SCXW210019141 BCX0\" data-ccp-props=\"{}\">&nbsp;</span></strong></p>\n</div>\n</div>\n</td>\n<td class=\"FirstRow SCXW210019141 BCX0\" style=\"width: 26.3201%;\" role=\"columnheader\" data-celllook=\"69905\">\n<div class=\"TableCellContent SCXW210019141 BCX0\">\n<div class=\"OutlineElement Ltr SCXW210019141 BCX0\">\n<p class=\"Paragraph SCXW210019141 BCX0\"><strong><span class=\"NormalTextRun SCXW210019141 BCX0\">Order Value</span><span class=\"EOP SCXW210019141 BCX0\" data-ccp-props=\"{}\">&nbsp;</span></strong></p>\n</div>\n</div>\n</td>\n<td class=\"FirstRow LastCol SCXW210019141 BCX0\" style=\"width: 48.4972%;\" role=\"columnheader\" data-celllook=\"69905\">\n<div class=\"TableCellContent SCXW210019141 BCX0\">\n<div class=\"OutlineElement Ltr SCXW210019141 BCX0\">\n<p class=\"Paragraph SCXW210019141 BCX0\"><strong><span class=\"NormalTextRun SCXW210019141 BCX0\">Home Delivery Charges</span><span class=\"EOP SCXW210019141 BCX0\" data-ccp-props=\"{}\">&nbsp;</span></strong></p>\n</div>\n</div>\n</td>\n</tr>\n<tr class=\"TableRow SCXW210019141 BCX0\" style=\"height: 90.25px;\" role=\"row\" aria-rowindex=\"2\">\n<td class=\"FirstCol SCXW210019141 BCX0\" style=\"width: 25.1015%;\" role=\"rowheader\" data-celllook=\"69905\">\n<div class=\"TableCellContent SCXW210019141 BCX0\">\n<div class=\"OutlineElement Ltr SCXW210019141 BCX0\">\n<p class=\"Paragraph SCXW210019141 BCX0\"><span class=\"NormalTextRun SCXW210019141 BCX0\">Single Order</span><span class=\"EOP SCXW210019141 BCX0\" data-ccp-props=\"{}\">&nbsp;</span></p>\n</div>\n</div>\n</td>\n<td class=\"SCXW210019141 BCX0\" style=\"width: 26.3201%;\" data-celllook=\"69905\">\n<div class=\"TableCellContent SCXW210019141 BCX0\">\n<div class=\"OutlineElement Ltr SCXW210019141 BCX0\">\n<p class=\"Paragraph SCXW210019141 BCX0\"><span class=\"NormalTextRun SCXW210019141 BCX0\">&lt; Rs.5000</span><span class=\"EOP SCXW210019141 BCX0\" data-ccp-props=\"{}\">&nbsp;</span></p>\n</div>\n</div>\n</td>\n<td class=\"LastCol SCXW210019141 BCX0\" style=\"width: 48.4972%;\" data-celllook=\"69905\">\n<div class=\"TableCellContent SCXW210019141 BCX0\">\n<div class=\"OutlineElement Ltr SCXW210019141 BCX0\">\n<p class=\"Paragraph SCXW210019141 BCX0\"><span class=\"NormalTextRun SCXW210019141 BCX0\">Free</span><span class=\"EOP SCXW210019141 BCX0\" data-ccp-props=\"{}\">&nbsp;</span></p>\n</div>\n</div>\n</td>\n</tr>\n<tr class=\"TableRow SCXW210019141 BCX0\" style=\"height: 85px;\" role=\"row\" aria-rowindex=\"3\">\n<td class=\"FirstCol LastRow SCXW210019141 BCX0\" style=\"width: 25.1015%;\" role=\"rowheader\" data-celllook=\"69905\">\n<div class=\"TableCellContent SCXW210019141 BCX0\">\n<div class=\"OutlineElement Ltr SCXW210019141 BCX0\">\n<p class=\"Paragraph SCXW210019141 BCX0\"><span class=\"EOP SCXW210019141 BCX0\" data-ccp-props=\"{}\">&nbsp;</span></p>\n</div>\n</div>\n</td>\n<td class=\"LastRow SCXW210019141 BCX0\" style=\"width: 26.3201%;\" data-celllook=\"69905\">\n<div class=\"TableCellContent SCXW210019141 BCX0\">\n<div class=\"OutlineElement Ltr SCXW210019141 BCX0\">\n<p class=\"Paragraph SCXW210019141 BCX0\"><span class=\"NormalTextRun SCXW210019141 BCX0\">&gt;= Rs.5000/-</span><span class=\"EOP SCXW210019141 BCX0\" data-ccp-props=\"{}\">&nbsp;</span></p>\n</div>\n</div>\n</td>\n<td class=\"LastCol LastRow SCXW210019141 BCX0\" style=\"width: 48.4972%;\" data-celllook=\"69905\">\n<div class=\"TableCellContent SCXW210019141 BCX0\">\n<div class=\"OutlineElement Ltr SCXW210019141 BCX0\">\n<p class=\"Paragraph SCXW210019141 BCX0\"><span class=\"NormalTextRun SCXW210019141 BCX0\">Free</span><span class=\"EOP SCXW210019141 BCX0\" data-ccp-props=\"{}\">&nbsp;</span></p>\n</div>\n</div>\n</td>\n</tr>\n</tbody>\n</table>\n</div>\n</div>\n<div class=\"SCXW210019141 BCX0\">\n<div class=\"OutlineElement Ltr SCXW210019141 BCX0\">\n<p class=\"Paragraph SCXW210019141 BCX0\">&nbsp;</p>\n<p class=\"Paragraph SCXW210019141 BCX0\"><strong><span class=\"NormalTextRun SCXW210019141 BCX0\">Notification of changes in the Shipping and Delivery Policy</span><span class=\"EOP SCXW210019141 BCX0\" data-ccp-props=\"{}\">&nbsp;</span></strong></p>\n</div>\n<div class=\"OutlineElement Ltr SCXW210019141 BCX0\">\n<p class=\"Paragraph SCXW210019141 BCX0\"><span class=\"TextRun SCXW210019141 BCX0\" lang=\"EN-IN\" xml:lang=\"EN-IN\" data-contrast=\"auto\"><span class=\"NormalTextRun SCXW210019141 BCX0\">We keep our Shipping and Delivery Policy under review to make sure it is up to date and </span><span class=\"NormalTextRun SCXW210019141 BCX0\">accurate</span><span class=\"NormalTextRun SCXW210019141 BCX0\">. Any changes we make to this Policy in the future will be posted on this page. We reserve the right to change </span><span class=\"NormalTextRun SCXW210019141 BCX0\">or update this Policy at any time without any prior intimation to you. Such changes shall be effective </span><span class=\"NormalTextRun SCXW210019141 BCX0\">immediately</span><span class=\"NormalTextRun SCXW210019141 BCX0\"> upon posting on our Website. You </span><span class=\"NormalTextRun SCXW210019141 BCX0\">are required to</span><span class=\"NormalTextRun SCXW210019141 BCX0\"> review the Policy regularly to keep yourself abreast of the changes, if any.</span></span><span class=\"EOP SCXW210019141 BCX0\" data-ccp-props=\"{}\">&nbsp;</span></p>\n</div>\n<div class=\"OutlineElement Ltr SCXW210019141 BCX0\">\n<p class=\"Paragraph SCXW210019141 BCX0\"><strong><span class=\"NormalTextRun SCXW210019141 BCX0\">Shipping Information</span><span class=\"EOP SCXW210019141 BCX0\" data-ccp-props=\"{}\">&nbsp;</span></strong></p>\n</div>\n<div class=\"ListContainerWrapper SCXW210019141 BCX0\">\n<ul class=\"BulletListStyle1 SCXW210019141 BCX0\" role=\"list\">\n<li class=\"OutlineElement Ltr SCXW210019141 BCX0\" style=\"font-weight: bold;\" role=\"listitem\" data-leveltext=\"\" data-font=\"Symbol\" data-listid=\"10\" data-list-defn-props=\"{&quot;335552541&quot;:1,&quot;335559685&quot;:720,&quot;335559991&quot;:360,&quot;469769226&quot;:&quot;Symbol&quot;,&quot;469769242&quot;:[8226],&quot;469777803&quot;:&quot;left&quot;,&quot;469777804&quot;:&quot;&quot;,&quot;469777815&quot;:&quot;multilevel&quot;}\" aria-setsize=\"-1\" data-aria-posinset=\"1\" data-aria-level=\"1\">\n<p class=\"Paragraph SCXW210019141 BCX0\"><span class=\"NormalTextRun SCXW210019141 BCX0\">Shipping Method:</span><span class=\"TextRun SCXW210019141 BCX0\" lang=\"EN-IN\" xml:lang=\"EN-IN\" data-contrast=\"auto\"><span class=\"NormalTextRun SCXW210019141 BCX0\"> We partner with trusted carriers to ensure the safe and </span><span class=\"NormalTextRun SCXW210019141 BCX0\">timely</span><span class=\"NormalTextRun SCXW210019141 BCX0\"> delivery of your orders. Our shipping methods are selected to provide the best possible service for your specific location.</span></span><span class=\"EOP SCXW210019141 BCX0\" data-ccp-props=\"{}\">&nbsp;</span></p>\n</li>\n</ul>\n</div>\n<div class=\"ListContainerWrapper SCXW210019141 BCX0\">\n<ul class=\"BulletListStyle1 SCXW210019141 BCX0\" role=\"list\">\n<li class=\"OutlineElement Ltr SCXW210019141 BCX0\" style=\"font-weight: bold;\" role=\"listitem\" data-leveltext=\"\" data-font=\"Symbol\" data-listid=\"10\" data-list-defn-props=\"{&quot;335552541&quot;:1,&quot;335559685&quot;:720,&quot;335559991&quot;:360,&quot;469769226&quot;:&quot;Symbol&quot;,&quot;469769242&quot;:[8226],&quot;469777803&quot;:&quot;left&quot;,&quot;469777804&quot;:&quot;&quot;,&quot;469777815&quot;:&quot;multilevel&quot;}\" aria-setsize=\"-1\" data-aria-posinset=\"2\" data-aria-level=\"1\">\n<p class=\"Paragraph SCXW210019141 BCX0\"><span class=\"NormalTextRun SCXW210019141 BCX0\">Order Tracking:</span><span class=\"TextRun SCXW210019141 BCX0\" lang=\"EN-IN\" xml:lang=\"EN-IN\" data-contrast=\"auto\"><span class=\"NormalTextRun SCXW210019141 BCX0\"> For your convenience, we provide order tracking information. Once your order is shipped, you will receive a tracking number via email</span> <span class=\"NormalTextRun SCXW210019141 BCX0\">or </span><span class=\"NormalTextRun SpellingErrorV2Themed SCXW210019141 BCX0\">sms</span><span class=\"NormalTextRun SCXW210019141 BCX0\">, allowing you to </span><span class=\"NormalTextRun SCXW210019141 BCX0\">monitor</span><span class=\"NormalTextRun SCXW210019141 BCX0\"> the progress of your delivery.</span></span><span class=\"EOP SCXW210019141 BCX0\" data-ccp-props=\"{}\">&nbsp;</span></p>\n</li>\n</ul>\n</div>\n<div class=\"ListContainerWrapper SCXW210019141 BCX0\">\n<ul class=\"BulletListStyle1 SCXW210019141 BCX0\" role=\"list\">\n<li class=\"OutlineElement Ltr SCXW210019141 BCX0\" style=\"font-weight: bold;\" role=\"listitem\" data-leveltext=\"\" data-font=\"Symbol\" data-listid=\"10\" data-list-defn-props=\"{&quot;335552541&quot;:1,&quot;335559685&quot;:720,&quot;335559991&quot;:360,&quot;469769226&quot;:&quot;Symbol&quot;,&quot;469769242&quot;:[8226],&quot;469777803&quot;:&quot;left&quot;,&quot;469777804&quot;:&quot;&quot;,&quot;469777815&quot;:&quot;multilevel&quot;}\" aria-setsize=\"-1\" data-aria-posinset=\"3\" data-aria-level=\"1\">\n<p class=\"Paragraph SCXW210019141 BCX0\"><span class=\"NormalTextRun SCXW210019141 BCX0\">Shipping Fees:</span><span class=\"TextRun SCXW210019141 BCX0\" lang=\"EN-IN\" xml:lang=\"EN-IN\" data-contrast=\"auto\"><span class=\"NormalTextRun SCXW210019141 BCX0\"> For orders below the specified amount (if applicable), shipping fees will be calculated based on your location and the weight of the products in your order. You will see the shipping charges during the checkout process before you </span><span class=\"NormalTextRun SCXW210019141 BCX0\">finalize</span><span class=\"NormalTextRun SCXW210019141 BCX0\"> your purchase.</span></span><span class=\"EOP SCXW210019141 BCX0\" data-ccp-props=\"{}\">&nbsp;</span></p>\n</li>\n</ul>\n</div>\n<div class=\"OutlineElement Ltr SCXW210019141 BCX0\">\n<p class=\"Paragraph SCXW210019141 BCX0\"><strong><span class=\"NormalTextRun SCXW210019141 BCX0\">Delivery Address</span><span class=\"EOP SCXW210019141 BCX0\" data-ccp-props=\"{}\">&nbsp;</span></strong></p>\n</div>\n<div class=\"OutlineElement Ltr SCXW210019141 BCX0\">\n<p class=\"Paragraph SCXW210019141 BCX0\"><span class=\"NormalTextRun SCXW210019141 BCX0\">Accurate Information:</span><span class=\"TextRun SCXW210019141 BCX0\" lang=\"EN-IN\" xml:lang=\"EN-IN\" data-contrast=\"auto\"><span class=\"NormalTextRun SCXW210019141 BCX0\"> To ensure the successful delivery of your order, please provide </span><span class=\"NormalTextRun SCXW210019141 BCX0\">accurate</span><span class=\"NormalTextRun SCXW210019141 BCX0\"> and complete delivery address information during the checkout process. We cannot be held responsible for delivery issues resulting from incorrect or incomplete address details.</span></span><span class=\"EOP SCXW210019141 BCX0\" data-ccp-props=\"{}\">&nbsp;</span></p>\n</div>\n<div class=\"OutlineElement Ltr SCXW210019141 BCX0\">\n<p class=\"Paragraph SCXW210019141 BCX0\"><strong><span class=\"NormalTextRun SCXW210019141 BCX0\">Delivery Confirmation</span><span class=\"EOP SCXW210019141 BCX0\" data-ccp-props=\"{}\">&nbsp;</span></strong></p>\n</div>\n<div class=\"OutlineElement Ltr SCXW210019141 BCX0\">\n<p class=\"Paragraph SCXW210019141 BCX0\"><span class=\"NormalTextRun SCXW210019141 BCX0\">Signature Requirement:</span><span class=\"TextRun SCXW210019141 BCX0\" lang=\"EN-IN\" xml:lang=\"EN-IN\" data-contrast=\"auto\"><span class=\"NormalTextRun SCXW210019141 BCX0\"> In some cases, a signature may be </span><span class=\"NormalTextRun SCXW210019141 BCX0\">required</span><span class=\"NormalTextRun SCXW210019141 BCX0\"> upon delivery to ensure the safe receipt of your order. Please check the carrier&rsquo;s delivery policies for further details.</span></span><span class=\"EOP SCXW210019141 BCX0\" data-ccp-props=\"{}\">&nbsp;</span></p>\n</div>\n<div class=\"OutlineElement Ltr SCXW210019141 BCX0\">\n<p class=\"Paragraph SCXW210019141 BCX0\"><strong><span class=\"NormalTextRun SCXW210019141 BCX0\">Contact Us</span><span class=\"EOP SCXW210019141 BCX0\" data-ccp-props=\"{}\">&nbsp;</span></strong></p>\n</div>\n<div class=\"OutlineElement Ltr SCXW210019141 BCX0\">\n<p class=\"Paragraph SCXW210019141 BCX0\"><span class=\"TextRun SCXW210019141 BCX0\" lang=\"EN-IN\" xml:lang=\"EN-IN\" data-contrast=\"auto\"><span class=\"NormalTextRun SCXW210019141 BCX0\">If you have any questions or concerns </span><span class=\"NormalTextRun SCXW210019141 BCX0\">regarding</span><span class=\"NormalTextRun SCXW210019141 BCX0\"> your order&rsquo;s shipping and delivery, please do not hesitate to contact our customer support team at mail: </span></span><a class=\"Hyperlink SCXW210019141 BCX0\" href=\"http://103.154.2.115/~herbalpower/shipping-policy.php\" target=\"_blank\" rel=\"noreferrer noopener\"><span class=\"NormalTextRun SCXW210019141 BCX0\" data-ccp-charstyle=\"Hyperlink\">care@herbalpowerindia.com.</span></a><span class=\"TextRun SCXW210019141 BCX0\" lang=\"EN-IN\" xml:lang=\"EN-IN\" data-contrast=\"auto\"><span class=\"NormalTextRun SCXW210019141 BCX0\"> We are here to </span><span class=\"NormalTextRun SCXW210019141 BCX0\">assist</span><span class=\"NormalTextRun SCXW210019141 BCX0\"> you and provide the information you need to track your order or address any delivery-related inquiries.</span></span><span class=\"EOP SCXW210019141 BCX0\" data-ccp-props=\"{}\">&nbsp;</span></p>\n</div>\n<div class=\"OutlineElement Ltr SCXW210019141 BCX0\">\n<p class=\"Paragraph SCXW210019141 BCX0\"><span class=\"NormalTextRun SCXW210019141 BCX0\">Thank you for choosing  </span><a class=\"Hyperlink SCXW210019141 BCX0\" href=\"http://103.154.2.115/~herbalpower/shipping-policy.php\" target=\"_blank\" rel=\"noreferrer noopener\"><span class=\"NormalTextRun SCXW210019141 BCX0\" data-ccp-charstyle=\"Hyperlink\">www.herbalpowerindia.com.</span></a><span class=\"TextRun SCXW210019141 BCX0\" lang=\"EN-IN\" xml:lang=\"EN-IN\" data-contrast=\"auto\"><span class=\"NormalTextRun SCXW210019141 BCX0\">  We appreciate your trust in us, and we are committed to delivering your wellness products in&nbsp;</span><span class=\"NormalTextRun SCXW210019141 BCX0\">a timely</span><span class=\"NormalTextRun SCXW210019141 BCX0\"> and efficient manner.</span></span><span class=\"EOP SCXW210019141 BCX0\" data-ccp-props=\"{}\">&nbsp;</span></p>\n</div>\n</div>\n</div>\n</div>\n</div>", "is_active": true, "show_in_footer": true, "show_in_header": false, "order": 7, "created_at": "2025-03-19T19:32:53.195Z", "updated_at": "2025-03-20T11:25:15.939Z"}}, {"model": "home.custompage", "pk": 4, "fields": {"title": "Return Policy", "slug": "return-policy", "content": "<div class=\"SCXW43859401 BCX0\">\n<div class=\"OutlineElement Ltr SCXW43859401 BCX0\">\n<div class=\"OutlineElement Ltr SCXW42437148 BCX0\">\n<div class=\"SCXW210019141 BCX0\">\n<div class=\"OutlineElement Ltr SCXW210019141 BCX0\">\n<div class=\"OutlineElement Ltr SCXW128556162 BCX0\">\n<p class=\"Paragraph SCXW128556162 BCX0\" style=\"text-align: center;\"><strong><span class=\"NormalTextRun SCXW128556162 BCX0\">We stand behind the quality of Herbal power products</span><span class=\"EOP SCXW128556162 BCX0\" data-ccp-props=\"{}\">&nbsp;</span></strong></p>\n</div>\n<div class=\"OutlineElement Ltr SCXW128556162 BCX0\">\n<p class=\"Paragraph SCXW128556162 BCX0\" style=\"text-align: justify;\"><span class=\"NormalTextRun SCXW128556162 BCX0\">Herbal Power stands behind the quality of its products and guarantees your satisfaction. If for any reason you are not completely satisfied with the products, you may return it within 7days of purchase for a refund as per the terms of the Returns Policy.</span><span class=\"EOP SCXW128556162 BCX0\" data-ccp-props=\"{}\">&nbsp;</span></p>\n</div>\n<div class=\"OutlineElement Ltr SCXW128556162 BCX0\" style=\"text-align: justify;\">\n<p class=\"Paragraph SCXW128556162 BCX0\"><span class=\"TextRun SCXW128556162 BCX0\" lang=\"EN-IN\" xml:lang=\"EN-IN\" data-contrast=\"auto\"><span class=\"NormalTextRun SCXW128556162 BCX0\">The refund policy is applicable only for products in marketable </span><span class=\"NormalTextRun SCXW128556162 BCX0\">condition and</span><span class=\"NormalTextRun SCXW128556162 BCX0\">&nbsp;accompanied with an invoice. This policy does not apply to products that have been intentionally damaged or misused. It is incumbent upon.</span></span><span class=\"EOP SCXW128556162 BCX0\" data-ccp-props=\"{}\">&nbsp;</span></p>\n</div>\n<div class=\"OutlineElement Ltr SCXW128556162 BCX0\" style=\"text-align: justify;\">\n<p class=\"Paragraph SCXW128556162 BCX0\"><strong><span class=\"NormalTextRun SCXW128556162 BCX0\">What is the general return policy on Herbal Power?</span><span class=\"EOP SCXW128556162 BCX0\" data-ccp-props=\"{}\">&nbsp;</span></strong></p>\n</div>\n<div class=\"OutlineElement Ltr SCXW128556162 BCX0\" style=\"text-align: justify;\">\n<p class=\"Paragraph SCXW128556162 BCX0\"><span class=\"NormalTextRun SCXW128556162 BCX0\">We want to ensure you have a hassle-free shopping experience, where you can confidently make purchases.</span><span class=\"LineBreakBlob BlobObject DragDrop SCXW128556162 BCX0\"><span class=\"SCXW128556162 BCX0\">&nbsp;</span><br class=\"SCXW128556162 BCX0\"></span><span class=\"NormalTextRun SCXW128556162 BCX0\">Herbal Power provides the 7 Days Money Back.</span><span class=\"EOP SCXW128556162 BCX0\" data-ccp-props=\"{}\">&nbsp;</span></p>\n</div>\n<div class=\"OutlineElement Ltr SCXW128556162 BCX0\" style=\"text-align: justify;\">\n<p class=\"Paragraph SCXW128556162 BCX0\"><strong><span class=\"NormalTextRun SCXW128556162 BCX0\">What is the Herbal Power Return Policy?</span><span class=\"EOP SCXW128556162 BCX0\" data-ccp-props=\"{}\">&nbsp;</span></strong></p>\n</div>\n<div class=\"OutlineElement Ltr SCXW128556162 BCX0\" style=\"text-align: justify;\">\n<p class=\"Paragraph SCXW128556162 BCX0\"><span class=\"NormalTextRun SCXW128556162 BCX0\">If you have received a damaged item or it does not match the description provided by the Herbal Power, you can return it to the Herbal Power and get a replacement within 7days of delivery at no extra cost.</span><span class=\"EOP SCXW128556162 BCX0\" data-ccp-props=\"{}\">&nbsp;</span></p>\n</div>\n<div class=\"OutlineElement Ltr SCXW128556162 BCX0\" style=\"text-align: justify;\">\n<p class=\"Paragraph SCXW128556162 BCX0\"><span class=\"TextRun SCXW128556162 BCX0\" lang=\"EN-IN\" xml:lang=\"EN-IN\" data-contrast=\"auto\"><span class=\"NormalTextRun SCXW128556162 BCX0\">Please contact us with your replacement request within 7days from the date of delivery of the product. Once the Herbal Power accepts the return request, the item will be </span><span class=\"NormalTextRun SCXW128556162 BCX0\">recalled</span><span class=\"NormalTextRun SCXW128556162 BCX0\"> and a replacement will be shipped to you.</span></span><span class=\"EOP SCXW128556162 BCX0\" data-ccp-props=\"{}\">&nbsp;</span></p>\n</div>\n<div class=\"OutlineElement Ltr SCXW128556162 BCX0\" style=\"text-align: justify;\">\n<p class=\"Paragraph SCXW128556162 BCX0\"><strong><span class=\"NormalTextRun SCXW128556162 BCX0\">What is the 7 Days Replacement Guarantee?</span><span class=\"EOP SCXW128556162 BCX0\" data-ccp-props=\"{}\">&nbsp;</span></strong></p>\n</div>\n<div class=\"OutlineElement Ltr SCXW128556162 BCX0\" style=\"text-align: justify;\">\n<p class=\"Paragraph SCXW128556162 BCX0\"><span class=\"NormalTextRun SCXW128556162 BCX0\">If you have received a damaged or defective product, you can return it to get a replacement within 7 days of delivery at no extra cost.</span><span class=\"EOP SCXW128556162 BCX0\" data-ccp-props=\"{}\">&nbsp;</span></p>\n</div>\n<div class=\"OutlineElement Ltr SCXW128556162 BCX0\" style=\"text-align: justify;\">\n<p class=\"Paragraph SCXW128556162 BCX0\"><span class=\"TextRun SCXW128556162 BCX0\" lang=\"EN-IN\" xml:lang=\"EN-IN\" data-contrast=\"auto\"><span class=\"NormalTextRun SCXW128556162 BCX0\">Please contact us with a replacement request within 7 days of delivery. The item will be </span><span class=\"NormalTextRun SCXW128556162 BCX0\">recalled</span><span class=\"NormalTextRun SCXW128556162 BCX0\"> and a brand-new replacement will be shipped to you at no extra cost.</span></span><span class=\"EOP SCXW128556162 BCX0\" data-ccp-props=\"{}\">&nbsp;</span></p>\n</div>\n<div class=\"OutlineElement Ltr SCXW128556162 BCX0\" style=\"text-align: justify;\">\n<p class=\"Paragraph SCXW128556162 BCX0\"><span class=\"NormalTextRun SCXW128556162 BCX0\">The product should be returned in its actual condition at the time of delivery. Please ensure that Herbal Power products are not used. Retain original tags and accessories. Branded packaging should be returned in an undamaged condition with the product.</span><span class=\"EOP SCXW128556162 BCX0\" data-ccp-props=\"{}\">&nbsp;</span></p>\n</div>\n<div class=\"OutlineElement Ltr SCXW128556162 BCX0\" style=\"text-align: justify;\">\n<p class=\"Paragraph SCXW128556162 BCX0\"><strong><span class=\"TextRun SCXW128556162 BCX0\" lang=\"EN-IN\" xml:lang=\"EN-IN\" data-contrast=\"auto\"><span class=\"NormalTextRun SCXW128556162 BCX0\">What are the conditions for </span><span class=\"NormalTextRun SCXW128556162 BCX0\">initiating</span><span class=\"NormalTextRun SCXW128556162 BCX0\"> a return?</span></span><span class=\"EOP SCXW128556162 BCX0\" data-ccp-props=\"{}\">&nbsp;</span></strong></p>\n</div>\n<div class=\"OutlineElement Ltr SCXW128556162 BCX0\" style=\"text-align: justify;\">\n<p class=\"Paragraph SCXW128556162 BCX0\"><span class=\"NormalTextRun SCXW128556162 BCX0\">Damages due to misuse of product are not covered under the policy. Consumable items that have been used. Products with tampered or missing serial numbers are likewise ineligible.</span><span class=\"EOP SCXW128556162 BCX0\" data-ccp-props=\"{}\">&nbsp;</span></p>\n</div>\n<div class=\"OutlineElement Ltr SCXW128556162 BCX0\" style=\"text-align: justify;\">\n<p class=\"Paragraph SCXW128556162 BCX0\"><span class=\"NormalTextRun SCXW128556162 BCX0\">Damage&rsquo; or &lsquo;defect&rsquo; is as defined under the manufacturer&rsquo;s warranty. Please return the item in the actual condition you received it with all its original packaging and accessories.</span><span class=\"EOP SCXW128556162 BCX0\" data-ccp-props=\"{}\">&nbsp;</span></p>\n</div>\n<div class=\"OutlineElement Ltr SCXW128556162 BCX0\" style=\"text-align: justify;\">\n<p class=\"Paragraph SCXW128556162 BCX0\"><span class=\"NormalTextRun SCXW128556162 BCX0\">Replacement can be for the entire product or part(s) of the product subject to availability of the same.</span><span class=\"EOP SCXW128556162 BCX0\" data-ccp-props=\"{}\">&nbsp;</span></p>\n</div>\n<div class=\"OutlineElement Ltr SCXW128556162 BCX0\" style=\"text-align: justify;\">\n<p class=\"Paragraph SCXW128556162 BCX0\"><strong><span class=\"TextRun SCXW128556162 BCX0\" lang=\"EN-IN\" xml:lang=\"EN-IN\" data-contrast=\"auto\"><span class=\"NormalTextRun SCXW128556162 BCX0\">How do I return an item </span><span class=\"NormalTextRun SCXW128556162 BCX0\">purchased</span><span class=\"NormalTextRun SCXW128556162 BCX0\"> on www.herbalpowerindia.com?</span></span><span class=\"EOP SCXW128556162 BCX0\" data-ccp-props=\"{}\">&nbsp;</span></strong></p>\n</div>\n<div class=\"OutlineElement Ltr SCXW128556162 BCX0\" style=\"text-align: justify;\">\n<p class=\"Paragraph SCXW128556162 BCX0\"><span class=\"TextRun SCXW128556162 BCX0\" lang=\"EN-IN\" xml:lang=\"EN-IN\" data-contrast=\"auto\"><span class=\"NormalTextRun SCXW128556162 BCX0\">To return an item </span><span class=\"NormalTextRun SCXW128556162 BCX0\">purchased</span><span class=\"NormalTextRun SCXW128556162 BCX0\"> on </span></span><a class=\"Hyperlink SCXW128556162 BCX0\" href=\"http://103.154.2.115/~herbalpower/return-policy.php\" target=\"_blank\" rel=\"noreferrer noopener\"><span class=\"NormalTextRun SCXW128556162 BCX0\" data-ccp-charstyle=\"Hyperlink\">www.herbalpowerindia.com</span></a><span class=\"TextRun SCXW128556162 BCX0\" lang=\"EN-IN\" xml:lang=\"EN-IN\" data-contrast=\"auto\"><span class=\"NormalTextRun SCXW128556162 BCX0\">, please refer to the corresponding return policy of the Herbal Power. You can then contact us for </span><span class=\"NormalTextRun SCXW128556162 BCX0\">initiating</span><span class=\"NormalTextRun SCXW128556162 BCX0\"> the return.</span></span><span class=\"EOP SCXW128556162 BCX0\" data-ccp-props=\"{}\">&nbsp;</span></p>\n</div>\n<div class=\"OutlineElement Ltr SCXW128556162 BCX0\" style=\"text-align: justify;\">\n<p class=\"Paragraph SCXW128556162 BCX0\"><strong><span class=\"NormalTextRun SCXW128556162 BCX0\">How do I cancel an order?</span><span class=\"EOP SCXW128556162 BCX0\" data-ccp-props=\"{}\">&nbsp;</span></strong></p>\n</div>\n<div class=\"OutlineElement Ltr SCXW128556162 BCX0\" style=\"text-align: justify;\">\n<p class=\"Paragraph SCXW128556162 BCX0\"><span class=\"NormalTextRun SCXW128556162 BCX0\">You can cancel your order online before the product has been shipped. Your entire order amount will be refunded.</span><span class=\"EOP SCXW128556162 BCX0\" data-ccp-props=\"{}\">&nbsp;</span></p>\n</div>\n<div class=\"OutlineElement Ltr SCXW128556162 BCX0\" style=\"text-align: justify;\">\n<p class=\"Paragraph SCXW128556162 BCX0\"><strong><span class=\"NormalTextRun SCXW128556162 BCX0\">In case your product has been shipped but has not yet been delivered, to cancel Contact Us.</span><span class=\"EOP SCXW128556162 BCX0\" data-ccp-props=\"{}\">&nbsp;</span></strong></p>\n</div>\n<div class=\"OutlineElement Ltr SCXW128556162 BCX0\" style=\"text-align: justify;\">\n<p class=\"Paragraph SCXW128556162 BCX0\"><strong><span class=\"NormalTextRun SCXW128556162 BCX0\">Back to Source</span></strong><span class=\"TextRun SCXW128556162 BCX0\" lang=\"EN-IN\" xml:lang=\"EN-IN\" data-contrast=\"auto\"><span class=\"NormalTextRun SCXW128556162 BCX0\"><strong> </strong>&ndash; In this case, the money will be refunded back to the </span><span class=\"NormalTextRun SCXW128556162 BCX0\">source</span><span class=\"NormalTextRun SCXW128556162 BCX0\"> that was originally used to make the transaction.</span></span><span class=\"EOP SCXW128556162 BCX0\" data-ccp-props=\"{}\">&nbsp;</span></p>\n</div>\n<div class=\"OutlineElement Ltr SCXW128556162 BCX0\" style=\"text-align: justify;\">\n<p class=\"Paragraph SCXW128556162 BCX0\"><strong><span class=\"NormalTextRun SCXW128556162 BCX0\">Contact For Cancellations and Return Policy</span><span class=\"EOP SCXW128556162 BCX0\" data-ccp-props=\"{}\">&nbsp;</span></strong></p>\n</div>\n<div class=\"OutlineElement Ltr SCXW128556162 BCX0\">\n<p class=\"Paragraph SCXW128556162 BCX0\" style=\"text-align: justify;\"><span class=\"NormalTextRun SCXW128556162 BCX0\">Write us to </span><a class=\"Hyperlink SCXW128556162 BCX0\" href=\"mailto:care@herbalpowerindia.com\" target=\"_blank\" rel=\"noreferrer noopener\"><span class=\"NormalTextRun SCXW128556162 BCX0\" data-ccp-charstyle=\"Hyperlink\">care@herbalpowerindia.com</span></a><span class=\"NormalTextRun SCXW128556162 BCX0\"> with subject line Cancellations and Returns Policy or call on </span><span class=\"NormalTextRun SCXW128556162 BCX0\">+91 1204177306</span><span class=\"TextRun SCXW128556162 BCX0\" lang=\"EN-IN\" xml:lang=\"EN-IN\" data-contrast=\"auto\"><span class=\"NormalTextRun SCXW128556162 BCX0\"> for more details about the Cancellations </span><span class=\"NormalTextRun SCXW128556162 BCX0\">And</span><span class=\"NormalTextRun SCXW128556162 BCX0\"> Returns Policy. Send your inquiry by filling your details as </span></span><span class=\"NormalTextRun SCXW128556162 BCX0\">Contact Us</span><span class=\"EOP SCXW128556162 BCX0\" data-ccp-props=\"{}\">&nbsp;</span></p>\n</div>\n</div>\n</div>\n</div>\n</div>\n</div>", "is_active": true, "show_in_footer": true, "show_in_header": false, "order": 8, "created_at": "2025-03-19T19:56:32.512Z", "updated_at": "2025-03-19T19:57:31.310Z"}}, {"model": "home.custompage", "pk": 5, "fields": {"title": "kpkplkp", "slug": "nokmokm", "content": "<p>kmkmpp</p>", "is_active": false, "show_in_footer": false, "show_in_header": false, "order": 9, "created_at": "2025-03-20T11:28:01.594Z", "updated_at": "2025-03-20T11:28:01.594Z"}}, {"model": "home.blog", "pk": 1, "fields": {"title": "Struggling to Stay Consistent with Your Fitness Goals? We Get It!", "slug": "struggling-to-stay-consistent-with-your-fitness-goals-we-get-it", "content": "<p class=\"MsoNormal\" style=\"line-height: normal; text-align: justify;\"><strong><span style=\"font-size: 22.0pt; font-family: 'Times New Roman',serif; mso-fareast-font-family: 'Times New Roman'; mso-fareast-language: EN-IN;\">Struggling to Stay Consistent with Your Fitness Goals? We Get It!</span></strong></p>\r\n<p class=\"MsoNormal\" style=\"line-height: normal; text-align: justify;\"><span style=\"font-size: 14.0pt; font-family: 'Times New Roman',serif; mso-fareast-font-family: 'Times New Roman'; mso-fareast-language: EN-IN;\">Hey there, we know how tough it can be to stick to a fitness routine. Life gets busy, motivation dips, and sometimes, it feels like no matter how hard you try, you just can&rsquo;t make progress. It&rsquo;s frustrating, right? You&rsquo;re not alone in feeling this way, and trust us&mdash;we&rsquo;ve all been there.</span></p>\r\n<p class=\"MsoNormal\" style=\"line-height: normal; text-align: justify;\"><span style=\"font-size: 14.0pt; font-family: 'Times New Roman',serif; mso-fareast-font-family: 'Times New Roman'; mso-fareast-language: EN-IN;\">Fitness isn&rsquo;t a one-size-fits-all journey. Whether you&rsquo;re struggling to find time, battling exhaustion, or feeling like you&rsquo;ve hit a plateau, we totally understand. Let&rsquo;s talk about how you can get back on track and, more importantly, how to enjoy the process along the way.</span></p>\r\n<p class=\"MsoNormal\" style=\"line-height: normal; text-align: justify;\"><strong><span style=\"font-size: 14.0pt; font-family: 'Times New Roman',serif; mso-fareast-font-family: 'Times New Roman'; mso-fareast-language: EN-IN;\">1. We Know the \"I Don&rsquo;t Have Time\" Struggle</span></strong></p>\r\n<p class=\"MsoNormal\" style=\"line-height: normal; text-align: justify;\"><span style=\"font-size: 14.0pt; font-family: 'Times New Roman',serif; mso-fareast-font-family: 'Times New Roman'; mso-fareast-language: EN-IN;\">Life&rsquo;s busy. Between work, family, social commitments, and just trying to catch your breath, finding time to work out can feel impossible. We've all been there. But here's the thing&mdash;getting in even a short workout can make a world of difference. You don&rsquo;t need to spend hours at the gym to see results. Even 20 minutes of movement a day can boost your energy, improve your mood, and set the tone for a healthier lifestyle.</span></p>\r\n<p class=\"MsoNormal\" style=\"line-height: normal; text-align: justify;\"><strong><span style=\"font-size: 14.0pt; font-family: 'Times New Roman',serif; mso-fareast-font-family: 'Times New Roman'; mso-fareast-language: EN-IN;\">Pro Tip</span></strong><span style=\"font-size: 14.0pt; font-family: 'Times New Roman',serif; mso-fareast-font-family: 'Times New Roman'; mso-fareast-language: EN-IN;\">: Try breaking your workouts into smaller chunks. Maybe a 10-minute morning stretch and a 15-minute evening walk. It&rsquo;s all about consistency over perfection.</span></p>\r\n<p class=\"MsoNormal\" style=\"line-height: normal; text-align: justify;\"><strong><span style=\"font-size: 14.0pt; font-family: 'Times New Roman',serif; mso-fareast-font-family: 'Times New Roman'; mso-fareast-language: EN-IN;\">2. Feeling Tired All the Time? We Hear You.</span></strong></p>\r\n<p class=\"MsoNormal\" style=\"line-height: normal; text-align: justify;\"><span style=\"font-size: 14.0pt; font-family: 'Times New Roman',serif; mso-fareast-font-family: 'Times New Roman'; mso-fareast-language: EN-IN;\">Sometimes, the last thing you want to do after a long day is work out. We totally get it&mdash;when you&rsquo;re drained, exercising feels like the last thing on your mind. But here&rsquo;s a little secret: exercise actually gives you more energy! Sounds counterintuitive, but moving your body can help boost your circulation, get your heart pumping, and leave you feeling more awake and alert.</span></p>\r\n<p class=\"MsoNormal\" style=\"line-height: normal; text-align: justify;\"><strong><span style=\"font-size: 14.0pt; font-family: 'Times New Roman',serif; mso-fareast-font-family: 'Times New Roman'; mso-fareast-language: EN-IN;\">Pro Tip</span></strong><span style=\"font-size: 14.0pt; font-family: 'Times New Roman',serif; mso-fareast-font-family: 'Times New Roman'; mso-fareast-language: EN-IN;\">: Start with something gentle&mdash;like a walk or some light yoga. Even if it&rsquo;s just 10 minutes, it&rsquo;ll help you feel less sluggish. And who knows? You might just feel like doing more once you get started.</span></p>\r\n<p class=\"MsoNormal\" style=\"line-height: normal; text-align: justify;\"><strong><span style=\"font-size: 14.0pt; font-family: 'Times New Roman',serif; mso-fareast-font-family: 'Times New Roman'; mso-fareast-language: EN-IN;\">3. Not Seeing Results? That&rsquo;s Frustrating. We Know.</span></strong></p>\r\n<p class=\"MsoNormal\" style=\"line-height: normal; text-align: justify;\"><span style=\"font-size: 14.0pt; font-family: 'Times New Roman',serif; mso-fareast-font-family: 'Times New Roman'; mso-fareast-language: EN-IN;\">If you&rsquo;ve been putting in the effort but don&rsquo;t feel like you&rsquo;re getting anywhere, it&rsquo;s completely normal to feel discouraged. But here&rsquo;s something important: results take time. Fitness isn&rsquo;t a quick fix&mdash;it&rsquo;s a long-term commitment to yourself and your health. Trust us, it&rsquo;ll pay off in the end.</span></p>\r\n<p class=\"MsoNormal\" style=\"line-height: normal; text-align: justify;\"><span style=\"font-size: 14.0pt; font-family: 'Times New Roman',serif; mso-fareast-font-family: 'Times New Roman'; mso-fareast-language: EN-IN;\">It&rsquo;s also worth noting that progress isn't always measured by the scale or by how many pounds you&rsquo;ve lifted. Sometimes, it&rsquo;s the little things&mdash;like being able to walk up stairs without getting winded or noticing that your clothes fit a little better&mdash;that mean you&rsquo;re on the right path.</span></p>\r\n<p class=\"MsoNormal\" style=\"line-height: normal; text-align: justify;\"><strong><span style=\"font-size: 14.0pt; font-family: 'Times New Roman',serif; mso-fareast-font-family: 'Times New Roman'; mso-fareast-language: EN-IN;\">Pro Tip</span></strong><span style=\"font-size: 14.0pt; font-family: 'Times New Roman',serif; mso-fareast-font-family: 'Times New Roman'; mso-fareast-language: EN-IN;\">: Celebrate the small victories, no matter how minor they may seem. They all add up to bigger wins!</span></p>\r\n<p class=\"MsoNormal\" style=\"line-height: normal; text-align: justify;\"><strong><span style=\"font-size: 14.0pt; font-family: 'Times New Roman',serif; mso-fareast-font-family: 'Times New Roman'; mso-fareast-language: EN-IN;\">4. Lack of Motivation? We Feel You.</span></strong></p>\r\n<p class=\"MsoNormal\" style=\"line-height: normal; text-align: justify;\"><span style=\"font-size: 14.0pt; font-family: 'Times New Roman',serif; mso-fareast-font-family: 'Times New Roman'; mso-fareast-language: EN-IN;\">There&rsquo;s no denying it&mdash;staying motivated is tough. Some days, you&rsquo;re fired up and ready to crush it; other days, the couch looks a lot more appealing than the gym. And that&rsquo;s okay! Fitness isn&rsquo;t about being perfect every single day&mdash;it&rsquo;s about showing up, even when you don&rsquo;t feel like it.</span></p>\r\n<p class=\"MsoNormal\" style=\"line-height: normal; text-align: justify;\"><strong><span style=\"font-size: 14.0pt; font-family: 'Times New Roman',serif; mso-fareast-font-family: 'Times New Roman'; mso-fareast-language: EN-IN;\">Pro Tip</span></strong><span style=\"font-size: 14.0pt; font-family: 'Times New Roman',serif; mso-fareast-font-family: 'Times New Roman'; mso-fareast-language: EN-IN;\">: Find a workout buddy or join a fitness class. Having someone to share the journey with can keep you motivated on the days you want to throw in the towel.</span></p>\r\n<p class=\"MsoNormal\" style=\"line-height: normal; text-align: justify;\"><strong><span style=\"font-size: 14.0pt; font-family: 'Times New Roman',serif; mso-fareast-font-family: 'Times New Roman'; mso-fareast-language: EN-IN;\">5. The Guilt Trap: \"I Should Be Doing More\"</span></strong></p>\r\n<p class=\"MsoNormal\" style=\"line-height: normal; text-align: justify;\"><span style=\"font-size: 14.0pt; font-family: 'Times New Roman',serif; mso-fareast-font-family: 'Times New Roman'; mso-fareast-language: EN-IN;\">If you&rsquo;ve ever felt guilty for skipping a workout or indulging in that slice of cake, you&rsquo;re not alone. We all have those moments where we feel like we&rsquo;re falling behind. But here&rsquo;s the truth: fitness isn&rsquo;t about being perfect 100% of the time. It&rsquo;s about balance. If you miss a workout or enjoy a treat, that&rsquo;s okay! What matters is getting back at it the next day.</span></p>\r\n<p class=\"MsoNormal\" style=\"line-height: normal; text-align: justify;\"><strong><span style=\"font-size: 14.0pt; font-family: 'Times New Roman',serif; mso-fareast-font-family: 'Times New Roman'; mso-fareast-language: EN-IN;\">Pro Tip</span></strong><span style=\"font-size: 14.0pt; font-family: 'Times New Roman',serif; mso-fareast-font-family: 'Times New Roman'; mso-fareast-language: EN-IN;\">: Be kind to yourself. Fitness isn&rsquo;t a punishment&mdash;it&rsquo;s a way to take care of your body and mind. No one&rsquo;s perfect, and that&rsquo;s what makes the journey so human.</span></p>\r\n<p class=\"MsoNormal\" style=\"line-height: normal; text-align: justify;\"><strong><span style=\"font-size: 14.0pt; font-family: 'Times New Roman',serif; mso-fareast-font-family: 'Times New Roman'; mso-fareast-language: EN-IN;\">Final Thoughts: You&rsquo;ve Got This!</span></strong></p>\r\n<p class=\"MsoNormal\" style=\"line-height: normal; text-align: justify;\"><span style=\"font-size: 14.0pt; font-family: 'Times New Roman',serif; mso-fareast-font-family: 'Times New Roman'; mso-fareast-language: EN-IN;\">We totally understand the ups and downs that come with fitness. It&rsquo;s not always easy, but it&rsquo;s worth it. Remember, it&rsquo;s not about having a flawless routine or getting the \"perfect\" body&mdash;it&rsquo;s about making small, consistent changes that help you feel your best. Don&rsquo;t be too hard on yourself, and celebrate the progress you&rsquo;re making, no matter how small.</span></p>\r\n<p style=\"text-align: justify;\"><span style=\"font-size: 14.0pt; line-height: 107%; font-family: 'Times New Roman',serif; mso-fareast-font-family: 'Times New Roman'; mso-ansi-language: EN-IN; mso-fareast-language: EN-IN; mso-bidi-language: AR-SA;\">So, if you&rsquo;re feeling discouraged or just need that little push, we&rsquo;re right here with you. We believe in you, and we know that you&rsquo;re stronger than you think. Take it one step at a time, and remember&mdash;you don&rsquo;t have to be perfect, you just have to keep going. You've got this!</span></p>", "feature_image": "blogs/WhatsApp_Image_2025-03-01_at_18.17.56_1d7c4789.jpg", "is_active": true, "show_in_slider": true, "order": 1, "created_at": "2025-03-19T15:40:26.453Z", "updated_at": "2025-03-19T15:44:30.562Z"}}, {"model": "home.homesection", "pk": 1, "fields": {"section_type": "NEW_ARRIVAL", "title": "NEW ARRIVALS", "subtitle": "", "description": "", "image": "home_sections/Banner_2.png", "is_active": true, "display_order": 1, "created_at": "2025-03-19T15:10:57.155Z", "updated_at": "2025-03-19T15:10:57.155Z"}}, {"model": "home.companyinfo", "pk": 1, "fields": {"company_name": "Herbal Power Marketing Private Limited", "logo": "company/logo_79kUQoz..png", "gst_number": "09AAHCH1773P1ZX", "email": "care@herbalpowerindia.com", "mobile_1": "+911204177306", "mobile_2": "+918287526104", "address_line1": "B - 88, Amaltash Marg", "address_line2": "Gautambudhha Nagar, Sector - 2", "city": "Noida", "state": "Uttar Pradesh", "pincode": "201301", "country": "India", "facebook_link": "https://www.facebook.com/profile.php?id=61573682194404", "instagram_link": "https://www.instagram.com/herbalpowerindia/", "twitter_link": "", "youtube_link": "", "footer_bg_image": "", "testimonial_bg_image": "", "is_active": true, "created_at": "2025-03-19T09:48:45.683Z", "updated_at": "2025-03-19T15:00:32.439Z"}}, {"model": "home.testimonial", "pk": 1, "fields": {"name": "SHILPA SANGHI", "designation": "SOFTWARE DEVELOPER", "content": "The product is excellent for boosting energy and overall health. It contains a balanced mix of vitamins, minerals, and antioxidants. The taste is pleasant, and it mixes well with water or smoothies. Highly recommended for anyone looking to enhance their daily nutrition effortlessly. 🌟", "image": "testimonials/user_Bxl6aV3.png", "rating": 5, "is_active": true, "display_order": 1, "created_at": "2025-03-19T15:29:43.463Z", "updated_at": "2025-03-19T15:29:43.463Z"}}, {"model": "home.testimonial", "pk": 2, "fields": {"name": "HEMA AGGRAWAL", "designation": "HOME-MAKER", "content": "The product is excellent for boosting energy and overall health. It contains a balanced mix of vitamins, minerals, and antioxidants. The taste is pleasant, and it mixes well with water or smoothies. Highly recommended for anyone looking to enhance their daily nutrition effortlessly. 🌟", "image": "testimonials/user_AjVBKzJ.png", "rating": 5, "is_active": true, "display_order": 2, "created_at": "2025-03-19T15:30:52.307Z", "updated_at": "2025-03-19T15:30:52.307Z"}}, {"model": "home.testimonial", "pk": 3, "fields": {"name": "SHIKHA TIKMANI", "designation": "TEACHER", "content": "The product is excellent for boosting energy and overall health. It contains a balanced mix of vitamins, minerals, and antioxidants. The taste is pleasant, and it mixes well with water or smoothies. Highly recommended for anyone looking to enhance their daily nutrition effortlessly. 🌟", "image": "testimonials/user_uuKWmqk.png", "rating": 5, "is_active": true, "display_order": 3, "created_at": "2025-03-19T15:31:58.417Z", "updated_at": "2025-03-19T15:31:58.417Z"}}, {"model": "home.about", "pk": 1, "fields": {"type": "HOME", "title": "WELCOME TO HERBAL POWER MARKETING PRIVATE LIMITED", "content": "<p style=\"text-align: justify;\"><span style=\"font-size: 14.0pt;\">At <strong>Herbal Power Marketing Private Limited</strong>, we steadfastly dedicate ourselves to inspiring individuals to unlock their utmost potential through an unparalleled confluence of exceptional products and an empowering Multi-Level Marketing (MLM) framework. Our mission is both profound and resolute: to catalyse the personal and professional ascension of individuals by offering pioneering health and wellness solutions that not only amplify well-being but also pave the way for success and financial emancipation.</span></p>\r\n<p style=\"text-align: justify;\"><span style=\"font-size: 14.0pt;\">By aligning yourself with <strong>Herbal Power Marketing Private Limited</strong>, you are not merely investing in products&mdash;you are becoming part of an influential, interconnected community where success, wellness, and personal evolution seamlessly converge. Together, we will realize the extraordinary, transforming wellness and prosperity from aspiration into tangible reality. We extend a cordial invitation for you to join us on this invigorating journey, where the fusion of health and success will create a future brimming with boundless potential.</span></p>", "feature_content": "", "left_image": "about/Banner_CtEjW6q.png", "vision_description": "", "mission_description": "", "objective_content": "", "is_active": true, "created_at": "2025-03-19T15:17:25.961Z", "updated_at": "2025-03-19T15:23:18.163Z"}}, {"model": "home.about", "pk": 2, "fields": {"type": "MAIN", "title": "WELCOME TO HERBAL POWER MARKETING PRIVATE LIMITED", "content": "<p dir=\"ltr\" style=\"text-align: justify;\">The doors of Herbal Power Marketing Private Limited stand open to serve you. Our company functions beyond being a health supplement provider because we serve as your reliable Health Companion. Staying healthy in today's fast-paced world presents constant obstacles to many people. Our services exist to support your wellness journey throughout each phase.</p>\r\n<p dir=\"ltr\" style=\"text-align: justify;\">We place your health and happiness at the center of our mission. Our product portfolio incorporates strategies for every dimension of your existence so you can reach total life equilibrium. Our dedicated research-created products serve your nutritional requirements and integrate easily within your daily plan.</p>\r\n<p dir=\"ltr\" style=\"text-align: justify;\">Herbal Power Marketing Private Limited works towards the belief that wellness leads to the wholesome fulfillment of life. We want to support your energy levels while helping you reach your best potential and maximize your well-being.&nbsp;</p>\r\n<p dir=\"ltr\" style=\"text-align: center;\"><span style=\"font-size: 14pt;\"><strong>Who We Are</strong></span></p>\r\n<p dir=\"ltr\" style=\"text-align: justify;\">Herbal Power Marketing Private Limited exists beyond being a standard health supplement business. Our organization remains community-led as we work to assist people in their pursuit of better health together with enhanced well-being. We exist to serve people through expansive support systems that generate beneficial results across various aspects of life development.</p>\r\n<p dir=\"ltr\" style=\"text-align: justify;\">We create our products through scientific methods which put safety together with quality and effectiveness at the forefront. We manufacture supplements that enhance your potential while strengthening your health and vitality.&nbsp;</p>\r\n<p dir=\"ltr\" style=\"text-align: justify;\">Herbal Power Marketing Private Limited assembles wellness solutions with business opportunities. Our mission is to assist people to achieve both improved well-being and increased financial prosperity. Our company stands ready to assist you across your entire journey through which you want to achieve fitness objectives and establish enduring financial stability.</p>\r\n<p dir=\"ltr\" style=\"text-align: center;\"><span style=\"font-size: 14pt;\"><strong>Our goal is to make your Mind, Body, and Soul Happy!</strong></span></p>\r\n<p style=\"text-align: center;\">&nbsp;</p>", "feature_content": "", "left_image": "about/Banner-_teepFTK.png", "vision_description": "<p dir=\"ltr\" style=\"text-align: justify;\">Herbal Power Marketing Private Limited exists to generate positive changes that improve people's lives. Our Company dedicates itself to advancing health along with personal and financial development. We connect evidence-driven products with tested business methods to enable people in every life domain.</p>\r\n<p dir=\"ltr\" style=\"text-align: justify;\">&nbsp;</p>\r\n<p dir=\"ltr\" style=\"text-align: justify;\">Our primary objective is to let people access their complete potential through advanced supplements. The company combines advanced scientific research with precise product development techniques to create wellness-oriented formulations that promote body health and general well-being. Our goal is to create natural, safe, and effective solutions that build healthier and more fulfilling lives for all people.</p>\r\n<p dir=\"ltr\" style=\"text-align: justify;\">&nbsp;</p>\r\n<p dir=\"ltr\" style=\"text-align: justify;\">Through our system, we strive to empower people for both personal and professional growth. Through our Multi-Level Marketing (MLM) structure, we give people an opportunity to build financial independence.</p>\r\n<p style=\"text-align: justify;\">&nbsp;</p>", "mission_description": "<p dir=\"ltr\" style=\"text-align: justify;\">Every strategic decision at Herbal Power Marketing Private Limited flows from our ethical principles which determine our organizational identity. We strive to maintain absolute standards throughout our operations while letting every contact express our trust along with our principles of quality and integrity.</p>\r\n<ul style=\"text-align: justify;\">\r\n<li dir=\"ltr\" aria-level=\"1\">\r\n<p dir=\"ltr\" role=\"presentation\">Customer Satisfaction: The delivery of outstanding experiences stands as our primary organizational objective for every one of our customers. As a company, we provide excellent products and services which exceed standard requirements.&nbsp;</p>\r\n</li>\r\n<li dir=\"ltr\" aria-level=\"1\">\r\n<p dir=\"ltr\" role=\"presentation\">Timely Execution: We practice keeping our promises. We maintain strict precision and time constraints to deliver to our customers both products and support without delay. Our reliability together with punctuality serves as the foundation for developing enduring relationships.</p>\r\n</li>\r\n<li dir=\"ltr\" aria-level=\"1\">\r\n<p dir=\"ltr\" role=\"presentation\">Transparent Communication: Trust is built on honesty. Effective communication stands as a core value because we maintain open channels that provide honest respectful interactions for every exchange.&nbsp;</p>\r\n</li>\r\n</ul>\r\n<p dir=\"ltr\" style=\"text-align: justify;\">Our fundamental principles push us to deliver superior quality in all our work. Our commitment to building trust and care as an ethical legacy extends through every ethical choice made at Herbal Power Marketing Private Limited.</p>\r\n<p style=\"text-align: justify;\">&nbsp;</p>", "objective_content": "<p dir=\"ltr\" style=\"text-align: center;\"><span style=\"font-size: 14pt;\"><strong>Nutraceuticals</strong></span></p>\r\n<p dir=\"ltr\" style=\"text-align: justify;\">Nutraceuticals bring together pharmaceutical science with nutrition to provide superior health advantages that go past fundamental dietary needs. Nutraceutical products sourced from food supply both deliver nutritional benefits with medical prevention capabilities required for maintaining wellness and peak health status.&nbsp;</p>\r\n<p dir=\"ltr\" style=\"text-align: justify;\"><strong>Nutraceuticals encompass a diverse range of products, including:</strong></p>\r\n<ul style=\"text-align: justify;\">\r\n<li dir=\"ltr\" aria-level=\"1\">\r\n<p dir=\"ltr\" role=\"presentation\"><strong>Dietary Supplements:</strong> Dietary supplements provide very high concentrations of vitamins along with minerals, amino acids, and essential fatty acids. These carefully designed supplements help resolve specific health requirements and come in different forms including capsules and powders.</p>\r\n</li>\r\n</ul>\r\n<ul style=\"text-align: justify;\">\r\n<li dir=\"ltr\" aria-level=\"1\">\r\n<p dir=\"ltr\" role=\"presentation\"><strong>Functional Foods:</strong> Everyday foods receive bioactive compounds or essential nutrient fortification to improve their nutritional value. Some examples of functional foods include omega-3-enriched eggs fortified breakfast cereals and probiotic-rich yogurts This combines addressing specific health requirements with their basic nutritional content.</p>\r\n</li>\r\n</ul>\r\n<ul style=\"text-align: justify;\">\r\n<li dir=\"ltr\" aria-level=\"1\">\r\n<p dir=\"ltr\" role=\"presentation\"><strong>Herbal Products:</strong> Natural remedies derived from medicinal plants include turmeric alongside ginseng and ashwagandha. Traditionally people have relied on these products because they contain bioactive compounds that support health and help treat different medical conditions.</p>\r\n</li>\r\n</ul>\r\n<ul style=\"text-align: justify;\">\r\n<li dir=\"ltr\" aria-level=\"1\">\r\n<p dir=\"ltr\" role=\"presentation\"><strong>Natural Extracts:</strong> Highest-quality bioactive compounds that scientists have extracted with precision from various natural plant species. Nature provides three key therapeutic agents for human health: omega-3 fatty acids in fish oil, flavonoids in green tea, and curcuminoids in turmeric. Extracts hold remarkable therapeutic power along with supportive capabilities for complete health maintenance.</p>\r\n</li>\r\n</ul>\r\n<p dir=\"ltr\" style=\"text-align: justify;\">Modern science unites with natural bounty through nutraceutical products that produce effective tools for health optimization while fighting chronic diseases. Through supplements combined with fortified foods along with plant-based remedies.</p>\r\n<p dir=\"ltr\" style=\"text-align: center;\"><span style=\"font-size: 14pt;\"><strong>Why Choose Us?</strong></span></p>\r\n<p dir=\"ltr\" style=\"text-align: justify;\">Assuming Herbal Power Marketing Private Limited as your partner means you select an organization that puts both your physical well-being and your commercial success first. We integrate our creative thinking with our professional expertise and genuine devotion to achieve healthcare solutions that transcend basic health benefits. Here&rsquo;s why we stand out:</p>\r\n<ul style=\"text-align: justify;\">\r\n<li dir=\"ltr\" aria-level=\"1\">\r\n<p dir=\"ltr\" role=\"presentation\"><strong>We Empower Health with Wealth:</strong> Our motto showcases our determination to support whole-person wellness together with financial expansion. Our organization is devoted to helping you enhance both your physical health alongside your fiscal prosperity.&nbsp;</p>\r\n</li>\r\n<li dir=\"ltr\" aria-level=\"1\">\r\n<p dir=\"ltr\" role=\"presentation\"><strong>Science-Driven Approach: </strong>Our products result from scientific investigation along with strict requirements to ensure maximum safety and potency. Every supplement we sell has been specifically designed to help you maintain your wellness and boost your vitality.&nbsp;</p>\r\n</li>\r\n<li dir=\"ltr\" aria-level=\"1\">\r\n<p dir=\"ltr\" role=\"presentation\"><strong>A Supportive Community:</strong> When you join the Herbal Power Marketing Private Limited community you become more than just a customer as you belong to an inclusive network. Our platform serves as a space that empowers everyone to grow through transformation and thrive.&nbsp;</p>\r\n</li>\r\n</ul>\r\n<p dir=\"ltr\" style=\"text-align: justify;\">When you select our company you gain access to a health supplement provider that will guide your path toward better health, personal expansion, and financial accomplishment. As one team we can build a future that combines health with happiness and wealth.</p>\r\n<p dir=\"ltr\" style=\"text-align: center;\"><span style=\"font-size: 14pt;\"><strong>Our Goal</strong></span></p>\r\n<p dir=\"ltr\" style=\"text-align: justify;\">The mission of Herbal Power Marketing Private Limited centers on improving lives through natural health supplements that deliver safety alongside effectiveness and reliability. Our mission is to deliver items that support your health objectives while enabling you to reach a balanced vibrant lifestyle. Our supplement manufacturing process stands at the pinnacle of quality standards to create products that match your wellness transformation needs.</p>\r\n<p dir=\"ltr\" style=\"text-align: justify;\">Our organization works to motivate people so they can enjoy their healthiest life to their maximum potential. We dedicate our quality and well-being focus to providing health solutions beyond provider status so we can become your trusted wellness partner for achieving lasting vitality.</p>\r\n<p dir=\"ltr\" style=\"text-align: center;\"><span style=\"font-size: 14pt;\"><strong>&ldquo;We Empower Your Health with Wealth!&rdquo;</strong></span></p>\r\n<p dir=\"ltr\" style=\"text-align: justify;\">Herbal Power Marketing Private Limited operates as a health and wellness movement that guides people toward superior physical well-being and future success. Our mission is to build a new era of health and wellness prosperity for the world together with you. We can establish a healthier future when we work together.&nbsp;</p>\r\n<p dir=\"ltr\" style=\"text-align: justify;\">The target market is 18-70-year-old people who are concerned with their health and ready to change their lives, and create new sources of income. The purpose of using our services is to assist persons experiencing difficulties with their weight to feel comfortable and secure in their everyday and professional activities. Key segments include.</p>\r\n<ul style=\"text-align: justify;\">\r\n<li dir=\"ltr\" aria-level=\"1\">\r\n<p dir=\"ltr\" role=\"presentation\"><strong>Health Enthusiasts:</strong> Consumers specifically search for supplements and other products that improve their quality of life.</p>\r\n</li>\r\n<li dir=\"ltr\" aria-level=\"1\">\r\n<p dir=\"ltr\" role=\"presentation\"><strong>Working Professionals:</strong> Individuals searching for the combined option of work and income along with some additional flexible earnings. And we are giving some supplements to busy professional people and our supplements are products that can be consumed without any interruption. These delay hunger and aid in weight loss by enhancing metabolism, reducing food intake, and improving body fitness.&nbsp;</p>\r\n</li>\r\n<li dir=\"ltr\" aria-level=\"1\">\r\n<p dir=\"ltr\" role=\"presentation\"><strong>Fitness Buffs:</strong> People who are physically active and looking for products that will cater to their needs to fit their active lifestyle. The supplements we offer are designed to support weight loss and body fitness. As we all know, they help build muscles, increase metabolism, and speed up recovery thus ensuring that one gets to the best of his/her physical form.&nbsp;</p>\r\n</li>\r\n<li dir=\"ltr\" aria-level=\"1\">\r\n<p dir=\"ltr\" role=\"presentation\"><strong>Health First Network:</strong> One of the largest and most established MLM companies with a strong distributor base. We are superior in terms of compensation structure and a more recent approach to environmental and product quality.</p>\r\n</li>\r\n<li dir=\"ltr\" aria-level=\"1\">\r\n<p dir=\"ltr\" role=\"presentation\"><strong>Fit Life with MLM:</strong> Specialized in the health and wellness sector more specifically in fitness and nutritional products. Herbal Power Marketing Private Limited distinguishes itself from the competition by being able to provide a wider selection of products as well as more extensive distributor support.</p>\r\n</li>\r\n</ul>\r\n<p dir=\"ltr\" style=\"text-align: justify;\">Our competitive advantage is derived from product differentiation where most of our products are of high quality, a well-organized distribution network support system, and third, our firm is committed to the principles of the code of ethics and sustainability. At Herbal Power, our mission is to make people who are concerned about their weight regain confidence and enjoy any activity they are involved in.</p>\r\n<p dir=\"ltr\" style=\"text-align: center;\"><span style=\"font-size: 14pt;\"><strong>MLM Structure</strong></span></p>\r\n<p dir=\"ltr\" style=\"text-align: justify;\"><strong>Levels:</strong></p>\r\n<ol>\r\n<li dir=\"ltr\" style=\"text-align: justify;\" aria-level=\"1\">\r\n<p dir=\"ltr\" role=\"presentation\"><strong>Preferred Customer: </strong>Entry-level position focused on selling products directly to customers 10% accumulated.</p>\r\n</li>\r\n<li dir=\"ltr\" style=\"text-align: justify;\" aria-level=\"1\">\r\n<p dir=\"ltr\" role=\"presentation\"><strong>Business associates:</strong> Intermediate level responsible for leading a small team of Sales Representatives and achieving team sales targets of 20% accumulated.</p>\r\n</li>\r\n<li dir=\"ltr\" style=\"text-align: justify;\" aria-level=\"1\">\r\n<p dir=\"ltr\" role=\"presentation\"><strong id=\"docs-internal-guid-3c27843d-7fff-cc36-afc8-d421f3a104ec\">Business Executive</strong>: Senior position overseeing multiple teams, ensuring sales targets are met, and mentoring Team Leaders 30% accumulated.</p>\r\n</li>\r\n<li dir=\"ltr\" style=\"text-align: justify;\" aria-level=\"1\">\r\n<p dir=\"ltr\" role=\"presentation\"><strong>Marketing Directors:</strong> Top-level role managing large teams, developing strategic plans, and driving overall business growth of 40% accumulated.</p>\r\n</li>\r\n<li dir=\"ltr\" style=\"text-align: justify;\" aria-level=\"1\"><strong>Executive Marketing Director:</strong> An Executive Marketing Director plays a crucial role in shaping and guiding an organization&rsquo;s marketing strategy and efforts<strong id=\"docs-internal-guid-7a6419b9-7fff-36f9-ee33-c58f43d3970c\">.</strong></li>\r\n</ol>\r\n<p dir=\"ltr\" style=\"text-align: center;\"><span style=\"font-size: 14pt;\"><strong>MLM Plan</strong></span></p>\r\n<div dir=\"ltr\" style=\"text-align: center;\" align=\"left\">\r\n<table style=\"width: 80.8831%; height: 428.477px; border-collapse: collapse; margin-left: auto; margin-right: auto;\" border=\"1\"><colgroup><col style=\"width: 25.4085%;\" width=\"153\"><col style=\"width: 12.9533%;\" width=\"78\"><col style=\"width: 26.737%;\" width=\"161\"><col style=\"width: 34.8744%;\" width=\"210\"></colgroup>\r\n<tbody>\r\n<tr style=\"height: 61.2109px;\">\r\n<td>\r\n<p dir=\"ltr\" style=\"text-align: center;\"><span style=\"font-size: 14pt;\"><strong>Business Point (BP)</strong></span></p>\r\n</td>\r\n<td>\r\n<p dir=\"ltr\"><span style=\"font-size: 14pt;\"><strong>Discount</strong></span></p>\r\n</td>\r\n<td>\r\n<p dir=\"ltr\"><span style=\"font-size: 14pt;\"><strong>Amount</strong></span></p>\r\n</td>\r\n<td>\r\n<p dir=\"ltr\"><span style=\"font-size: 14pt;\"><strong>Level</strong></span></p>\r\n</td>\r\n</tr>\r\n<tr style=\"height: 61.2109px;\">\r\n<td>\r\n<p dir=\"ltr\">0-99</p>\r\n</td>\r\n<td>\r\n<p dir=\"ltr\">10%</p>\r\n</td>\r\n<td>\r\n<p dir=\"ltr\">11999/-</p>\r\n</td>\r\n<td>\r\n<p dir=\"ltr\">Preferred Customer</p>\r\n</td>\r\n</tr>\r\n<tr style=\"height: 61.2109px;\">\r\n<td>\r\n<p dir=\"ltr\">100-299</p>\r\n</td>\r\n<td>\r\n<p dir=\"ltr\">20%</p>\r\n</td>\r\n<td>\r\n<p dir=\"ltr\">12,000 to 35,880/-</p>\r\n</td>\r\n<td>\r\n<p dir=\"ltr\">Business Associate</p>\r\n</td>\r\n</tr>\r\n<tr style=\"height: 61.2109px;\">\r\n<td>\r\n<p dir=\"ltr\">300-999</p>\r\n</td>\r\n<td>\r\n<p dir=\"ltr\">30%</p>\r\n</td>\r\n<td>\r\n<p dir=\"ltr\">36,000 to 1,19,880/-</p>\r\n</td>\r\n<td>\r\n<p dir=\"ltr\">Business Executive</p>\r\n</td>\r\n</tr>\r\n<tr style=\"height: 61.2109px;\">\r\n<td>\r\n<p dir=\"ltr\">1000-2499</p>\r\n</td>\r\n<td>\r\n<p dir=\"ltr\">40%</p>\r\n</td>\r\n<td>\r\n<p dir=\"ltr\">1,20,000 to 2,99,880/-</p>\r\n</td>\r\n<td>\r\n<p dir=\"ltr\">Marketing Director</p>\r\n</td>\r\n</tr>\r\n<tr style=\"height: 61.2109px;\">\r\n<td>\r\n<p dir=\"ltr\">2500-4999</p>\r\n</td>\r\n<td>\r\n<p dir=\"ltr\">50%</p>\r\n</td>\r\n<td>\r\n<p dir=\"ltr\">3,00,000 to 5,99,880</p>\r\n</td>\r\n<td>\r\n<p dir=\"ltr\">Executive Marketing Director</p>\r\n</td>\r\n</tr>\r\n</tbody>\r\n</table>\r\n<p dir=\"ltr\" style=\"text-align: center;\"><span style=\"font-size: 14pt;\"><strong>Recruitment Bonuses</strong></span></p>\r\n<ul>\r\n<li dir=\"ltr\" aria-level=\"1\">\r\n<p dir=\"ltr\" style=\"text-align: justify;\" role=\"presentation\"><strong>Enrolment Bonus:</strong> Distributors receive a one-time bonus of 1000/- for each new distributor they recruit who makes their first purchase.</p>\r\n</li>\r\n</ul>\r\n<p dir=\"ltr\" style=\"text-align: center;\"><span style=\"font-size: 14pt;\"><strong>Minimum Sales Requirement</strong></span></p>\r\n<ul>\r\n<li dir=\"ltr\" aria-level=\"1\">\r\n<p dir=\"ltr\" style=\"text-align: justify;\" role=\"presentation\"><strong>Monthly Sales Target: </strong>Members&nbsp;must achieve a maximum of 12000/-including a minimum of 5999/- Self-purchase in personal sales each month to qualify for commissions and bonuses.</p>\r\n</li>\r\n</ul>\r\n<p dir=\"ltr\" style=\"text-align: center;\"><span style=\"font-size: 14pt;\"><strong>Ethical Guidelines</strong></span></p>\r\n<ul>\r\n<li dir=\"ltr\" aria-level=\"1\">\r\n<p dir=\"ltr\" style=\"text-align: justify;\" role=\"presentation\"><strong>Sales Practices:</strong> All marketing and sales practices must be honest and transparent. Distributors must avoid making exaggerated claims about product benefits or potential earnings.</p>\r\n</li>\r\n<li dir=\"ltr\" aria-level=\"1\">\r\n<p dir=\"ltr\" style=\"text-align: justify;\" role=\"presentation\"><strong>Compliance:</strong> Distributors must follow all company policies and local regulations, maintaining ethical standards in their sales efforts.</p>\r\n</li>\r\n</ul>\r\n<p dir=\"ltr\"><span style=\"font-size: 14pt;\"><strong>CRM Systems</strong></span></p>\r\n<ul>\r\n<li dir=\"ltr\" aria-level=\"1\">\r\n<p dir=\"ltr\" style=\"text-align: justify;\" role=\"presentation\"><strong>Customer Relationship Management (CRM):</strong> To maintain and analyze customer and distributor relationships, we employ CRM. This tool tracks customer purchase histories, manages questions, and assists with marketing communication.</p>\r\n</li>\r\n<li dir=\"ltr\" aria-level=\"1\">\r\n<p dir=\"ltr\" style=\"text-align: justify;\" role=\"presentation\"><strong>Distributor Management:</strong> This CRM system also handles distributor actions, such as performance, recruitment, and compensation. It supports distributors and provides functions for automated updating and interacting with them.</p>\r\n</li>\r\n<li dir=\"ltr\" aria-level=\"1\">\r\n<p dir=\"ltr\" style=\"text-align: justify;\" role=\"presentation\"><strong>Data Integration: </strong>The CRM system will have to mesh with our inventory management and e-commerce platforms for there to be continuity and reliability in all functional areas.</p>\r\n</li>\r\n<li dir=\"ltr\" aria-level=\"1\">\r\n<p dir=\"ltr\" style=\"text-align: justify;\" role=\"presentation\"><strong>Adherence to MLM Laws: </strong>It is also important to adhere to all the set Multi-Level Marketing laws and regulations such as the Indian Trade Act. This includes giving accurate information on the earnings that may be expected, conforming to correct marketing practices, and steering clear of all pyramids.</p>\r\n</li>\r\n</ul>\r\n<p dir=\"ltr\"><span style=\"font-size: 14pt;\"><strong>Legal Documents</strong></span></p>\r\n<ul>\r\n<li dir=\"ltr\" aria-level=\"1\">\r\n<p dir=\"ltr\" style=\"text-align: justify;\" role=\"presentation\"><strong>Distributor Agreements:</strong> The special distributor agreements will cover the rights and obligations of the distributors, the mode of remunerations, and other matters necessary for the termination of the agreements. These will be written, enforceable, and intended to safeguard the interest of the company and its distributors.</p>\r\n</li>\r\n</ul>\r\n<p dir=\"ltr\" style=\"text-align: justify;\">This detailed operations plan guarantees that Herbal Power Marketing Private Limited, remains competitive in its business dealings, and manages the products&rsquo; delivery without complications while fully implementing the aspects of technology in running the company and dealing with the customers.</p>\r\n</div>\r\n<p style=\"text-align: justify;\">&nbsp;</p>", "is_active": true, "created_at": "2025-03-19T17:25:32.959Z", "updated_at": "2025-03-20T10:19:17.218Z"}}, {"model": "home.menu", "pk": 2, "fields": {"category": 5, "position": 2, "is_active": true, "created_at": "2025-03-19T14:39:53.167Z", "updated_at": "2025-03-19T14:39:53.167Z"}}, {"model": "home.menu", "pk": 3, "fields": {"category": 14, "position": 3, "is_active": true, "created_at": "2025-03-19T14:40:20.989Z", "updated_at": "2025-03-19T14:40:20.989Z"}}, {"model": "home.menu", "pk": 4, "fields": {"category": 10, "position": 4, "is_active": true, "created_at": "2025-03-19T14:40:41.355Z", "updated_at": "2025-03-19T14:40:41.355Z"}}, {"model": "home.menu", "pk": 5, "fields": {"category": 20, "position": 5, "is_active": true, "created_at": "2025-03-19T14:40:56.551Z", "updated_at": "2025-03-19T14:40:56.551Z"}}, {"model": "home.menu", "pk": 6, "fields": {"category": 16, "position": 6, "is_active": true, "created_at": "2025-03-19T14:41:50.593Z", "updated_at": "2025-03-19T14:41:50.593Z"}}, {"model": "home.menu", "pk": 7, "fields": {"category": 21, "position": 7, "is_active": true, "created_at": "2025-03-19T14:42:11.182Z", "updated_at": "2025-03-19T14:42:11.182Z"}}, {"model": "home.menu", "pk": 8, "fields": {"category": 9, "position": 8, "is_active": true, "created_at": "2025-03-19T14:42:31.153Z", "updated_at": "2025-03-19T14:42:31.153Z"}}, {"model": "home.menu", "pk": 9, "fields": {"category": 13, "position": 9, "is_active": true, "created_at": "2025-03-19T14:43:27.830Z", "updated_at": "2025-03-19T14:43:27.830Z"}}, {"model": "home.menu", "pk": 10, "fields": {"category": 17, "position": 10, "is_active": true, "created_at": "2025-03-19T14:43:38.632Z", "updated_at": "2025-03-19T14:43:38.632Z"}}, {"model": "home.notification", "pk": 1, "fields": {"title": "KYC Document Verified", "message": "Your PAN Card has been verified.", "notification_type": "INDIVIDUAL", "recipient": 20, "is_read": false, "created_at": "2025-03-19T16:13:35.353Z", "read_at": null}}, {"model": "home.notification", "pk": 2, "fields": {"title": "KYC Document Verified", "message": "Your Cancelled Cheque has been verified.", "notification_type": "INDIVIDUAL", "recipient": 20, "is_read": false, "created_at": "2025-03-19T16:13:40.678Z", "read_at": null}}, {"model": "home.notification", "pk": 3, "fields": {"title": "KYC Document Verified", "message": "Your Bank Statement has been verified.", "notification_type": "INDIVIDUAL", "recipient": 20, "is_read": false, "created_at": "2025-03-19T16:13:44.824Z", "read_at": null}}, {"model": "home.notification", "pk": 4, "fields": {"title": "KYC Document Verified", "message": "Your Aadhar Card has been verified.", "notification_type": "INDIVIDUAL", "recipient": 20, "is_read": false, "created_at": "2025-03-19T16:13:49.749Z", "read_at": null}}, {"model": "home.notification", "pk": 5, "fields": {"title": "KYC Verification Complete", "message": "All your KYC documents have been verified successfully. You can now enjoy full benefits of your membership.", "notification_type": "INDIVIDUAL", "recipient": 20, "is_read": false, "created_at": "2025-03-19T16:13:50.534Z", "read_at": null}}, {"model": "home.notification", "pk": 6, "fields": {"title": "KYC Document Verified", "message": "Your Cancelled Cheque has been verified.", "notification_type": "INDIVIDUAL", "recipient": 16, "is_read": false, "created_at": "2025-03-19T20:12:56.036Z", "read_at": null}}, {"model": "home.notification", "pk": 7, "fields": {"title": "KYC Document Verified", "message": "Your Bank Statement has been verified.", "notification_type": "INDIVIDUAL", "recipient": 16, "is_read": false, "created_at": "2025-03-19T20:13:02.833Z", "read_at": null}}, {"model": "home.notification", "pk": 8, "fields": {"title": "KYC Document Verified", "message": "Your PAN Card has been verified.", "notification_type": "INDIVIDUAL", "recipient": 16, "is_read": false, "created_at": "2025-03-19T20:13:27.711Z", "read_at": null}}, {"model": "home.notification", "pk": 9, "fields": {"title": "KYC Document Verified", "message": "Your Aadhar Card has been verified.", "notification_type": "INDIVIDUAL", "recipient": 16, "is_read": false, "created_at": "2025-03-19T20:13:33.750Z", "read_at": null}}, {"model": "home.notification", "pk": 10, "fields": {"title": "KYC Verification Complete", "message": "All your KYC documents have been verified successfully. You can now enjoy full benefits of your membership.", "notification_type": "INDIVIDUAL", "recipient": 16, "is_read": false, "created_at": "2025-03-19T20:13:34.719Z", "read_at": null}}, {"model": "home.notification", "pk": 11, "fields": {"title": "KYC Document Verified", "message": "Your Cancelled Cheque has been verified.", "notification_type": "INDIVIDUAL", "recipient": 15, "is_read": false, "created_at": "2025-03-19T20:13:44.870Z", "read_at": null}}, {"model": "home.notification", "pk": 12, "fields": {"title": "KYC Document Verified", "message": "Your Bank Statement has been verified.", "notification_type": "INDIVIDUAL", "recipient": 15, "is_read": false, "created_at": "2025-03-19T20:13:50.906Z", "read_at": null}}, {"model": "home.notification", "pk": 13, "fields": {"title": "KYC Document Verified", "message": "Your PAN Card has been verified.", "notification_type": "INDIVIDUAL", "recipient": 15, "is_read": false, "created_at": "2025-03-19T20:13:56.152Z", "read_at": null}}, {"model": "home.notification", "pk": 14, "fields": {"title": "KYC Document Verified", "message": "Your Aadhar Card has been verified.", "notification_type": "INDIVIDUAL", "recipient": 15, "is_read": false, "created_at": "2025-03-19T20:14:02.521Z", "read_at": null}}, {"model": "home.notification", "pk": 15, "fields": {"title": "KYC Verification Complete", "message": "All your KYC documents have been verified successfully. You can now enjoy full benefits of your membership.", "notification_type": "INDIVIDUAL", "recipient": 15, "is_read": false, "created_at": "2025-03-19T20:14:02.854Z", "read_at": null}}, {"model": "home.notification", "pk": 16, "fields": {"title": "KYC Document Verified", "message": "Your Cancelled Cheque has been verified.", "notification_type": "INDIVIDUAL", "recipient": 14, "is_read": false, "created_at": "2025-03-19T20:14:10.431Z", "read_at": null}}, {"model": "home.notification", "pk": 17, "fields": {"title": "KYC Document Verified", "message": "Your Bank Statement has been verified.", "notification_type": "INDIVIDUAL", "recipient": 14, "is_read": false, "created_at": "2025-03-19T20:14:28.994Z", "read_at": null}}, {"model": "home.notification", "pk": 18, "fields": {"title": "KYC Document Verified", "message": "Your PAN Card has been verified.", "notification_type": "INDIVIDUAL", "recipient": 14, "is_read": false, "created_at": "2025-03-19T20:14:35.230Z", "read_at": null}}, {"model": "home.notification", "pk": 19, "fields": {"title": "KYC Document Verified", "message": "Your Aadhar Card has been verified.", "notification_type": "INDIVIDUAL", "recipient": 14, "is_read": false, "created_at": "2025-03-19T20:14:45.512Z", "read_at": null}}, {"model": "home.notification", "pk": 20, "fields": {"title": "KYC Verification Complete", "message": "All your KYC documents have been verified successfully. You can now enjoy full benefits of your membership.", "notification_type": "INDIVIDUAL", "recipient": 14, "is_read": false, "created_at": "2025-03-19T20:14:45.999Z", "read_at": null}}, {"model": "home.notification", "pk": 21, "fields": {"title": "KYC Document Verified", "message": "Your Aadhar Card has been verified.", "notification_type": "INDIVIDUAL", "recipient": 1, "is_read": false, "created_at": "2025-03-19T20:15:15.516Z", "read_at": null}}, {"model": "home.notification", "pk": 22, "fields": {"title": "KYC Document Verified", "message": "Your PAN Card has been verified.", "notification_type": "INDIVIDUAL", "recipient": 1, "is_read": false, "created_at": "2025-03-19T20:15:20.274Z", "read_at": null}}, {"model": "home.notification", "pk": 23, "fields": {"title": "KYC Verification Complete", "message": "All your KYC documents have been verified successfully. You can now enjoy full benefits of your membership.", "notification_type": "INDIVIDUAL", "recipient": 1, "is_read": false, "created_at": "2025-03-19T20:15:20.750Z", "read_at": null}}, {"model": "home.notification", "pk": 24, "fields": {"title": "KYC Document Verified", "message": "Your Bank Statement has been verified.", "notification_type": "INDIVIDUAL", "recipient": 1, "is_read": false, "created_at": "2025-03-19T20:15:25.353Z", "read_at": null}}, {"model": "home.notification", "pk": 25, "fields": {"title": "KYC Verification Complete", "message": "All your KYC documents have been verified successfully. You can now enjoy full benefits of your membership.", "notification_type": "INDIVIDUAL", "recipient": 1, "is_read": false, "created_at": "2025-03-19T20:15:26.136Z", "read_at": null}}, {"model": "home.notification", "pk": 26, "fields": {"title": "KYC Document Verified", "message": "Your Cancelled Cheque has been verified.", "notification_type": "INDIVIDUAL", "recipient": 1, "is_read": false, "created_at": "2025-03-19T20:15:30.872Z", "read_at": null}}, {"model": "home.notification", "pk": 27, "fields": {"title": "KYC Verification Complete", "message": "All your KYC documents have been verified successfully. You can now enjoy full benefits of your membership.", "notification_type": "INDIVIDUAL", "recipient": 1, "is_read": false, "created_at": "2025-03-19T20:15:31.179Z", "read_at": null}}, {"model": "home.notification", "pk": 28, "fields": {"title": "KYC Document Verified", "message": "Your Aadhar Card has been verified.", "notification_type": "INDIVIDUAL", "recipient": 2, "is_read": false, "created_at": "2025-03-19T20:15:35.988Z", "read_at": null}}, {"model": "home.notification", "pk": 29, "fields": {"title": "KYC Document Verified", "message": "Your PAN Card has been verified.", "notification_type": "INDIVIDUAL", "recipient": 2, "is_read": false, "created_at": "2025-03-19T20:15:40.271Z", "read_at": null}}, {"model": "home.notification", "pk": 30, "fields": {"title": "KYC Verification Complete", "message": "All your KYC documents have been verified successfully. You can now enjoy full benefits of your membership.", "notification_type": "INDIVIDUAL", "recipient": 2, "is_read": false, "created_at": "2025-03-19T20:15:40.746Z", "read_at": null}}, {"model": "home.notification", "pk": 31, "fields": {"title": "KYC Document Verified", "message": "Your Bank Statement has been verified.", "notification_type": "INDIVIDUAL", "recipient": 2, "is_read": false, "created_at": "2025-03-19T20:15:45.634Z", "read_at": null}}, {"model": "home.notification", "pk": 32, "fields": {"title": "KYC Verification Complete", "message": "All your KYC documents have been verified successfully. You can now enjoy full benefits of your membership.", "notification_type": "INDIVIDUAL", "recipient": 2, "is_read": false, "created_at": "2025-03-19T20:15:46.123Z", "read_at": null}}, {"model": "home.notification", "pk": 33, "fields": {"title": "KYC Document Verified", "message": "Your Aadhar Card has been verified.", "notification_type": "INDIVIDUAL", "recipient": 3, "is_read": false, "created_at": "2025-03-19T20:15:51.030Z", "read_at": null}}, {"model": "home.notification", "pk": 34, "fields": {"title": "KYC Document Verified", "message": "Your Cancelled Cheque has been verified.", "notification_type": "INDIVIDUAL", "recipient": 2, "is_read": false, "created_at": "2025-03-19T20:15:57.872Z", "read_at": null}}, {"model": "home.notification", "pk": 35, "fields": {"title": "KYC Verification Complete", "message": "All your KYC documents have been verified successfully. You can now enjoy full benefits of your membership.", "notification_type": "INDIVIDUAL", "recipient": 2, "is_read": false, "created_at": "2025-03-19T20:15:58.339Z", "read_at": null}}, {"model": "home.notification", "pk": 36, "fields": {"title": "KYC Document Verified", "message": "Your PAN Card has been verified.", "notification_type": "INDIVIDUAL", "recipient": 3, "is_read": false, "created_at": "2025-03-19T20:16:05.393Z", "read_at": null}}, {"model": "home.notification", "pk": 37, "fields": {"title": "KYC Verification Complete", "message": "All your KYC documents have been verified successfully. You can now enjoy full benefits of your membership.", "notification_type": "INDIVIDUAL", "recipient": 3, "is_read": false, "created_at": "2025-03-19T20:16:06.070Z", "read_at": null}}, {"model": "home.notification", "pk": 38, "fields": {"title": "KYC Document Verified", "message": "Your Bank Statement has been verified.", "notification_type": "INDIVIDUAL", "recipient": 3, "is_read": false, "created_at": "2025-03-19T20:16:11.430Z", "read_at": null}}, {"model": "home.notification", "pk": 39, "fields": {"title": "KYC Verification Complete", "message": "All your KYC documents have been verified successfully. You can now enjoy full benefits of your membership.", "notification_type": "INDIVIDUAL", "recipient": 3, "is_read": false, "created_at": "2025-03-19T20:16:12.103Z", "read_at": null}}, {"model": "home.notification", "pk": 40, "fields": {"title": "KYC Document Verified", "message": "Your Cancelled Cheque has been verified.", "notification_type": "INDIVIDUAL", "recipient": 3, "is_read": false, "created_at": "2025-03-19T20:16:16.390Z", "read_at": null}}, {"model": "home.notification", "pk": 41, "fields": {"title": "KYC Verification Complete", "message": "All your KYC documents have been verified successfully. You can now enjoy full benefits of your membership.", "notification_type": "INDIVIDUAL", "recipient": 3, "is_read": false, "created_at": "2025-03-19T20:16:16.877Z", "read_at": null}}, {"model": "home.notification", "pk": 42, "fields": {"title": "KYC Document Verified", "message": "Your Aadhar Card has been verified.", "notification_type": "INDIVIDUAL", "recipient": 4, "is_read": false, "created_at": "2025-03-19T20:16:20.917Z", "read_at": null}}, {"model": "home.notification", "pk": 43, "fields": {"title": "KYC Document Verified", "message": "Your PAN Card has been verified.", "notification_type": "INDIVIDUAL", "recipient": 4, "is_read": false, "created_at": "2025-03-19T20:16:29.071Z", "read_at": null}}, {"model": "home.notification", "pk": 44, "fields": {"title": "KYC Verification Complete", "message": "All your KYC documents have been verified successfully. You can now enjoy full benefits of your membership.", "notification_type": "INDIVIDUAL", "recipient": 4, "is_read": false, "created_at": "2025-03-19T20:16:29.577Z", "read_at": null}}, {"model": "home.notification", "pk": 45, "fields": {"title": "KYC Document Verified", "message": "Your Bank Statement has been verified.", "notification_type": "INDIVIDUAL", "recipient": 4, "is_read": false, "created_at": "2025-03-19T20:16:33.312Z", "read_at": null}}, {"model": "home.notification", "pk": 46, "fields": {"title": "KYC Verification Complete", "message": "All your KYC documents have been verified successfully. You can now enjoy full benefits of your membership.", "notification_type": "INDIVIDUAL", "recipient": 4, "is_read": false, "created_at": "2025-03-19T20:16:33.797Z", "read_at": null}}, {"model": "home.notification", "pk": 47, "fields": {"title": "KYC Document Verified", "message": "Your Cancelled Cheque has been verified.", "notification_type": "INDIVIDUAL", "recipient": 4, "is_read": false, "created_at": "2025-03-19T20:16:37.469Z", "read_at": null}}, {"model": "home.notification", "pk": 48, "fields": {"title": "KYC Verification Complete", "message": "All your KYC documents have been verified successfully. You can now enjoy full benefits of your membership.", "notification_type": "INDIVIDUAL", "recipient": 4, "is_read": false, "created_at": "2025-03-19T20:16:37.947Z", "read_at": null}}, {"model": "home.notification", "pk": 49, "fields": {"title": "KYC Document Verified", "message": "Your Aadhar Card has been verified.", "notification_type": "INDIVIDUAL", "recipient": 5, "is_read": false, "created_at": "2025-03-19T20:16:41.350Z", "read_at": null}}, {"model": "home.notification", "pk": 50, "fields": {"title": "KYC Document Verified", "message": "Your PAN Card has been verified.", "notification_type": "INDIVIDUAL", "recipient": 5, "is_read": false, "created_at": "2025-03-19T20:16:47.233Z", "read_at": null}}, {"model": "home.notification", "pk": 51, "fields": {"title": "KYC Verification Complete", "message": "All your KYC documents have been verified successfully. You can now enjoy full benefits of your membership.", "notification_type": "INDIVIDUAL", "recipient": 5, "is_read": false, "created_at": "2025-03-19T20:16:47.536Z", "read_at": null}}, {"model": "home.notification", "pk": 52, "fields": {"title": "KYC Document Verified", "message": "Your Bank Statement has been verified.", "notification_type": "INDIVIDUAL", "recipient": 5, "is_read": false, "created_at": "2025-03-19T20:16:51.509Z", "read_at": null}}, {"model": "home.notification", "pk": 53, "fields": {"title": "KYC Verification Complete", "message": "All your KYC documents have been verified successfully. You can now enjoy full benefits of your membership.", "notification_type": "INDIVIDUAL", "recipient": 5, "is_read": false, "created_at": "2025-03-19T20:16:51.973Z", "read_at": null}}, {"model": "home.notification", "pk": 54, "fields": {"title": "KYC Document Verified", "message": "Your Cancelled Cheque has been verified.", "notification_type": "INDIVIDUAL", "recipient": 5, "is_read": false, "created_at": "2025-03-19T20:16:55.793Z", "read_at": null}}, {"model": "home.notification", "pk": 55, "fields": {"title": "KYC Verification Complete", "message": "All your KYC documents have been verified successfully. You can now enjoy full benefits of your membership.", "notification_type": "INDIVIDUAL", "recipient": 5, "is_read": false, "created_at": "2025-03-19T20:16:56.281Z", "read_at": null}}, {"model": "home.notification", "pk": 56, "fields": {"title": "KYC Document Verified", "message": "Your Aadhar Card has been verified.", "notification_type": "INDIVIDUAL", "recipient": 6, "is_read": false, "created_at": "2025-03-20T11:37:08.854Z", "read_at": null}}, {"model": "home.notification", "pk": 57, "fields": {"title": "KYC Document Verified", "message": "Your PAN Card has been verified.", "notification_type": "INDIVIDUAL", "recipient": 6, "is_read": false, "created_at": "2025-03-20T11:37:25.780Z", "read_at": null}}, {"model": "home.notification", "pk": 58, "fields": {"title": "KYC Verification Complete", "message": "All your KYC documents have been verified successfully. You can now enjoy full benefits of your membership.", "notification_type": "INDIVIDUAL", "recipient": 6, "is_read": false, "created_at": "2025-03-20T11:37:26.563Z", "read_at": null}}, {"model": "home.notification", "pk": 59, "fields": {"title": "KYC Document Verified", "message": "Your Bank Statement has been verified.", "notification_type": "INDIVIDUAL", "recipient": 6, "is_read": false, "created_at": "2025-03-20T11:37:32.612Z", "read_at": null}}, {"model": "home.notification", "pk": 60, "fields": {"title": "KYC Verification Complete", "message": "All your KYC documents have been verified successfully. You can now enjoy full benefits of your membership.", "notification_type": "INDIVIDUAL", "recipient": 6, "is_read": false, "created_at": "2025-03-20T11:37:33.023Z", "read_at": null}}, {"model": "home.notification", "pk": 61, "fields": {"title": "KYC Document Verified", "message": "Your Cancelled Cheque has been verified.", "notification_type": "INDIVIDUAL", "recipient": 6, "is_read": false, "created_at": "2025-03-20T11:37:38.977Z", "read_at": null}}, {"model": "home.notification", "pk": 62, "fields": {"title": "KYC Verification Complete", "message": "All your KYC documents have been verified successfully. You can now enjoy full benefits of your membership.", "notification_type": "INDIVIDUAL", "recipient": 6, "is_read": false, "created_at": "2025-03-20T11:37:39.297Z", "read_at": null}}, {"model": "home.notification", "pk": 63, "fields": {"title": "KYC Document Verified", "message": "Your Aadhar Card has been verified.", "notification_type": "INDIVIDUAL", "recipient": 7, "is_read": false, "created_at": "2025-03-20T11:37:44.126Z", "read_at": null}}, {"model": "home.notification", "pk": 64, "fields": {"title": "KYC Document Verified", "message": "Your Bank Statement has been verified.", "notification_type": "INDIVIDUAL", "recipient": 7, "is_read": false, "created_at": "2025-03-20T11:37:48.372Z", "read_at": null}}, {"model": "home.notification", "pk": 65, "fields": {"title": "KYC Document Verified", "message": "Your PAN Card has been verified.", "notification_type": "INDIVIDUAL", "recipient": 7, "is_read": false, "created_at": "2025-03-20T11:37:52.916Z", "read_at": null}}, {"model": "home.notification", "pk": 66, "fields": {"title": "KYC Verification Complete", "message": "All your KYC documents have been verified successfully. You can now enjoy full benefits of your membership.", "notification_type": "INDIVIDUAL", "recipient": 7, "is_read": false, "created_at": "2025-03-20T11:37:53.246Z", "read_at": null}}, {"model": "home.notification", "pk": 67, "fields": {"title": "KYC Document Verified", "message": "Your Cancelled Cheque has been verified.", "notification_type": "INDIVIDUAL", "recipient": 7, "is_read": false, "created_at": "2025-03-20T11:38:02.039Z", "read_at": null}}, {"model": "home.notification", "pk": 68, "fields": {"title": "KYC Verification Complete", "message": "All your KYC documents have been verified successfully. You can now enjoy full benefits of your membership.", "notification_type": "INDIVIDUAL", "recipient": 7, "is_read": false, "created_at": "2025-03-20T11:38:02.373Z", "read_at": null}}, {"model": "home.notification", "pk": 69, "fields": {"title": "KYC Document Verified", "message": "Your Aadhar Card has been verified.", "notification_type": "INDIVIDUAL", "recipient": 8, "is_read": false, "created_at": "2025-03-20T11:38:12.343Z", "read_at": null}}, {"model": "home.notification", "pk": 70, "fields": {"title": "KYC Document Verified", "message": "Your Aadhar Card has been verified.", "notification_type": "INDIVIDUAL", "recipient": 6, "is_read": false, "created_at": "2025-03-20T11:38:17.062Z", "read_at": null}}, {"model": "home.notification", "pk": 71, "fields": {"title": "KYC Verification Complete", "message": "All your KYC documents have been verified successfully. You can now enjoy full benefits of your membership.", "notification_type": "INDIVIDUAL", "recipient": 6, "is_read": false, "created_at": "2025-03-20T11:38:17.361Z", "read_at": null}}, {"model": "home.notification", "pk": 72, "fields": {"title": "KYC Document Verified", "message": "Your Cancelled Cheque has been verified.", "notification_type": "INDIVIDUAL", "recipient": 8, "is_read": false, "created_at": "2025-03-20T11:38:39.739Z", "read_at": null}}, {"model": "home.notification", "pk": 73, "fields": {"title": "KYC Document Verified", "message": "Your Bank Statement has been verified.", "notification_type": "INDIVIDUAL", "recipient": 8, "is_read": false, "created_at": "2025-03-20T11:38:46.782Z", "read_at": null}}, {"model": "home.notification", "pk": 74, "fields": {"title": "KYC Document Verified", "message": "Your PAN Card has been verified.", "notification_type": "INDIVIDUAL", "recipient": 8, "is_read": false, "created_at": "2025-03-20T11:38:56.765Z", "read_at": null}}, {"model": "home.notification", "pk": 75, "fields": {"title": "KYC Verification Complete", "message": "All your KYC documents have been verified successfully. You can now enjoy full benefits of your membership.", "notification_type": "INDIVIDUAL", "recipient": 8, "is_read": false, "created_at": "2025-03-20T11:38:57.081Z", "read_at": null}}, {"model": "home.notification", "pk": 76, "fields": {"title": "KYC Document Verified", "message": "Your Cancelled Cheque has been verified.", "notification_type": "INDIVIDUAL", "recipient": 9, "is_read": false, "created_at": "2025-03-20T11:39:04.039Z", "read_at": null}}, {"model": "home.notification", "pk": 77, "fields": {"title": "KYC Document Verified", "message": "Your Bank Statement has been verified.", "notification_type": "INDIVIDUAL", "recipient": 9, "is_read": false, "created_at": "2025-03-20T11:39:14.382Z", "read_at": null}}, {"model": "home.notification", "pk": 78, "fields": {"title": "KYC Document Verified", "message": "Your PAN Card has been verified.", "notification_type": "INDIVIDUAL", "recipient": 9, "is_read": false, "created_at": "2025-03-20T11:39:18.292Z", "read_at": null}}, {"model": "home.notification", "pk": 79, "fields": {"title": "KYC Document Verified", "message": "Your Aadhar Card has been verified.", "notification_type": "INDIVIDUAL", "recipient": 9, "is_read": false, "created_at": "2025-03-20T11:39:22.730Z", "read_at": null}}, {"model": "home.notification", "pk": 80, "fields": {"title": "KYC Verification Complete", "message": "All your KYC documents have been verified successfully. You can now enjoy full benefits of your membership.", "notification_type": "INDIVIDUAL", "recipient": 9, "is_read": false, "created_at": "2025-03-20T11:39:23.233Z", "read_at": null}}, {"model": "home.notification", "pk": 81, "fields": {"title": "KYC Document Verified", "message": "Your Cancelled Cheque has been verified.", "notification_type": "INDIVIDUAL", "recipient": 10, "is_read": false, "created_at": "2025-03-20T11:39:27.576Z", "read_at": null}}, {"model": "home.notification", "pk": 82, "fields": {"title": "KYC Document Verified", "message": "Your Bank Statement has been verified.", "notification_type": "INDIVIDUAL", "recipient": 10, "is_read": false, "created_at": "2025-03-20T11:39:31.697Z", "read_at": null}}, {"model": "home.notification", "pk": 83, "fields": {"title": "KYC Document Verified", "message": "Your PAN Card has been verified.", "notification_type": "INDIVIDUAL", "recipient": 10, "is_read": false, "created_at": "2025-03-20T11:39:41.811Z", "read_at": null}}, {"model": "home.notification", "pk": 84, "fields": {"title": "KYC Document Verified", "message": "Your Aadhar Card has been verified.", "notification_type": "INDIVIDUAL", "recipient": 10, "is_read": false, "created_at": "2025-03-20T11:39:46.854Z", "read_at": null}}, {"model": "home.notification", "pk": 85, "fields": {"title": "KYC Verification Complete", "message": "All your KYC documents have been verified successfully. You can now enjoy full benefits of your membership.", "notification_type": "INDIVIDUAL", "recipient": 10, "is_read": false, "created_at": "2025-03-20T11:39:47.541Z", "read_at": null}}, {"model": "home.notification", "pk": 86, "fields": {"title": "KYC Document Verified", "message": "Your PAN Card has been verified.", "notification_type": "INDIVIDUAL", "recipient": 11, "is_read": false, "created_at": "2025-03-20T11:39:52.038Z", "read_at": null}}, {"model": "home.notification", "pk": 87, "fields": {"title": "KYC Document Verified", "message": "Your Cancelled Cheque has been verified.", "notification_type": "INDIVIDUAL", "recipient": 11, "is_read": false, "created_at": "2025-03-20T11:39:56.892Z", "read_at": null}}, {"model": "home.notification", "pk": 88, "fields": {"title": "KYC Document Verified", "message": "Your Bank Statement has been verified.", "notification_type": "INDIVIDUAL", "recipient": 11, "is_read": false, "created_at": "2025-03-20T11:40:02.907Z", "read_at": null}}, {"model": "home.notification", "pk": 89, "fields": {"title": "KYC Document Verified", "message": "Your Aadhar Card has been verified.", "notification_type": "INDIVIDUAL", "recipient": 11, "is_read": false, "created_at": "2025-03-20T11:40:07.391Z", "read_at": null}}, {"model": "home.notification", "pk": 90, "fields": {"title": "KYC Verification Complete", "message": "All your KYC documents have been verified successfully. You can now enjoy full benefits of your membership.", "notification_type": "INDIVIDUAL", "recipient": 11, "is_read": false, "created_at": "2025-03-20T11:40:07.705Z", "read_at": null}}, {"model": "home.notification", "pk": 91, "fields": {"title": "KYC Document Verified", "message": "Your Cancelled Cheque has been verified.", "notification_type": "INDIVIDUAL", "recipient": 12, "is_read": false, "created_at": "2025-03-20T11:40:12.763Z", "read_at": null}}, {"model": "home.notification", "pk": 92, "fields": {"title": "KYC Document Verified", "message": "Your Bank Statement has been verified.", "notification_type": "INDIVIDUAL", "recipient": 12, "is_read": false, "created_at": "2025-03-20T11:40:17.031Z", "read_at": null}}, {"model": "home.notification", "pk": 93, "fields": {"title": "KYC Document Verified", "message": "Your PAN Card has been verified.", "notification_type": "INDIVIDUAL", "recipient": 12, "is_read": false, "created_at": "2025-03-20T11:40:23.641Z", "read_at": null}}, {"model": "home.notification", "pk": 94, "fields": {"title": "KYC Document Verified", "message": "Your Aadhar Card has been verified.", "notification_type": "INDIVIDUAL", "recipient": 12, "is_read": false, "created_at": "2025-03-20T11:40:27.963Z", "read_at": null}}, {"model": "home.notification", "pk": 95, "fields": {"title": "KYC Verification Complete", "message": "All your KYC documents have been verified successfully. You can now enjoy full benefits of your membership.", "notification_type": "INDIVIDUAL", "recipient": 12, "is_read": false, "created_at": "2025-03-20T11:40:28.295Z", "read_at": null}}, {"model": "home.notification", "pk": 96, "fields": {"title": "KYC Document Verified", "message": "Your Cancelled Cheque has been verified.", "notification_type": "INDIVIDUAL", "recipient": 13, "is_read": false, "created_at": "2025-03-20T11:40:34.766Z", "read_at": null}}, {"model": "home.notification", "pk": 97, "fields": {"title": "KYC Document Verified", "message": "Your Bank Statement has been verified.", "notification_type": "INDIVIDUAL", "recipient": 13, "is_read": false, "created_at": "2025-03-20T11:40:41.307Z", "read_at": null}}, {"model": "home.notification", "pk": 98, "fields": {"title": "KYC Document Verified", "message": "Your PAN Card has been verified.", "notification_type": "INDIVIDUAL", "recipient": 13, "is_read": false, "created_at": "2025-03-20T11:40:47.119Z", "read_at": null}}, {"model": "home.notification", "pk": 99, "fields": {"title": "KYC Document Verified", "message": "Your Aadhar Card has been verified.", "notification_type": "INDIVIDUAL", "recipient": 13, "is_read": false, "created_at": "2025-03-20T11:40:53.694Z", "read_at": null}}, {"model": "home.notification", "pk": 100, "fields": {"title": "KYC Verification Complete", "message": "All your KYC documents have been verified successfully. You can now enjoy full benefits of your membership.", "notification_type": "INDIVIDUAL", "recipient": 13, "is_read": false, "created_at": "2025-03-20T11:40:54.543Z", "read_at": null}}, {"model": "home.notification", "pk": 101, "fields": {"title": "First Purchase Bonus", "message": "You have received a bonus of ₹1000 for dev k's first qualifying purchase.", "notification_type": "COMMISSION", "recipient": 6, "is_read": false, "created_at": "2025-03-20T11:48:18.857Z", "read_at": null}}, {"model": "home.notification", "pk": 102, "fields": {"title": "First Purchase Complete", "message": "Congratulations! You have completed your first qualifying purchase. Your account is now fully active.", "notification_type": "INDIVIDUAL", "recipient": 10, "is_read": false, "created_at": "2025-03-20T11:48:18.859Z", "read_at": null}}, {"model": "home.notification", "pk": 103, "fields": {"title": "First Purchase Bonus", "message": "You have received a bonus of ₹1000 for vishnu k's first qualifying purchase.", "notification_type": "COMMISSION", "recipient": 6, "is_read": false, "created_at": "2025-03-20T11:52:40.683Z", "read_at": null}}, {"model": "home.notification", "pk": 104, "fields": {"title": "First Purchase Complete", "message": "Congratulations! You have completed your first qualifying purchase. Your account is now fully active.", "notification_type": "INDIVIDUAL", "recipient": 8, "is_read": false, "created_at": "2025-03-20T11:52:40.683Z", "read_at": null}}, {"model": "home.pickupaddress", "pk": 1, "fields": {"name": "herbal power marketing", "address_id": "X6n9vHXok3", "customer_id": "9y2J", "contact_person": "vishal", "address_line1": "Flat No. B-88, Amaltash Marg", "address_line2": "Gautambhudda Nagar, Sector-2", "city": "Noida", "state": "Uttar Pradesh", "country": "India", "pincode": "201301", "phone": "8527737732", "alternate_phone": "7004191600", "email": "care@herbalpowerindia.com", "landmark": "Nearby -Sector -15 Metro Station", "address_type": "Office", "is_default": true, "is_active": true, "created_at": "2025-03-19T20:34:18.386Z", "updated_at": "2025-03-21T10:49:33.472Z"}}, {"model": "home.shippingconfig", "pk": 1, "fields": {"email": "herbalpowerindia@gmail.com", "password": null, "customer_id": "9y2J", "access_token": "eyJhbGciOiJIUzI1NiIsInR5cCI6IkpXVCJ9.eyJpZCI6Ijd4dERSb2laIiwiZW1haWwiOiJoZXJiYWxwb3dlcmluZGlhQGdtYWlsLmNvbSIsImlhdCI6MTc0MjU1NDExOSwiZXhwIjoxNzQyNTk3MzE5fQ.q_yrXHNceiZzLQR84CVLTvckPsuBE5wEGAbcucZ1xAY", "token_expiry": "2025-03-21T11:03:39.668Z", "first_name": "Krishna murari", "last_name": "Bhartia", "mobile": "9199463673", "default_courier": "DTC", "default_service_type": "SF", "created_at": "2025-03-19T20:34:10.143Z", "updated_at": "2025-03-21T10:48:39.671Z"}}, {"model": "home.shippingaddress", "pk": 1, "fields": {"order": 1, "name": "Office", "street_address": "Rohini Sector", "city": "Delhi", "state": "Delhi", "postal_code": "110085", "created_at": "2025-03-19T12:27:19.653Z"}}, {"model": "home.shippingaddress", "pk": 2, "fields": {"order": 2, "name": "Office", "street_address": "Rohini Sector", "city": "Delhi", "state": "Delhi", "postal_code": "110085", "created_at": "2025-03-19T12:50:15.160Z"}}, {"model": "home.shippingaddress", "pk": 3, "fields": {"order": 3, "name": "home", "street_address": "sikandarpur", "city": "muzaffarpur", "state": "bihar", "postal_code": "842001", "created_at": "2025-03-19T16:17:47.541Z"}}, {"model": "home.shippingaddress", "pk": 4, "fields": {"order": 4, "name": "home", "street_address": "sikandarpur", "city": "muzaffarpur", "state": "bihar", "postal_code": "842001", "created_at": "2025-03-19T16:19:16.892Z"}}, {"model": "home.shippingaddress", "pk": 5, "fields": {"order": 5, "name": "kkk", "street_address": "llll", "city": "llll", "state": "llllll", "postal_code": "888887", "created_at": "2025-03-19T20:22:33.443Z"}}, {"model": "home.shippingaddress", "pk": 6, "fields": {"order": 6, "name": "llllll", "street_address": "llllll", "city": "llllll", "state": "lllll", "postal_code": "000000", "created_at": "2025-03-19T20:24:26.199Z"}}, {"model": "home.shippingaddress", "pk": 7, "fields": {"order": 7, "name": "iiii", "street_address": "iiii", "city": "iiii", "state": "iiii", "postal_code": "000000", "created_at": "2025-03-19T20:26:00.551Z"}}, {"model": "home.shippingaddress", "pk": 8, "fields": {"order": 8, "name": "mmmm", "street_address": "mmm", "city": "mmm", "state": "mmm", "postal_code": "000000", "created_at": "2025-03-19T20:27:16.039Z"}}, {"model": "home.shippingaddress", "pk": 9, "fields": {"order": 9, "name": "mmm", "street_address": "lll", "city": "mmm", "state": "kkkk", "postal_code": "000000", "created_at": "2025-03-19T20:29:59.769Z"}}, {"model": "home.shippingaddress", "pk": 10, "fields": {"order": 10, "name": "Home", "street_address": "delhi", "city": "delhi", "state": "delhi", "postal_code": "110085", "created_at": "2025-03-20T11:47:51.273Z"}}, {"model": "home.shippingaddress", "pk": 11, "fields": {"order": 11, "name": "llll", "street_address": "llll", "city": "lll", "state": "lll", "postal_code": "000000", "created_at": "2025-03-20T11:48:15.311Z"}}, {"model": "home.shippingaddress", "pk": 12, "fields": {"order": 12, "name": "ppp", "street_address": "lll", "city": "ppp", "state": "ppp", "postal_code": "000000", "created_at": "2025-03-20T11:52:14.651Z"}}, {"model": "home.shippingrate", "pk": 1, "fields": {"is_free_shipping": true, "base_rate": "100.00", "tax_percentage": "18.00", "is_active": true, "updated_at": "2025-03-21T10:48:59.573Z"}}, {"model": "home.staffrole", "pk": 1, "fields": {"name": "Administrator", "description": "System administrator with all permissions", "is_active": true, "created_at": "2025-03-19T09:46:32.951Z", "updated_at": "2025-03-19T09:46:32.951Z", "permissions": []}}, {"model": "home.staffmember", "pk": 1, "fields": {"user": 1, "role": 1, "supervisor": null, "department": "Administration", "phone_number": "", "employee_id": "", "is_active": true, "created_at": "2025-03-19T09:46:32.953Z", "updated_at": "2025-03-19T09:46:32.953Z", "custom_permissions": []}}, {"model": "home.staffmember", "pk": 2, "fields": {"user": 2, "role": 1, "supervisor": null, "department": "Administration", "phone_number": "", "employee_id": "", "is_active": true, "created_at": "2025-03-19T09:48:24.721Z", "updated_at": "2025-03-19T09:48:24.721Z", "custom_permissions": []}}]