[{"model": "auth.permission", "pk": 1, "fields": {"name": "Can add log entry", "content_type": 1, "codename": "add_logentry"}}, {"model": "auth.permission", "pk": 2, "fields": {"name": "Can change log entry", "content_type": 1, "codename": "change_logentry"}}, {"model": "auth.permission", "pk": 3, "fields": {"name": "Can delete log entry", "content_type": 1, "codename": "delete_logentry"}}, {"model": "auth.permission", "pk": 4, "fields": {"name": "Can view log entry", "content_type": 1, "codename": "view_logentry"}}, {"model": "auth.permission", "pk": 5, "fields": {"name": "Can add permission", "content_type": 2, "codename": "add_permission"}}, {"model": "auth.permission", "pk": 6, "fields": {"name": "Can change permission", "content_type": 2, "codename": "change_permission"}}, {"model": "auth.permission", "pk": 7, "fields": {"name": "Can delete permission", "content_type": 2, "codename": "delete_permission"}}, {"model": "auth.permission", "pk": 8, "fields": {"name": "Can view permission", "content_type": 2, "codename": "view_permission"}}, {"model": "auth.permission", "pk": 9, "fields": {"name": "Can add group", "content_type": 3, "codename": "add_group"}}, {"model": "auth.permission", "pk": 10, "fields": {"name": "Can change group", "content_type": 3, "codename": "change_group"}}, {"model": "auth.permission", "pk": 11, "fields": {"name": "Can delete group", "content_type": 3, "codename": "delete_group"}}, {"model": "auth.permission", "pk": 12, "fields": {"name": "Can view group", "content_type": 3, "codename": "view_group"}}, {"model": "auth.permission", "pk": 13, "fields": {"name": "Can add content type", "content_type": 4, "codename": "add_contenttype"}}, {"model": "auth.permission", "pk": 14, "fields": {"name": "Can change content type", "content_type": 4, "codename": "change_contenttype"}}, {"model": "auth.permission", "pk": 15, "fields": {"name": "Can delete content type", "content_type": 4, "codename": "delete_contenttype"}}, {"model": "auth.permission", "pk": 16, "fields": {"name": "Can view content type", "content_type": 4, "codename": "view_contenttype"}}, {"model": "auth.permission", "pk": 17, "fields": {"name": "Can add session", "content_type": 5, "codename": "add_session"}}, {"model": "auth.permission", "pk": 18, "fields": {"name": "Can change session", "content_type": 5, "codename": "change_session"}}, {"model": "auth.permission", "pk": 19, "fields": {"name": "Can delete session", "content_type": 5, "codename": "delete_session"}}, {"model": "auth.permission", "pk": 20, "fields": {"name": "Can view session", "content_type": 5, "codename": "view_session"}}, {"model": "auth.permission", "pk": 21, "fields": {"name": "Can add About", "content_type": 6, "codename": "add_about"}}, {"model": "auth.permission", "pk": 22, "fields": {"name": "Can change About", "content_type": 6, "codename": "change_about"}}, {"model": "auth.permission", "pk": 23, "fields": {"name": "Can delete About", "content_type": 6, "codename": "delete_about"}}, {"model": "auth.permission", "pk": 24, "fields": {"name": "Can view About", "content_type": 6, "codename": "view_about"}}, {"model": "auth.permission", "pk": 25, "fields": {"name": "Can add advertisement", "content_type": 7, "codename": "add_advertisement"}}, {"model": "auth.permission", "pk": 26, "fields": {"name": "Can change advertisement", "content_type": 7, "codename": "change_advertisement"}}, {"model": "auth.permission", "pk": 27, "fields": {"name": "Can delete advertisement", "content_type": 7, "codename": "delete_advertisement"}}, {"model": "auth.permission", "pk": 28, "fields": {"name": "Can view advertisement", "content_type": 7, "codename": "view_advertisement"}}, {"model": "auth.permission", "pk": 29, "fields": {"name": "Can add blog", "content_type": 8, "codename": "add_blog"}}, {"model": "auth.permission", "pk": 30, "fields": {"name": "Can change blog", "content_type": 8, "codename": "change_blog"}}, {"model": "auth.permission", "pk": 31, "fields": {"name": "Can delete blog", "content_type": 8, "codename": "delete_blog"}}, {"model": "auth.permission", "pk": 32, "fields": {"name": "Can view blog", "content_type": 8, "codename": "view_blog"}}, {"model": "auth.permission", "pk": 33, "fields": {"name": "Can add Company Information", "content_type": 9, "codename": "add_companyinfo"}}, {"model": "auth.permission", "pk": 34, "fields": {"name": "Can change Company Information", "content_type": 9, "codename": "change_companyinfo"}}, {"model": "auth.permission", "pk": 35, "fields": {"name": "Can delete Company Information", "content_type": 9, "codename": "delete_companyinfo"}}, {"model": "auth.permission", "pk": 36, "fields": {"name": "Can view Company Information", "content_type": 9, "codename": "view_companyinfo"}}, {"model": "auth.permission", "pk": 37, "fields": {"name": "Can add Contact Query", "content_type": 10, "codename": "add_contact"}}, {"model": "auth.permission", "pk": 38, "fields": {"name": "Can change Contact Query", "content_type": 10, "codename": "change_contact"}}, {"model": "auth.permission", "pk": 39, "fields": {"name": "Can delete Contact Query", "content_type": 10, "codename": "delete_contact"}}, {"model": "auth.permission", "pk": 40, "fields": {"name": "Can view Contact Query", "content_type": 10, "codename": "view_contact"}}, {"model": "auth.permission", "pk": 41, "fields": {"name": "Can add Customer Pick Review", "content_type": 11, "codename": "add_customerpickreview"}}, {"model": "auth.permission", "pk": 42, "fields": {"name": "Can change Customer Pick Review", "content_type": 11, "codename": "change_customerpickreview"}}, {"model": "auth.permission", "pk": 43, "fields": {"name": "Can delete Customer Pick Review", "content_type": 11, "codename": "delete_customerpickreview"}}, {"model": "auth.permission", "pk": 44, "fields": {"name": "Can view Customer Pick Review", "content_type": 11, "codename": "view_customerpickreview"}}, {"model": "auth.permission", "pk": 45, "fields": {"name": "Can add custom page", "content_type": 12, "codename": "add_custompage"}}, {"model": "auth.permission", "pk": 46, "fields": {"name": "Can change custom page", "content_type": 12, "codename": "change_custompage"}}, {"model": "auth.permission", "pk": 47, "fields": {"name": "Can delete custom page", "content_type": 12, "codename": "delete_custompage"}}, {"model": "auth.permission", "pk": 48, "fields": {"name": "Can view custom page", "content_type": 12, "codename": "view_custompage"}}, {"model": "auth.permission", "pk": 49, "fields": {"name": "Can add home section", "content_type": 13, "codename": "add_homesection"}}, {"model": "auth.permission", "pk": 50, "fields": {"name": "Can change home section", "content_type": 13, "codename": "change_homesection"}}, {"model": "auth.permission", "pk": 51, "fields": {"name": "Can delete home section", "content_type": 13, "codename": "delete_homesection"}}, {"model": "auth.permission", "pk": 52, "fields": {"name": "Can view home section", "content_type": 13, "codename": "view_homesection"}}, {"model": "auth.permission", "pk": 53, "fields": {"name": "Can add Home Slider", "content_type": 14, "codename": "add_homeslider"}}, {"model": "auth.permission", "pk": 54, "fields": {"name": "Can change Home Slider", "content_type": 14, "codename": "change_homeslider"}}, {"model": "auth.permission", "pk": 55, "fields": {"name": "Can delete Home Slider", "content_type": 14, "codename": "delete_homeslider"}}, {"model": "auth.permission", "pk": 56, "fields": {"name": "Can view Home Slider", "content_type": 14, "codename": "view_homeslider"}}, {"model": "auth.permission", "pk": 57, "fields": {"name": "Can add Newsletter Subscription", "content_type": 15, "codename": "add_newsletter"}}, {"model": "auth.permission", "pk": 58, "fields": {"name": "Can change Newsletter Subscription", "content_type": 15, "codename": "change_newsletter"}}, {"model": "auth.permission", "pk": 59, "fields": {"name": "Can delete Newsletter Subscription", "content_type": 15, "codename": "delete_newsletter"}}, {"model": "auth.permission", "pk": 60, "fields": {"name": "Can view Newsletter Subscription", "content_type": 15, "codename": "view_newsletter"}}, {"model": "auth.permission", "pk": 61, "fields": {"name": "Can add phone otp", "content_type": 16, "codename": "add_phoneotp"}}, {"model": "auth.permission", "pk": 62, "fields": {"name": "Can change phone otp", "content_type": 16, "codename": "change_phoneotp"}}, {"model": "auth.permission", "pk": 63, "fields": {"name": "Can delete phone otp", "content_type": 16, "codename": "delete_phoneotp"}}, {"model": "auth.permission", "pk": 64, "fields": {"name": "Can view phone otp", "content_type": 16, "codename": "view_phoneotp"}}, {"model": "auth.permission", "pk": 65, "fields": {"name": "Can add pickup address", "content_type": 17, "codename": "add_pickupaddress"}}, {"model": "auth.permission", "pk": 66, "fields": {"name": "Can change pickup address", "content_type": 17, "codename": "change_pickupaddress"}}, {"model": "auth.permission", "pk": 67, "fields": {"name": "Can delete pickup address", "content_type": 17, "codename": "delete_pickupaddress"}}, {"model": "auth.permission", "pk": 68, "fields": {"name": "Can view pickup address", "content_type": 17, "codename": "view_pickupaddress"}}, {"model": "auth.permission", "pk": 69, "fields": {"name": "Can add position", "content_type": 18, "codename": "add_position"}}, {"model": "auth.permission", "pk": 70, "fields": {"name": "Can change position", "content_type": 18, "codename": "change_position"}}, {"model": "auth.permission", "pk": 71, "fields": {"name": "Can delete position", "content_type": 18, "codename": "delete_position"}}, {"model": "auth.permission", "pk": 72, "fields": {"name": "Can view position", "content_type": 18, "codename": "view_position"}}, {"model": "auth.permission", "pk": 73, "fields": {"name": "Can add shipping credential", "content_type": 19, "codename": "add_shippingcredential"}}, {"model": "auth.permission", "pk": 74, "fields": {"name": "Can change shipping credential", "content_type": 19, "codename": "change_shippingcredential"}}, {"model": "auth.permission", "pk": 75, "fields": {"name": "Can delete shipping credential", "content_type": 19, "codename": "delete_shippingcredential"}}, {"model": "auth.permission", "pk": 76, "fields": {"name": "Can view shipping credential", "content_type": 19, "codename": "view_shippingcredential"}}, {"model": "auth.permission", "pk": 77, "fields": {"name": "Can add Success Story", "content_type": 20, "codename": "add_successstory"}}, {"model": "auth.permission", "pk": 78, "fields": {"name": "Can change Success Story", "content_type": 20, "codename": "change_successstory"}}, {"model": "auth.permission", "pk": 79, "fields": {"name": "Can delete Success Story", "content_type": 20, "codename": "delete_successstory"}}, {"model": "auth.permission", "pk": 80, "fields": {"name": "Can view Success Story", "content_type": 20, "codename": "view_successstory"}}, {"model": "auth.permission", "pk": 81, "fields": {"name": "Can add Testimonial", "content_type": 21, "codename": "add_testimonial"}}, {"model": "auth.permission", "pk": 82, "fields": {"name": "Can change Testimonial", "content_type": 21, "codename": "change_testimonial"}}, {"model": "auth.permission", "pk": 83, "fields": {"name": "Can delete Testimonial", "content_type": 21, "codename": "delete_testimonial"}}, {"model": "auth.permission", "pk": 84, "fields": {"name": "Can view Testimonial", "content_type": 21, "codename": "view_testimonial"}}, {"model": "auth.permission", "pk": 85, "fields": {"name": "Can add user", "content_type": 22, "codename": "add_user"}}, {"model": "auth.permission", "pk": 86, "fields": {"name": "Can change user", "content_type": 22, "codename": "change_user"}}, {"model": "auth.permission", "pk": 87, "fields": {"name": "Can delete user", "content_type": 22, "codename": "delete_user"}}, {"model": "auth.permission", "pk": 88, "fields": {"name": "Can view user", "content_type": 22, "codename": "view_user"}}, {"model": "auth.permission", "pk": 89, "fields": {"name": "Can add address", "content_type": 23, "codename": "add_address"}}, {"model": "auth.permission", "pk": 90, "fields": {"name": "Can change address", "content_type": 23, "codename": "change_address"}}, {"model": "auth.permission", "pk": 91, "fields": {"name": "Can delete address", "content_type": 23, "codename": "delete_address"}}, {"model": "auth.permission", "pk": 92, "fields": {"name": "Can view address", "content_type": 23, "codename": "view_address"}}, {"model": "auth.permission", "pk": 93, "fields": {"name": "Can add Category", "content_type": 24, "codename": "add_category"}}, {"model": "auth.permission", "pk": 94, "fields": {"name": "Can change Category", "content_type": 24, "codename": "change_category"}}, {"model": "auth.permission", "pk": 95, "fields": {"name": "Can delete Category", "content_type": 24, "codename": "delete_category"}}, {"model": "auth.permission", "pk": 96, "fields": {"name": "Can view Category", "content_type": 24, "codename": "view_category"}}, {"model": "auth.permission", "pk": 97, "fields": {"name": "Can add customer", "content_type": 25, "codename": "add_customer"}}, {"model": "auth.permission", "pk": 98, "fields": {"name": "Can change customer", "content_type": 25, "codename": "change_customer"}}, {"model": "auth.permission", "pk": 99, "fields": {"name": "Can delete customer", "content_type": 25, "codename": "delete_customer"}}, {"model": "auth.permission", "pk": 100, "fields": {"name": "Can view customer", "content_type": 25, "codename": "view_customer"}}, {"model": "auth.permission", "pk": 101, "fields": {"name": "Can add Menu", "content_type": 26, "codename": "add_menu"}}, {"model": "auth.permission", "pk": 102, "fields": {"name": "Can change Menu", "content_type": 26, "codename": "change_menu"}}, {"model": "auth.permission", "pk": 103, "fields": {"name": "Can delete Menu", "content_type": 26, "codename": "delete_menu"}}, {"model": "auth.permission", "pk": 104, "fields": {"name": "Can view Menu", "content_type": 26, "codename": "view_menu"}}, {"model": "auth.permission", "pk": 105, "fields": {"name": "Can add mlm member", "content_type": 27, "codename": "add_mlmmember"}}, {"model": "auth.permission", "pk": 106, "fields": {"name": "Can change mlm member", "content_type": 27, "codename": "change_mlmmember"}}, {"model": "auth.permission", "pk": 107, "fields": {"name": "Can delete mlm member", "content_type": 27, "codename": "delete_mlmmember"}}, {"model": "auth.permission", "pk": 108, "fields": {"name": "Can view mlm member", "content_type": 27, "codename": "view_mlmmember"}}, {"model": "auth.permission", "pk": 109, "fields": {"name": "Can add bank details", "content_type": 28, "codename": "add_bankdetails"}}, {"model": "auth.permission", "pk": 110, "fields": {"name": "Can change bank details", "content_type": 28, "codename": "change_bankdetails"}}, {"model": "auth.permission", "pk": 111, "fields": {"name": "Can delete bank details", "content_type": 28, "codename": "delete_bankdetails"}}, {"model": "auth.permission", "pk": 112, "fields": {"name": "Can view bank details", "content_type": 28, "codename": "view_bankdetails"}}, {"model": "auth.permission", "pk": 113, "fields": {"name": "Can add notification", "content_type": 29, "codename": "add_notification"}}, {"model": "auth.permission", "pk": 114, "fields": {"name": "Can change notification", "content_type": 29, "codename": "change_notification"}}, {"model": "auth.permission", "pk": 115, "fields": {"name": "Can delete notification", "content_type": 29, "codename": "delete_notification"}}, {"model": "auth.permission", "pk": 116, "fields": {"name": "Can view notification", "content_type": 29, "codename": "view_notification"}}, {"model": "auth.permission", "pk": 117, "fields": {"name": "Can add order", "content_type": 30, "codename": "add_order"}}, {"model": "auth.permission", "pk": 118, "fields": {"name": "Can change order", "content_type": 30, "codename": "change_order"}}, {"model": "auth.permission", "pk": 119, "fields": {"name": "Can delete order", "content_type": 30, "codename": "delete_order"}}, {"model": "auth.permission", "pk": 120, "fields": {"name": "Can view order", "content_type": 30, "codename": "view_order"}}, {"model": "auth.permission", "pk": 121, "fields": {"name": "Can add password reset request", "content_type": 31, "codename": "add_passwordresetrequest"}}, {"model": "auth.permission", "pk": 122, "fields": {"name": "Can change password reset request", "content_type": 31, "codename": "change_passwordresetrequest"}}, {"model": "auth.permission", "pk": 123, "fields": {"name": "Can delete password reset request", "content_type": 31, "codename": "delete_passwordresetrequest"}}, {"model": "auth.permission", "pk": 124, "fields": {"name": "Can view password reset request", "content_type": 31, "codename": "view_passwordresetrequest"}}, {"model": "auth.permission", "pk": 125, "fields": {"name": "Can add commission activation request", "content_type": 32, "codename": "add_commissionactivationrequest"}}, {"model": "auth.permission", "pk": 126, "fields": {"name": "Can change commission activation request", "content_type": 32, "codename": "change_commissionactivationrequest"}}, {"model": "auth.permission", "pk": 127, "fields": {"name": "Can delete commission activation request", "content_type": 32, "codename": "delete_commissionactivationrequest"}}, {"model": "auth.permission", "pk": 128, "fields": {"name": "Can view commission activation request", "content_type": 32, "codename": "view_commissionactivationrequest"}}, {"model": "auth.permission", "pk": 129, "fields": {"name": "Can add product", "content_type": 33, "codename": "add_product"}}, {"model": "auth.permission", "pk": 130, "fields": {"name": "Can change product", "content_type": 33, "codename": "change_product"}}, {"model": "auth.permission", "pk": 131, "fields": {"name": "Can delete product", "content_type": 33, "codename": "delete_product"}}, {"model": "auth.permission", "pk": 132, "fields": {"name": "Can view product", "content_type": 33, "codename": "view_product"}}, {"model": "auth.permission", "pk": 133, "fields": {"name": "Can add order item", "content_type": 34, "codename": "add_orderitem"}}, {"model": "auth.permission", "pk": 134, "fields": {"name": "Can change order item", "content_type": 34, "codename": "change_orderitem"}}, {"model": "auth.permission", "pk": 135, "fields": {"name": "Can delete order item", "content_type": 34, "codename": "delete_orderitem"}}, {"model": "auth.permission", "pk": 136, "fields": {"name": "Can view order item", "content_type": 34, "codename": "view_orderitem"}}, {"model": "auth.permission", "pk": 137, "fields": {"name": "Can add product faq", "content_type": 35, "codename": "add_productfaq"}}, {"model": "auth.permission", "pk": 138, "fields": {"name": "Can change product faq", "content_type": 35, "codename": "change_productfaq"}}, {"model": "auth.permission", "pk": 139, "fields": {"name": "Can delete product faq", "content_type": 35, "codename": "delete_productfaq"}}, {"model": "auth.permission", "pk": 140, "fields": {"name": "Can view product faq", "content_type": 35, "codename": "view_productfaq"}}, {"model": "auth.permission", "pk": 141, "fields": {"name": "Can add product feature", "content_type": 36, "codename": "add_productfeature"}}, {"model": "auth.permission", "pk": 142, "fields": {"name": "Can change product feature", "content_type": 36, "codename": "change_productfeature"}}, {"model": "auth.permission", "pk": 143, "fields": {"name": "Can delete product feature", "content_type": 36, "codename": "delete_productfeature"}}, {"model": "auth.permission", "pk": 144, "fields": {"name": "Can view product feature", "content_type": 36, "codename": "view_productfeature"}}, {"model": "auth.permission", "pk": 145, "fields": {"name": "Can add product image", "content_type": 37, "codename": "add_productimage"}}, {"model": "auth.permission", "pk": 146, "fields": {"name": "Can change product image", "content_type": 37, "codename": "change_productimage"}}, {"model": "auth.permission", "pk": 147, "fields": {"name": "Can delete product image", "content_type": 37, "codename": "delete_productimage"}}, {"model": "auth.permission", "pk": 148, "fields": {"name": "Can view product image", "content_type": 37, "codename": "view_productimage"}}, {"model": "auth.permission", "pk": 149, "fields": {"name": "Can add shipment", "content_type": 38, "codename": "add_shipment"}}, {"model": "auth.permission", "pk": 150, "fields": {"name": "Can change shipment", "content_type": 38, "codename": "change_shipment"}}, {"model": "auth.permission", "pk": 151, "fields": {"name": "Can delete shipment", "content_type": 38, "codename": "delete_shipment"}}, {"model": "auth.permission", "pk": 152, "fields": {"name": "Can view shipment", "content_type": 38, "codename": "view_shipment"}}, {"model": "auth.permission", "pk": 153, "fields": {"name": "Can add shipment status update", "content_type": 39, "codename": "add_shipmentstatusupdate"}}, {"model": "auth.permission", "pk": 154, "fields": {"name": "Can change shipment status update", "content_type": 39, "codename": "change_shipmentstatusupdate"}}, {"model": "auth.permission", "pk": 155, "fields": {"name": "Can delete shipment status update", "content_type": 39, "codename": "delete_shipmentstatusupdate"}}, {"model": "auth.permission", "pk": 156, "fields": {"name": "Can view shipment status update", "content_type": 39, "codename": "view_shipmentstatusupdate"}}, {"model": "auth.permission", "pk": 157, "fields": {"name": "Can add wallet", "content_type": 40, "codename": "add_wallet"}}, {"model": "auth.permission", "pk": 158, "fields": {"name": "Can change wallet", "content_type": 40, "codename": "change_wallet"}}, {"model": "auth.permission", "pk": 159, "fields": {"name": "Can delete wallet", "content_type": 40, "codename": "delete_wallet"}}, {"model": "auth.permission", "pk": 160, "fields": {"name": "Can view wallet", "content_type": 40, "codename": "view_wallet"}}, {"model": "auth.permission", "pk": 161, "fields": {"name": "Can add wallet transaction", "content_type": 41, "codename": "add_wallettransaction"}}, {"model": "auth.permission", "pk": 162, "fields": {"name": "Can change wallet transaction", "content_type": 41, "codename": "change_wallettransaction"}}, {"model": "auth.permission", "pk": 163, "fields": {"name": "Can delete wallet transaction", "content_type": 41, "codename": "delete_wallettransaction"}}, {"model": "auth.permission", "pk": 164, "fields": {"name": "Can view wallet transaction", "content_type": 41, "codename": "view_wallettransaction"}}, {"model": "auth.permission", "pk": 165, "fields": {"name": "Can add withdrawal request", "content_type": 42, "codename": "add_withdrawalrequest"}}, {"model": "auth.permission", "pk": 166, "fields": {"name": "Can change withdrawal request", "content_type": 42, "codename": "change_withdrawalrequest"}}, {"model": "auth.permission", "pk": 167, "fields": {"name": "Can delete withdrawal request", "content_type": 42, "codename": "delete_withdrawalrequest"}}, {"model": "auth.permission", "pk": 168, "fields": {"name": "Can view withdrawal request", "content_type": 42, "codename": "view_withdrawalrequest"}}, {"model": "auth.permission", "pk": 169, "fields": {"name": "Can add kyc document", "content_type": 43, "codename": "add_kycdocument"}}, {"model": "auth.permission", "pk": 170, "fields": {"name": "Can change kyc document", "content_type": 43, "codename": "change_kycdocument"}}, {"model": "auth.permission", "pk": 171, "fields": {"name": "Can delete kyc document", "content_type": 43, "codename": "delete_kycdocument"}}, {"model": "auth.permission", "pk": 172, "fields": {"name": "Can view kyc document", "content_type": 43, "codename": "view_kycdocument"}}, {"model": "auth.permission", "pk": 173, "fields": {"name": "Can add commission", "content_type": 44, "codename": "add_commission"}}, {"model": "auth.permission", "pk": 174, "fields": {"name": "Can change commission", "content_type": 44, "codename": "change_commission"}}, {"model": "auth.permission", "pk": 175, "fields": {"name": "Can delete commission", "content_type": 44, "codename": "delete_commission"}}, {"model": "auth.permission", "pk": 176, "fields": {"name": "Can view commission", "content_type": 44, "codename": "view_commission"}}, {"model": "auth.permission", "pk": 177, "fields": {"name": "Can add meta tag", "content_type": 45, "codename": "add_metatag"}}, {"model": "auth.permission", "pk": 178, "fields": {"name": "Can change meta tag", "content_type": 45, "codename": "change_metatag"}}, {"model": "auth.permission", "pk": 179, "fields": {"name": "Can delete meta tag", "content_type": 45, "codename": "delete_metatag"}}, {"model": "auth.permission", "pk": 180, "fields": {"name": "Can view meta tag", "content_type": 45, "codename": "view_metatag"}}, {"model": "auth.permission", "pk": 181, "fields": {"name": "Can add shipping config", "content_type": 46, "codename": "add_shippingconfig"}}, {"model": "auth.permission", "pk": 182, "fields": {"name": "Can change shipping config", "content_type": 46, "codename": "change_shippingconfig"}}, {"model": "auth.permission", "pk": 183, "fields": {"name": "Can delete shipping config", "content_type": 46, "codename": "delete_shippingconfig"}}, {"model": "auth.permission", "pk": 184, "fields": {"name": "Can view shipping config", "content_type": 46, "codename": "view_shippingconfig"}}, {"model": "auth.permission", "pk": 185, "fields": {"name": "Can add shipping address", "content_type": 47, "codename": "add_shippingaddress"}}, {"model": "auth.permission", "pk": 186, "fields": {"name": "Can change shipping address", "content_type": 47, "codename": "change_shippingaddress"}}, {"model": "auth.permission", "pk": 187, "fields": {"name": "Can delete shipping address", "content_type": 47, "codename": "delete_shippingaddress"}}, {"model": "auth.permission", "pk": 188, "fields": {"name": "Can view shipping address", "content_type": 47, "codename": "view_shippingaddress"}}, {"model": "contenttypes.contenttype", "pk": 1, "fields": {"app_label": "admin", "model": "logentry"}}, {"model": "contenttypes.contenttype", "pk": 2, "fields": {"app_label": "auth", "model": "permission"}}, {"model": "contenttypes.contenttype", "pk": 3, "fields": {"app_label": "auth", "model": "group"}}, {"model": "contenttypes.contenttype", "pk": 4, "fields": {"app_label": "contenttypes", "model": "contenttype"}}, {"model": "contenttypes.contenttype", "pk": 5, "fields": {"app_label": "sessions", "model": "session"}}, {"model": "contenttypes.contenttype", "pk": 6, "fields": {"app_label": "home", "model": "about"}}, {"model": "contenttypes.contenttype", "pk": 7, "fields": {"app_label": "home", "model": "advertisement"}}, {"model": "contenttypes.contenttype", "pk": 8, "fields": {"app_label": "home", "model": "blog"}}, {"model": "contenttypes.contenttype", "pk": 9, "fields": {"app_label": "home", "model": "companyinfo"}}, {"model": "contenttypes.contenttype", "pk": 10, "fields": {"app_label": "home", "model": "contact"}}, {"model": "contenttypes.contenttype", "pk": 11, "fields": {"app_label": "home", "model": "customerpickreview"}}, {"model": "contenttypes.contenttype", "pk": 12, "fields": {"app_label": "home", "model": "custompage"}}, {"model": "contenttypes.contenttype", "pk": 13, "fields": {"app_label": "home", "model": "homesection"}}, {"model": "contenttypes.contenttype", "pk": 14, "fields": {"app_label": "home", "model": "homeslider"}}, {"model": "contenttypes.contenttype", "pk": 15, "fields": {"app_label": "home", "model": "newsletter"}}, {"model": "contenttypes.contenttype", "pk": 16, "fields": {"app_label": "home", "model": "phoneotp"}}, {"model": "contenttypes.contenttype", "pk": 17, "fields": {"app_label": "home", "model": "pickupaddress"}}, {"model": "contenttypes.contenttype", "pk": 18, "fields": {"app_label": "home", "model": "position"}}, {"model": "contenttypes.contenttype", "pk": 19, "fields": {"app_label": "home", "model": "shippingcredential"}}, {"model": "contenttypes.contenttype", "pk": 20, "fields": {"app_label": "home", "model": "successstory"}}, {"model": "contenttypes.contenttype", "pk": 21, "fields": {"app_label": "home", "model": "testimonial"}}, {"model": "contenttypes.contenttype", "pk": 22, "fields": {"app_label": "home", "model": "user"}}, {"model": "contenttypes.contenttype", "pk": 23, "fields": {"app_label": "home", "model": "address"}}, {"model": "contenttypes.contenttype", "pk": 24, "fields": {"app_label": "home", "model": "category"}}, {"model": "contenttypes.contenttype", "pk": 25, "fields": {"app_label": "home", "model": "customer"}}, {"model": "contenttypes.contenttype", "pk": 26, "fields": {"app_label": "home", "model": "menu"}}, {"model": "contenttypes.contenttype", "pk": 27, "fields": {"app_label": "home", "model": "mlmmember"}}, {"model": "contenttypes.contenttype", "pk": 28, "fields": {"app_label": "home", "model": "bankdetails"}}, {"model": "contenttypes.contenttype", "pk": 29, "fields": {"app_label": "home", "model": "notification"}}, {"model": "contenttypes.contenttype", "pk": 30, "fields": {"app_label": "home", "model": "order"}}, {"model": "contenttypes.contenttype", "pk": 31, "fields": {"app_label": "home", "model": "passwordresetrequest"}}, {"model": "contenttypes.contenttype", "pk": 32, "fields": {"app_label": "home", "model": "commissionactivationrequest"}}, {"model": "contenttypes.contenttype", "pk": 33, "fields": {"app_label": "home", "model": "product"}}, {"model": "contenttypes.contenttype", "pk": 34, "fields": {"app_label": "home", "model": "orderitem"}}, {"model": "contenttypes.contenttype", "pk": 35, "fields": {"app_label": "home", "model": "productfaq"}}, {"model": "contenttypes.contenttype", "pk": 36, "fields": {"app_label": "home", "model": "productfeature"}}, {"model": "contenttypes.contenttype", "pk": 37, "fields": {"app_label": "home", "model": "productimage"}}, {"model": "contenttypes.contenttype", "pk": 38, "fields": {"app_label": "home", "model": "shipment"}}, {"model": "contenttypes.contenttype", "pk": 39, "fields": {"app_label": "home", "model": "shipmentstatusupdate"}}, {"model": "contenttypes.contenttype", "pk": 40, "fields": {"app_label": "home", "model": "wallet"}}, {"model": "contenttypes.contenttype", "pk": 41, "fields": {"app_label": "home", "model": "wallettransaction"}}, {"model": "contenttypes.contenttype", "pk": 42, "fields": {"app_label": "home", "model": "withdrawalrequest"}}, {"model": "contenttypes.contenttype", "pk": 43, "fields": {"app_label": "home", "model": "kycdocument"}}, {"model": "contenttypes.contenttype", "pk": 44, "fields": {"app_label": "home", "model": "commission"}}, {"model": "contenttypes.contenttype", "pk": 45, "fields": {"app_label": "home", "model": "metatag"}}, {"model": "contenttypes.contenttype", "pk": 46, "fields": {"app_label": "home", "model": "shippingconfig"}}, {"model": "contenttypes.contenttype", "pk": 47, "fields": {"app_label": "home", "model": "shippingaddress"}}, {"model": "home.user", "pk": 1, "fields": {"password": "pbkdf2_sha256$870000$46VQgEg5qxIFqauPwVSxWo$0d/xp084sh5oXF6dBckJ4Pgx0KRGOg1Gqw3InBGRqxM=", "last_login": null, "is_superuser": true, "first_name": "", "last_name": "", "is_staff": true, "is_active": true, "date_joined": "2025-03-04T18:50:56.752Z", "username": "Trygon", "role": "ADMIN", "phone_number": null, "email": "info@trygon.in", "groups": [], "user_permissions": []}}, {"model": "home.user", "pk": 2, "fields": {"password": "pbkdf2_sha256$870000$mCfH7xCloqLhvi9IbQXmfe$LSIauid06um8evzMEOdCvy9UcvEe4vz0Yj9uTb6SrzY=", "last_login": null, "is_superuser": true, "first_name": "", "last_name": "", "is_staff": true, "is_active": true, "date_joined": "2025-03-04T18:52:20.133Z", "username": "nbhartia", "role": "ADMIN", "phone_number": null, "email": "navneetbhartia@gmail.com", "groups": [], "user_permissions": []}}, {"model": "home.user", "pk": 3, "fields": {"password": "pbkdf2_sha256$870000$lemdpfRcwPNoY37HkxAhqU$96C7SQ/wNmKbRFbnidSltmsgaACvRNjFIBDM1FC6Y10=", "last_login": null, "is_superuser": false, "first_name": "krishna", "last_name": "bhartia", "is_staff": false, "is_active": true, "date_joined": "2025-03-04T19:06:36.994Z", "username": "kbhartia", "role": "MLM_MEMBER", "phone_number": "1122212133", "email": "ad@c.com", "groups": [], "user_permissions": []}}, {"model": "home.user", "pk": 4, "fields": {"password": "pbkdf2_sha256$870000$4uvBN4qT0pqxRticOILUGb$cWs/vN+bez9OZRw3qIGigCs/omBtE/HdE9cHaRQEo3E=", "last_login": null, "is_superuser": false, "first_name": "usha", "last_name": "bhartia", "is_staff": false, "is_active": true, "date_joined": "2025-03-04T19:07:43.268Z", "username": "ubhartia", "role": "MLM_MEMBER", "phone_number": "9318491280", "email": "asfa@c.com", "groups": [], "user_permissions": []}}, {"model": "home.user", "pk": 5, "fields": {"password": "pbkdf2_sha256$870000$qYIm6VDyloVXRM2aHMNG2C$nYb6oynJh2nJHIHMwNfwyK6Ri7qZon1LMOIDY2BEBG4=", "last_login": null, "is_superuser": false, "first_name": "shilpa", "last_name": "kumari", "is_staff": false, "is_active": true, "date_joined": "2025-03-04T19:08:52.551Z", "username": "shilpa", "role": "MLM_MEMBER", "phone_number": "2141241412", "email": "asdas@c.com", "groups": [], "user_permissions": []}}, {"model": "home.user", "pk": 6, "fields": {"password": "pbkdf2_sha256$870000$zzR3mZir2e8XJTule6aJaW$9Qr1wIQg/w4fjclnpnVLw0T3YkaWLrhsDRHWfTDx/tg=", "last_login": null, "is_superuser": false, "first_name": "swati", "last_name": "kumari", "is_staff": false, "is_active": true, "date_joined": "2025-03-04T19:09:37.357Z", "username": "swati", "role": "MLM_MEMBER", "phone_number": "2313213123", "email": "asfas@c.com", "groups": [], "user_permissions": []}}, {"model": "home.user", "pk": 7, "fields": {"password": "pbkdf2_sha256$870000$W5VvSQMQa942xlNCGHBTMF$a4s28UdRsv4R6NQn+hoamC7o6bjmEzpZ6cu3zslzcMI=", "last_login": null, "is_superuser": false, "first_name": "jagmohan", "last_name": "kumar", "is_staff": false, "is_active": true, "date_joined": "2025-03-04T19:10:29.394Z", "username": "jagmohan", "role": "MLM_MEMBER", "phone_number": "2131231243", "email": "asdasd@c.com", "groups": [], "user_permissions": []}}, {"model": "home.user", "pk": 8, "fields": {"password": "pbkdf2_sha256$870000$EFWe58sgvHLY6aHdqwQe5c$I7cVFC/dFKIEJbJVWp2gmz96MSi/SGnUu7IW0Hi1D6Q=", "last_login": null, "is_superuser": false, "first_name": "hema", "last_name": "devi", "is_staff": false, "is_active": true, "date_joined": "2025-03-04T19:11:14.071Z", "username": "hema", "role": "MLM_MEMBER", "phone_number": "1243142312", "email": "asfdas@c.com", "groups": [], "user_permissions": []}}, {"model": "home.user", "pk": 9, "fields": {"password": "pbkdf2_sha256$870000$Uc2iJD0jawHd41nmVCTa3w$LZMhTKL+1Z810/OBqU/c8NH7OvBX4ahEEQe4edeTW6A=", "last_login": null, "is_superuser": false, "first_name": "rahul", "last_name": "kumar", "is_staff": false, "is_active": true, "date_joined": "2025-03-04T20:51:42.717Z", "username": "rahul", "role": "MLM_MEMBER", "phone_number": "6666777777", "email": "dsav@c.com", "groups": [], "user_permissions": []}}, {"model": "home.user", "pk": 10, "fields": {"password": "pbkdf2_sha256$870000$18xTOW4wkesE97DEjxwOjz$QkFHCj99OkZQgu3eWV6LSjEuW6JqyZLIFrPBq4ekQD8=", "last_login": null, "is_superuser": false, "first_name": "ramesh", "last_name": "kumar", "is_staff": false, "is_active": true, "date_joined": "2025-03-05T13:34:47.347Z", "username": "ramesh", "role": "MLM_MEMBER", "phone_number": "1111112232", "email": "asdasdas@c.com", "groups": [], "user_permissions": []}}, {"model": "home.user", "pk": 11, "fields": {"password": "", "last_login": null, "is_superuser": false, "first_name": "", "last_name": "", "is_staff": false, "is_active": true, "date_joined": "2025-03-09T14:46:44.028Z", "username": "C9431006100", "role": "CUSTOMER", "phone_number": "9431006100", "email": null, "groups": [], "user_permissions": []}}, {"model": "home.user", "pk": 12, "fields": {"password": "", "last_login": null, "is_superuser": false, "first_name": "vikas", "last_name": "gupta", "is_staff": false, "is_active": true, "date_joined": "2025-03-11T20:17:07.269Z", "username": "C8851285655", "role": "CUSTOMER", "phone_number": "8851285655", "email": "tekboys001@gmail.com", "groups": [], "user_permissions": []}}, {"model": "home.address", "pk": 1, "fields": {"user": 3, "name": "sdas", "street_address": "sadasd", "city": "dasf", "state": "asfsaf", "postal_code": "111111", "is_active": true, "created_at": "2025-03-04T19:16:33.303Z", "updated_at": "2025-03-04T19:16:33.303Z"}}, {"model": "home.address", "pk": 2, "fields": {"user": 4, "name": "hjkl", "street_address": "ghjkl", "city": "vghjk", "state": "fghjkl", "postal_code": "999999", "is_active": true, "created_at": "2025-03-05T10:44:33.902Z", "updated_at": "2025-03-05T10:44:33.902Z"}}, {"model": "home.address", "pk": 3, "fields": {"user": 5, "name": "HOME", "street_address": "DLEHI", "city": "DELHI", "state": "DELHI", "postal_code": "110085", "is_active": true, "created_at": "2025-03-05T10:53:26.452Z", "updated_at": "2025-03-05T10:53:26.452Z"}}, {"model": "home.address", "pk": 4, "fields": {"user": 6, "name": "hgfdhkf", "street_address": "uggfdy", "city": "guog", "state": "jjvjk", "postal_code": "555555", "is_active": true, "created_at": "2025-03-05T11:16:38.035Z", "updated_at": "2025-03-05T11:16:38.035Z"}}, {"model": "home.address", "pk": 5, "fields": {"user": 7, "name": "dsfsd", "street_address": "dsff", "city": "dfsf", "state": "dsfs", "postal_code": "123231", "is_active": true, "created_at": "2025-03-05T11:19:24.858Z", "updated_at": "2025-03-05T11:19:24.858Z"}}, {"model": "home.address", "pk": 6, "fields": {"user": 8, "name": "hhgfhfgh", "street_address": "fgjfgjfgj", "city": "jhhgjh", "state": "jhghjt", "postal_code": "444444", "is_active": true, "created_at": "2025-03-05T11:22:18.972Z", "updated_at": "2025-03-05T11:22:18.972Z"}}, {"model": "home.address", "pk": 7, "fields": {"user": 12, "name": "Home", "street_address": "houseno 89 pocket-1 Rohini Sector 25", "city": "Delhi", "state": "Delhi", "postal_code": "110085", "is_active": true, "created_at": "2025-03-11T20:18:35.155Z", "updated_at": "2025-03-11T20:18:35.155Z"}}, {"model": "home.phoneotp", "pk": 1, "fields": {"phone_number": "9431006100", "otp": "761272", "created_at": "2025-03-09T14:46:15.715Z", "is_verified": true, "count": 1, "last_attempt": "2025-03-09T14:46:44.009Z"}}, {"model": "home.phoneotp", "pk": 2, "fields": {"phone_number": "8851285655", "otp": "344840", "created_at": "2025-03-11T20:16:53.784Z", "is_verified": true, "count": 1, "last_attempt": "2025-03-11T20:17:07.265Z"}}, {"model": "home.category", "pk": 2, "fields": {"name": "Gut Health", "slug": "gut-health-1", "description": "gut health", "image": "categories/WhatsApp_Image_2025-03-01_at_15_jWW3ax7.35.55_491f7468.jpg", "parent": null, "is_active": true, "created_at": "2025-03-04T19:04:14.765Z", "updated_at": "2025-03-04T19:04:14.765Z"}}, {"model": "home.productimage", "pk": 1, "fields": {"product": 1, "image": "products/IMG_9755_Of78fpG.jpg", "alt_text": "", "is_feature": true, "order": 1, "created_at": "2025-03-04T19:06:02.498Z"}}, {"model": "home.productimage", "pk": 2, "fields": {"product": 1, "image": "products/IMG_9756_RCmQzN4.jpg", "alt_text": "", "is_feature": false, "order": 2, "created_at": "2025-03-04T19:06:02.501Z"}}, {"model": "home.productimage", "pk": 3, "fields": {"product": 1, "image": "products/IMG_9757_yKVj49K.jpg", "alt_text": "", "is_feature": false, "order": 3, "created_at": "2025-03-04T19:06:02.503Z"}}, {"model": "home.product", "pk": 1, "fields": {"name": "test", "slug": "test-1", "HSN_Code": "123213", "description": "<p>asdasfasf</p>", "regular_price": "1000.00", "selling_price": "1000.00", "bp_value": 10, "stock": 4866, "gst_percentage": "12.00", "is_featured": true, "is_bestseller": true, "is_new_arrival": true, "is_trending": true, "is_active": true, "created_at": "2025-03-04T19:06:02.475Z", "updated_at": "2025-03-11T20:19:08.435Z", "categories": [2]}}, {"model": "home.order", "pk": 1, "fields": {"user": 3, "order_number": "ORD-1741115798", "order_date": "2025-03-04T19:16:38.023Z", "status": "CANCELLED", "orderType": "ONLINE", "total_amount": "9000.00", "discount_amount": "4500.00", "final_amount": "5040.00", "shipping_address": "sdas, sadasd, dasf, asfsaf, 111111", "billing_address": "sdas, sadasd, dasf, asfsaf, 111111", "total_bp": 90, "razorpay_order_id": "order_Q2pFFTYWtmsGwH", "payment_id": "pay_Q2pFQnx0FB0Kpu", "discount_percentage": "0.00", "bp_processed": false}}, {"model": "home.order", "pk": 2, "fields": {"user": 3, "order_number": "ORD-1741116138", "order_date": "2025-03-04T19:22:18.066Z", "status": "CONFIRMED", "orderType": "ONLINE", "total_amount": "1000.00", "discount_amount": "500.00", "final_amount": "560.00", "shipping_address": "sdas, sadasd, dasf, asfsaf, 111111", "billing_address": "sdas, sadasd, dasf, asfsaf, 111111", "total_bp": 10, "razorpay_order_id": "order_Q2pLDnMeRB5CrX", "payment_id": "pay_Q2pLTCEXy9Ge7C", "discount_percentage": "0.00", "bp_processed": false}}, {"model": "home.order", "pk": 3, "fields": {"user": 4, "order_number": "ORD-1741171495", "order_date": "2025-03-05T10:44:55.391Z", "status": "CONFIRMED", "orderType": "ONLINE", "total_amount": "9000.00", "discount_amount": "3600.00", "final_amount": "6048.00", "shipping_address": "hjkl, ghjkl, vghjk, fghjkl, 999999", "billing_address": "hjkl, ghjkl, vghjk, fghjkl, 999999", "total_bp": 90, "razorpay_order_id": "order_Q353okBoXDCZYe", "payment_id": "pay_Q353wwSEIJxRnB", "discount_percentage": "0.00", "bp_processed": false}}, {"model": "home.order", "pk": 4, "fields": {"user": 4, "order_number": "ORD-1741171753", "order_date": "2025-03-05T10:49:13.559Z", "status": "CONFIRMED", "orderType": "ONLINE", "total_amount": "5000.00", "discount_amount": "2000.00", "final_amount": "3360.00", "shipping_address": "hjkl, ghjkl, vghjk, fghjkl, 999999", "billing_address": "hjkl, ghjkl, vghjk, fghjkl, 999999", "total_bp": 50, "razorpay_order_id": "order_Q358NJaZiedBn3", "payment_id": "pay_Q358VKfETzdFCg", "discount_percentage": "0.00", "bp_processed": true}}, {"model": "home.order", "pk": 5, "fields": {"user": 5, "order_number": "ORD-1741172011", "order_date": "2025-03-05T10:53:31.625Z", "status": "CONFIRMED", "orderType": "ONLINE", "total_amount": "10000.00", "discount_amount": "3000.00", "final_amount": "7840.00", "shipping_address": "HOME, DLEHI, DELHI, DELHI, 110085", "billing_address": "HOME, DLEHI, DELHI, DELHI, 110085", "total_bp": 100, "razorpay_order_id": "order_Q35CuDkwCYiBjZ", "payment_id": "pay_Q35D2mspLGgNsr", "discount_percentage": "0.00", "bp_processed": true}}, {"model": "home.order", "pk": 6, "fields": {"user": 6, "order_number": "ORD-1741173400", "order_date": "2025-03-05T11:16:40.513Z", "status": "CONFIRMED", "orderType": "ONLINE", "total_amount": "8000.00", "discount_amount": "1600.00", "final_amount": "7168.00", "shipping_address": "hgfdhkf, uggfdy, guog, jjvjk, 555555", "billing_address": "hgfdhkf, uggfdy, guog, jjvjk, 555555", "total_bp": 80, "razorpay_order_id": "order_Q35bNIF6kQ7Yoa", "payment_id": "pay_Q35boMB99G3LYB", "discount_percentage": "0.00", "bp_processed": true}}, {"model": "home.order", "pk": 7, "fields": {"user": 7, "order_number": "ORD-1741173570", "order_date": "2025-03-05T11:19:30.382Z", "status": "CONFIRMED", "orderType": "ONLINE", "total_amount": "10000.00", "discount_amount": "1000.00", "final_amount": "10080.00", "shipping_address": "dsfsd, dsff, dfsf, dsfs, 123231", "billing_address": "dsfsd, dsff, dfsf, dsfs, 123231", "total_bp": 100, "razorpay_order_id": "order_Q35eLhcmZh5iJf", "payment_id": "pay_Q35evibKVkaVJn", "discount_percentage": "0.00", "bp_processed": true}}, {"model": "home.order", "pk": 8, "fields": {"user": 8, "order_number": "ORD-1741173742", "order_date": "2025-03-05T11:22:22.772Z", "status": "CONFIRMED", "orderType": "ONLINE", "total_amount": "10000.00", "discount_amount": "1000.00", "final_amount": "10080.00", "shipping_address": "hhgfhfgh, fgjfgjfgj, jhhgjh, jhghjt, 444444", "billing_address": "hhgfhfgh, fgjfgjfgj, jhhgjh, jhghjt, 444444", "total_bp": 100, "razorpay_order_id": "order_Q35hNqilRgBi9Q", "payment_id": "pay_Q35hY4U4UmRviP", "discount_percentage": "0.00", "bp_processed": true}}, {"model": "home.order", "pk": 9, "fields": {"user": 12, "order_number": "ORD-1741724318", "order_date": "2025-03-11T20:18:38.419Z", "status": "CONFIRMED", "orderType": "ONLINE", "total_amount": "5000.00", "discount_amount": "0.00", "final_amount": "5600.00", "shipping_address": "Home, houseno 89 pocket-1 Rohini Sector 25, Delhi, Delhi, 110085", "billing_address": "Home, houseno 89 pocket-1 Rohini Sector 25, Delhi, Delhi, 110085", "total_bp": 50, "razorpay_order_id": "order_Q5c2abH9JqYyLf", "payment_id": "pay_Q5c2oG4VwpkLIb", "discount_percentage": "0.00", "bp_processed": false}}, {"model": "home.orderitem", "pk": 1, "fields": {"order": 1, "product": 1, "quantity": 9, "price": "1000.00", "discount_percentage": "50.00", "final_price": "5040.00", "bp_points": 90, "gst_amount": "540.00", "discount_amount": "4500.00"}}, {"model": "home.orderitem", "pk": 2, "fields": {"order": 2, "product": 1, "quantity": 1, "price": "1000.00", "discount_percentage": "50.00", "final_price": "560.00", "bp_points": 10, "gst_amount": "60.00", "discount_amount": "500.00"}}, {"model": "home.orderitem", "pk": 3, "fields": {"order": 3, "product": 1, "quantity": 9, "price": "1000.00", "discount_percentage": "40.00", "final_price": "6048.00", "bp_points": 90, "gst_amount": "648.00", "discount_amount": "3600.00"}}, {"model": "home.orderitem", "pk": 4, "fields": {"order": 4, "product": 1, "quantity": 5, "price": "1000.00", "discount_percentage": "40.00", "final_price": "3360.00", "bp_points": 50, "gst_amount": "360.00", "discount_amount": "2000.00"}}, {"model": "home.orderitem", "pk": 5, "fields": {"order": 5, "product": 1, "quantity": 10, "price": "1000.00", "discount_percentage": "30.00", "final_price": "7840.00", "bp_points": 100, "gst_amount": "840.00", "discount_amount": "3000.00"}}, {"model": "home.orderitem", "pk": 6, "fields": {"order": 6, "product": 1, "quantity": 8, "price": "1000.00", "discount_percentage": "20.00", "final_price": "7168.00", "bp_points": 80, "gst_amount": "768.00", "discount_amount": "1600.00"}}, {"model": "home.orderitem", "pk": 7, "fields": {"order": 7, "product": 1, "quantity": 10, "price": "1000.00", "discount_percentage": "10.00", "final_price": "10080.00", "bp_points": 100, "gst_amount": "1080.00", "discount_amount": "1000.00"}}, {"model": "home.orderitem", "pk": 8, "fields": {"order": 8, "product": 1, "quantity": 10, "price": "1000.00", "discount_percentage": "10.00", "final_price": "10080.00", "bp_points": 100, "gst_amount": "1080.00", "discount_amount": "1000.00"}}, {"model": "home.orderitem", "pk": 9, "fields": {"order": 9, "product": 1, "quantity": 5, "price": "1000.00", "discount_percentage": "0.00", "final_price": "5600.00", "bp_points": 50, "gst_amount": "600.00", "discount_amount": "0.00"}}, {"model": "home.position", "pk": 1, "fields": {"name": "Preferred Customer", "bp_required_min": 0, "bp_required_max": 99, "discount_percentage": "10.00", "commission_percentage": "0.00", "can_earn_commission": false, "monthly_quota": "5000.00", "level_order": 1, "is_active": true}}, {"model": "home.position", "pk": 2, "fields": {"name": "Business Associate", "bp_required_min": 100, "bp_required_max": 299, "discount_percentage": "20.00", "commission_percentage": "20.00", "can_earn_commission": true, "monthly_quota": "5000.00", "level_order": 2, "is_active": true}}, {"model": "home.position", "pk": 3, "fields": {"name": "Business Executive", "bp_required_min": 300, "bp_required_max": 999, "discount_percentage": "30.00", "commission_percentage": "30.00", "can_earn_commission": true, "monthly_quota": "5000.00", "level_order": 3, "is_active": true}}, {"model": "home.position", "pk": 4, "fields": {"name": "Marketing Director", "bp_required_min": 1000, "bp_required_max": 2499, "discount_percentage": "40.00", "commission_percentage": "40.00", "can_earn_commission": true, "monthly_quota": "5000.00", "level_order": 4, "is_active": true}}, {"model": "home.position", "pk": 5, "fields": {"name": "Executive Marketing Director", "bp_required_min": 2500, "bp_required_max": 4999, "discount_percentage": "50.00", "commission_percentage": "50.00", "can_earn_commission": true, "monthly_quota": "5000.00", "level_order": 5, "is_active": true}}, {"model": "home.mlmmember", "pk": 1, "fields": {"user": 3, "member_id": "28131405", "position": 5, "sponsor": null, "current_month_purchase": "11200.00", "total_bp": 200, "is_active": true, "join_date": "2025-03-04T19:06:37.317Z", "total_earnings": "1000.00", "created_at": "2025-03-04T19:06:37.317Z", "updated_at": "2025-03-04T19:06:37.317Z", "first_purchase_bonus_received": false, "first_payment_complete": true, "first_payment_amount": "5040.00", "monthly_quota_maintained": false, "last_commission_calculation": null}}, {"model": "home.mlmmember", "pk": 2, "fields": {"user": 4, "member_id": "03861808", "position": 4, "sponsor": 1, "current_month_purchase": "15456.00", "total_bp": 230, "is_active": true, "join_date": "2025-03-04T19:07:43.557Z", "total_earnings": "1000.00", "created_at": "2025-03-04T19:07:43.557Z", "updated_at": "2025-03-04T19:07:43.557Z", "first_purchase_bonus_received": false, "first_payment_complete": true, "first_payment_amount": "6048.00", "monthly_quota_maintained": false, "last_commission_calculation": null}}, {"model": "home.mlmmember", "pk": 3, "fields": {"user": 5, "member_id": "46555966", "position": 3, "sponsor": 2, "current_month_purchase": "7840.00", "total_bp": 100, "is_active": true, "join_date": "2025-03-04T19:08:52.858Z", "total_earnings": "1000.00", "created_at": "2025-03-04T19:08:52.858Z", "updated_at": "2025-03-04T19:08:52.858Z", "first_purchase_bonus_received": false, "first_payment_complete": true, "first_payment_amount": "7840.00", "monthly_quota_maintained": false, "last_commission_calculation": null}}, {"model": "home.mlmmember", "pk": 4, "fields": {"user": 6, "member_id": "94750488", "position": 2, "sponsor": 3, "current_month_purchase": "7168.00", "total_bp": 80, "is_active": true, "join_date": "2025-03-04T19:09:37.668Z", "total_earnings": "1000.00", "created_at": "2025-03-04T19:09:37.668Z", "updated_at": "2025-03-04T19:09:37.668Z", "first_purchase_bonus_received": false, "first_payment_complete": true, "first_payment_amount": "7168.00", "monthly_quota_maintained": false, "last_commission_calculation": null}}, {"model": "home.mlmmember", "pk": 5, "fields": {"user": 7, "member_id": "50630425", "position": 2, "sponsor": 4, "current_month_purchase": "10080.00", "total_bp": 100, "is_active": true, "join_date": "2025-03-04T19:10:29.694Z", "total_earnings": "0.00", "created_at": "2025-03-04T19:10:29.694Z", "updated_at": "2025-03-04T19:10:29.694Z", "first_purchase_bonus_received": false, "first_payment_complete": true, "first_payment_amount": "10080.00", "monthly_quota_maintained": false, "last_commission_calculation": null}}, {"model": "home.mlmmember", "pk": 6, "fields": {"user": 8, "member_id": "98590882", "position": 2, "sponsor": 4, "current_month_purchase": "0.00", "total_bp": 0, "is_active": true, "join_date": "2025-03-04T19:11:14.402Z", "total_earnings": "0.00", "created_at": "2025-03-04T19:11:14.402Z", "updated_at": "2025-03-04T19:11:14.402Z", "first_purchase_bonus_received": false, "first_payment_complete": true, "first_payment_amount": "10080.00", "monthly_quota_maintained": false, "last_commission_calculation": null}}, {"model": "home.mlmmember", "pk": 7, "fields": {"user": 9, "member_id": "89066229", "position": 1, "sponsor": 6, "current_month_purchase": "0.00", "total_bp": 0, "is_active": true, "join_date": "2025-03-04T20:51:43.100Z", "total_earnings": "0.00", "created_at": "2025-03-04T20:51:43.100Z", "updated_at": "2025-03-04T20:51:43.100Z", "first_purchase_bonus_received": false, "first_payment_complete": false, "first_payment_amount": "0.00", "monthly_quota_maintained": false, "last_commission_calculation": null}}, {"model": "home.mlmmember", "pk": 8, "fields": {"user": 10, "member_id": "32253091", "position": 1, "sponsor": 3, "current_month_purchase": "0.00", "total_bp": 0, "is_active": true, "join_date": "2025-03-05T13:34:47.681Z", "total_earnings": "0.00", "created_at": "2025-03-05T13:34:47.681Z", "updated_at": "2025-03-05T13:34:47.681Z", "first_purchase_bonus_received": false, "first_payment_complete": false, "first_payment_amount": "0.00", "monthly_quota_maintained": false, "last_commission_calculation": null}}, {"model": "home.kycdocument", "pk": 1, "fields": {"mlm_member": 1, "document_type": "AADHAR", "document_number": "119911992932", "document_file": "kyc_documents/2025/03/WhatsApp_Image_2025-03-04_at_12_5rJJWBz.10.35_e061698f.jpg", "status": "VERIFIED", "verified_by": 2, "verification_date": "2025-03-04T19:15:15.142Z", "rejection_reason": "", "created_at": "2025-03-04T19:13:48.831Z", "updated_at": "2025-03-04T19:15:15.142Z"}}, {"model": "home.kycdocument", "pk": 2, "fields": {"mlm_member": 1, "document_type": "PAN", "document_number": "ABIOE9823C", "document_file": "kyc_documents/2025/03/WhatsApp_Image_2025-03-04_at_12_tdotNlG.10.35_e061698f.jpg", "status": "VERIFIED", "verified_by": 2, "verification_date": "2025-03-04T19:15:08.580Z", "rejection_reason": "", "created_at": "2025-03-04T19:14:03.277Z", "updated_at": "2025-03-04T19:15:08.580Z"}}, {"model": "home.kycdocument", "pk": 3, "fields": {"mlm_member": 1, "document_type": "BANK_STATEMENT", "document_number": "sdasd", "document_file": "kyc_documents/2025/03/WhatsApp_Image_2025-03-03_at_16_1FkRkOL.36.39_e3d0a50e.jpg", "status": "VERIFIED", "verified_by": 2, "verification_date": "2025-03-04T19:15:01.955Z", "rejection_reason": "", "created_at": "2025-03-04T19:14:12.994Z", "updated_at": "2025-03-04T19:15:01.955Z"}}, {"model": "home.kycdocument", "pk": 4, "fields": {"mlm_member": 1, "document_type": "CANCELLED_CHEQUE", "document_number": "asdasd", "document_file": "kyc_documents/2025/03/WhatsApp_Image_2025-03-04_at_12_hQ2IloA.10.35_e061698f.jpg", "status": "VERIFIED", "verified_by": 2, "verification_date": "2025-03-04T19:14:55.502Z", "rejection_reason": "", "created_at": "2025-03-04T19:14:24.272Z", "updated_at": "2025-03-04T19:14:55.503Z"}}, {"model": "home.kycdocument", "pk": 5, "fields": {"mlm_member": 2, "document_type": "AADHAR", "document_number": "667755456765", "document_file": "kyc_documents/2025/03/WhatsApp_Image_2025-03-04_at_12_NPaza56.10.35_e061698f.jpg", "status": "VERIFIED", "verified_by": 2, "verification_date": "2025-03-05T10:43:39.075Z", "rejection_reason": "", "created_at": "2025-03-05T10:41:43.832Z", "updated_at": "2025-03-05T10:43:39.075Z"}}, {"model": "home.kycdocument", "pk": 6, "fields": {"mlm_member": 2, "document_type": "PAN", "document_number": "HGBYI0989B", "document_file": "kyc_documents/2025/03/WhatsApp_Image_2025-03-03_at_16_BRC8oHX.36.39_367321e3.jpg", "status": "VERIFIED", "verified_by": 2, "verification_date": "2025-03-05T10:43:29.778Z", "rejection_reason": "", "created_at": "2025-03-05T10:41:57.502Z", "updated_at": "2025-03-05T10:43:29.778Z"}}, {"model": "home.kycdocument", "pk": 7, "fields": {"mlm_member": 2, "document_type": "BANK_STATEMENT", "document_number": "fghjkl", "document_file": "kyc_documents/2025/03/WhatsApp_Image_2025-03-04_at_12_H2Bcbdj.10.35_e061698f.jpg", "status": "VERIFIED", "verified_by": 2, "verification_date": "2025-03-05T10:43:25.857Z", "rejection_reason": "", "created_at": "2025-03-05T10:42:06.456Z", "updated_at": "2025-03-05T10:43:25.857Z"}}, {"model": "home.kycdocument", "pk": 8, "fields": {"mlm_member": 2, "document_type": "CANCELLED_CHEQUE", "document_number": "dfghj", "document_file": "kyc_documents/2025/03/WhatsApp_Image_2025-03-04_at_12_kFv8B0d.10.35_e061698f.jpg", "status": "VERIFIED", "verified_by": 2, "verification_date": "2025-03-05T10:43:20.298Z", "rejection_reason": "", "created_at": "2025-03-05T10:42:16.774Z", "updated_at": "2025-03-05T10:43:20.298Z"}}, {"model": "home.kycdocument", "pk": 9, "fields": {"mlm_member": 3, "document_type": "AADHAR", "document_number": "123412341234", "document_file": "kyc_documents/2025/03/curl_1_bzLL1yu.pdf", "status": "VERIFIED", "verified_by": 2, "verification_date": "2025-03-05T10:51:46.625Z", "rejection_reason": "", "created_at": "2025-03-05T10:51:35.372Z", "updated_at": "2025-03-05T10:51:46.625Z"}}, {"model": "home.kycdocument", "pk": 10, "fields": {"mlm_member": 3, "document_type": "PAN", "document_number": "CYUPK1234R", "document_file": "kyc_documents/2025/03/curl_1_rwceV3U.pdf", "status": "VERIFIED", "verified_by": 2, "verification_date": "2025-03-05T10:51:52.387Z", "rejection_reason": "", "created_at": "2025-03-05T10:51:46.409Z", "updated_at": "2025-03-05T10:51:52.388Z"}}, {"model": "home.kycdocument", "pk": 11, "fields": {"mlm_member": 3, "document_type": "BANK_STATEMENT", "document_number": "Q35234534", "document_file": "kyc_documents/2025/03/curl_1_vVkSWQW.pdf", "status": "VERIFIED", "verified_by": 2, "verification_date": "2025-03-05T10:52:04.979Z", "rejection_reason": "", "created_at": "2025-03-05T10:51:52.750Z", "updated_at": "2025-03-05T10:52:04.979Z"}}, {"model": "home.kycdocument", "pk": 12, "fields": {"mlm_member": 3, "document_type": "CANCELLED_CHEQUE", "document_number": "2345345", "document_file": "kyc_documents/2025/03/curl_1_6waJPBR.pdf", "status": "VERIFIED", "verified_by": 2, "verification_date": "2025-03-05T10:52:09.574Z", "rejection_reason": "", "created_at": "2025-03-05T10:51:57.970Z", "updated_at": "2025-03-05T10:52:09.574Z"}}, {"model": "home.kycdocument", "pk": 13, "fields": {"mlm_member": 4, "document_type": "AADHAR", "document_number": "123456901234", "document_file": "kyc_documents/2025/03/Screenshot_3.png", "status": "VERIFIED", "verified_by": 2, "verification_date": "2025-03-05T11:13:17.910Z", "rejection_reason": "", "created_at": "2025-03-05T11:12:52.189Z", "updated_at": "2025-03-05T11:13:17.910Z"}}, {"model": "home.kycdocument", "pk": 14, "fields": {"mlm_member": 4, "document_type": "PAN", "document_number": "ASHDS1238S", "document_file": "kyc_documents/2025/03/Screenshot_5.png", "status": "VERIFIED", "verified_by": 2, "verification_date": "2025-03-05T11:14:41.577Z", "rejection_reason": "", "created_at": "2025-03-05T11:14:09.206Z", "updated_at": "2025-03-05T11:14:41.577Z"}}, {"model": "home.kycdocument", "pk": 15, "fields": {"mlm_member": 4, "document_type": "BANK_STATEMENT", "document_number": "7845165422", "document_file": "kyc_documents/2025/03/Screenshot_6.png", "status": "VERIFIED", "verified_by": 2, "verification_date": "2025-03-05T11:14:50.236Z", "rejection_reason": "", "created_at": "2025-03-05T11:14:34.079Z", "updated_at": "2025-03-05T11:14:50.236Z"}}, {"model": "home.kycdocument", "pk": 16, "fields": {"mlm_member": 4, "document_type": "CANCELLED_CHEQUE", "document_number": "kjhtrfg1232", "document_file": "kyc_documents/2025/03/Screenshot_7.png", "status": "VERIFIED", "verified_by": 2, "verification_date": "2025-03-05T11:15:05.651Z", "rejection_reason": "", "created_at": "2025-03-05T11:14:54.359Z", "updated_at": "2025-03-05T11:15:05.652Z"}}, {"model": "home.kycdocument", "pk": 17, "fields": {"mlm_member": 5, "document_type": "AADHAR", "document_number": "121212121212", "document_file": "kyc_documents/2025/03/WhatsApp_Image_2025-03-04_at_12_H02HaCB.10.35_e061698f.jpg", "status": "VERIFIED", "verified_by": 2, "verification_date": "2025-03-05T11:18:16.760Z", "rejection_reason": "", "created_at": "2025-03-05T11:17:04.601Z", "updated_at": "2025-03-05T11:18:16.761Z"}}, {"model": "home.kycdocument", "pk": 18, "fields": {"mlm_member": 5, "document_type": "PAN", "document_number": "FFFFF2323F", "document_file": "kyc_documents/2025/03/WhatsApp_Image_2025-03-04_at_12_7kXJrat.10.35_e061698f.jpg", "status": "VERIFIED", "verified_by": 2, "verification_date": "2025-03-05T11:18:09.450Z", "rejection_reason": "", "created_at": "2025-03-05T11:17:15.813Z", "updated_at": "2025-03-05T11:18:09.450Z"}}, {"model": "home.kycdocument", "pk": 19, "fields": {"mlm_member": 5, "document_type": "BANK_STATEMENT", "document_number": "dsfsd", "document_file": "kyc_documents/2025/03/WhatsApp_Image_2025-03-04_at_12_at1wauG.10.35_e061698f.jpg", "status": "VERIFIED", "verified_by": 2, "verification_date": "2025-03-05T11:18:03.865Z", "rejection_reason": "", "created_at": "2025-03-05T11:17:23.786Z", "updated_at": "2025-03-05T11:18:03.865Z"}}, {"model": "home.kycdocument", "pk": 20, "fields": {"mlm_member": 5, "document_type": "CANCELLED_CHEQUE", "document_number": "sdfsdfs", "document_file": "kyc_documents/2025/03/WhatsApp_Image_2025-03-04_at_12_InSiv8J.10.35_e061698f.jpg", "status": "VERIFIED", "verified_by": 2, "verification_date": "2025-03-05T11:17:59.128Z", "rejection_reason": "", "created_at": "2025-03-05T11:17:39.155Z", "updated_at": "2025-03-05T11:17:59.128Z"}}, {"model": "home.kycdocument", "pk": 21, "fields": {"mlm_member": 6, "document_type": "AADHAR", "document_number": "165478924785", "document_file": "kyc_documents/2025/03/Screenshot_8.png", "status": "VERIFIED", "verified_by": 2, "verification_date": "2025-03-05T11:21:28.378Z", "rejection_reason": "", "created_at": "2025-03-05T11:19:05.827Z", "updated_at": "2025-03-05T11:21:28.378Z"}}, {"model": "home.kycdocument", "pk": 22, "fields": {"mlm_member": 6, "document_type": "PAN", "document_number": "SAFDS5678K", "document_file": "kyc_documents/2025/03/Screenshot_7_MR76aBP.png", "status": "VERIFIED", "verified_by": 2, "verification_date": "2025-03-05T11:21:24.040Z", "rejection_reason": "", "created_at": "2025-03-05T11:19:23.344Z", "updated_at": "2025-03-05T11:21:24.041Z"}}, {"model": "home.kycdocument", "pk": 23, "fields": {"mlm_member": 6, "document_type": "BANK_STATEMENT", "document_number": "1452635478", "document_file": "kyc_documents/2025/03/Screenshot_12.png", "status": "VERIFIED", "verified_by": 2, "verification_date": "2025-03-05T11:21:19.298Z", "rejection_reason": "", "created_at": "2025-03-05T11:19:34.511Z", "updated_at": "2025-03-05T11:21:19.299Z"}}, {"model": "home.kycdocument", "pk": 24, "fields": {"mlm_member": 6, "document_type": "CANCELLED_CHEQUE", "document_number": "hdgfhfvkvik", "document_file": "kyc_documents/2025/03/Screenshot_20.png", "status": "VERIFIED", "verified_by": 2, "verification_date": "2025-03-05T11:21:13.897Z", "rejection_reason": "", "created_at": "2025-03-05T11:19:51.250Z", "updated_at": "2025-03-05T11:21:13.897Z"}}, {"model": "home.kycdocument", "pk": 25, "fields": {"mlm_member": 8, "document_type": "AADHAR", "document_number": "332211221122", "document_file": "kyc_documents/2025/03/WhatsApp_Image_2025-03-04_at_12_FwXSHNd.10.35_e061698f.jpg", "status": "PENDING", "verified_by": null, "verification_date": null, "rejection_reason": "", "created_at": "2025-03-05T13:34:47.686Z", "updated_at": "2025-03-05T13:34:47.686Z"}}, {"model": "home.kycdocument", "pk": 26, "fields": {"mlm_member": 8, "document_type": "PAN", "document_number": "ANJOA1221C", "document_file": "kyc_documents/2025/03/WhatsApp_Image_2025-03-04_at_12_PvhGcIy.10.35_e061698f.jpg", "status": "PENDING", "verified_by": null, "verification_date": null, "rejection_reason": "", "created_at": "2025-03-05T13:34:47.690Z", "updated_at": "2025-03-05T13:34:47.690Z"}}, {"model": "home.kycdocument", "pk": 27, "fields": {"mlm_member": 8, "document_type": "BANK_STATEMENT", "document_number": "", "document_file": "kyc_documents/2025/03/WhatsApp_Image_2025-03-03_at_16_WIpd6RA.36.39_e3d0a50e.jpg", "status": "PENDING", "verified_by": null, "verification_date": null, "rejection_reason": "", "created_at": "2025-03-05T13:34:47.693Z", "updated_at": "2025-03-05T13:34:47.694Z"}}, {"model": "home.kycdocument", "pk": 28, "fields": {"mlm_member": 8, "document_type": "CANCELLED_CHEQUE", "document_number": "", "document_file": "kyc_documents/2025/03/WhatsApp_Image_2025-03-04_at_12_2YsthZr.10.35_e061698f.jpg", "status": "PENDING", "verified_by": null, "verification_date": null, "rejection_reason": "", "created_at": "2025-03-05T13:34:47.695Z", "updated_at": "2025-03-05T13:34:47.695Z"}}, {"model": "home.bankdetails", "pk": 1, "fields": {"mlm_member": 3, "account_holder_name": "Asdfsa", "account_number": "1234123412341234", "ifsc_code": "XCVDSZ", "bank_name": "xczv", "branch_name": "sdxvdsz", "is_verified": false, "verification_date": null, "verified_by": null, "created_at": "2025-03-05T13:36:46.820Z", "updated_at": "2025-03-05T14:01:05.599Z"}}, {"model": "home.commission", "pk": 1, "fields": {"member": 1, "from_member": 2, "order": 3, "amount": "1000.00", "date": "2025-03-05T10:45:19.211Z", "is_paid": true, "payment_date": "2025-03-05T10:45:19.211Z", "level": 1, "is_first_purchase_bonus": false, "is_reversed": false, "reversed_at": null, "commission_type": "BONUS", "details": {"bonus_type": "first_payment", "payment_amount": 6048.0, "quota_requirement": 5000.0}, "calculation_month": null}}, {"model": "home.commission", "pk": 2, "fields": {"member": 2, "from_member": 3, "order": 5, "amount": "1000.00", "date": "2025-03-05T10:53:58.398Z", "is_paid": true, "payment_date": "2025-03-05T10:53:58.397Z", "level": 1, "is_first_purchase_bonus": false, "is_reversed": false, "reversed_at": null, "commission_type": "BONUS", "details": {"bonus_type": "first_payment", "payment_amount": 7840.0, "quota_requirement": 5000.0}, "calculation_month": null}}, {"model": "home.commission", "pk": 3, "fields": {"member": 3, "from_member": 4, "order": 6, "amount": "1000.00", "date": "2025-03-05T11:17:22.441Z", "is_paid": true, "payment_date": "2025-03-05T11:17:22.441Z", "level": 1, "is_first_purchase_bonus": false, "is_reversed": false, "reversed_at": null, "commission_type": "BONUS", "details": {"bonus_type": "first_payment", "payment_amount": 7168.0, "quota_requirement": 5000.0}, "calculation_month": null}}, {"model": "home.commission", "pk": 4, "fields": {"member": 4, "from_member": 5, "order": 7, "amount": "1000.00", "date": "2025-03-05T11:20:20.498Z", "is_paid": true, "payment_date": "2025-03-05T11:20:20.497Z", "level": 1, "is_first_purchase_bonus": false, "is_reversed": false, "reversed_at": null, "commission_type": "BONUS", "details": {"bonus_type": "first_payment", "payment_amount": 10080.0, "quota_requirement": 5000.0}, "calculation_month": null}}, {"model": "home.commission", "pk": 5, "fields": {"member": 4, "from_member": 6, "order": 8, "amount": "1000.00", "date": "2025-03-05T11:22:48.108Z", "is_paid": true, "payment_date": "2025-03-05T11:22:48.108Z", "level": 1, "is_first_purchase_bonus": false, "is_reversed": true, "reversed_at": "2025-03-05T12:04:36.387Z", "commission_type": "BONUS", "details": {"bonus_type": "first_payment", "payment_amount": 10080.0, "quota_requirement": 5000.0}, "calculation_month": null}}, {"model": "home.homeslider", "pk": 7, "fields": {"title": "kkk", "desktop_image": "slider/desktop/Shilajit_Resin.png", "mobile_image": "slider/mobile/Shilajit_Resin.png", "link": "https://herbalpower.trygon.tech/", "order": 1, "is_active": true, "created_at": "2025-03-08T12:36:27.817Z", "updated_at": "2025-03-08T12:36:27.817Z"}}, {"model": "home.homeslider", "pk": 8, "fields": {"title": "mmm", "desktop_image": "slider/desktop/Cardio_Power.png", "mobile_image": "slider/mobile/Cardio_Power.png", "link": "https://herbalpower.trygon.tech/", "order": 2, "is_active": true, "created_at": "2025-03-08T12:37:05.299Z", "updated_at": "2025-03-08T12:37:05.299Z"}}, {"model": "home.homeslider", "pk": 9, "fields": {"title": "hhh", "desktop_image": "slider/desktop/Nutra_Strong.png", "mobile_image": "slider/mobile/Nutra_Strong.png", "link": "https://herbalpower.trygon.tech/", "order": 3, "is_active": true, "created_at": "2025-03-08T12:37:45.114Z", "updated_at": "2025-03-08T12:37:45.114Z"}}, {"model": "home.homeslider", "pk": 10, "fields": {"title": "ooo", "desktop_image": "slider/desktop/Your_Health_Our_Passion.png", "mobile_image": "slider/mobile/Your_Health_Our_Passion.png", "link": "https://herbalpower.trygon.tech/", "order": 4, "is_active": true, "created_at": "2025-03-08T12:38:18.061Z", "updated_at": "2025-03-08T12:38:18.061Z"}}, {"model": "home.homeslider", "pk": 12, "fields": {"title": "kkkhhhn", "desktop_image": "slider/desktop/WhatsApp_Image_2025-03-10_at_12.49.54_7356b65c.jpg", "mobile_image": "slider/mobile/WhatsApp_Image_2025-03-10_at_12.49.54_7356b65c.jpg", "link": "https://herbalpower.trygon.tech/", "order": 5, "is_active": true, "created_at": "2025-03-10T08:24:25.845Z", "updated_at": "2025-03-10T08:24:25.845Z"}}, {"model": "home.custompage", "pk": 1, "fields": {"title": "privacy policy", "slug": "privacy-policy", "content": "<p class=\"MsoNormal\" style=\"text-align: justify;\"><strong><span style=\"mso-ansi-language: EN-IN;\">Personal Information</span></strong></p>\n<p class=\"MsoNormal\" style=\"text-align: justify;\"><span style=\"mso-ansi-language: EN-IN;\">Herbal Power Marketing Private Limited is a company incorporated and registered under the provisions of the Companies Act, 2013 and has its registered office at 2A/3 Front Side Kundan Mansion, Asaf Ali Road, Ajmeri Gate Extension, Central Delhi, Delhi-110002, India. Herbal Power Marketing Private Limited is the owner of the brand Herbal Power and the website of herbalpowerindia.com (&ldquo;Website&rdquo;). This Privacy Policy outlines Herbal Power Marketing Private Limited&rsquo;s approach to data protection and privacy to fulfil its obligation under the applicable laws and regulations.</span></p>\n<p class=\"MsoNormal\" style=\"text-align: justify;\"><span style=\"mso-ansi-language: EN-IN;\">Throughout this document, &lsquo;we&rsquo;, &lsquo;us&rsquo;, &lsquo;our&rsquo;, &lsquo;ours&rsquo; refers to Herbal Power Marketing Private Limited. Wherever we have said &lsquo;you&rsquo; or &lsquo;your&rsquo;, this means YOU.</span></p>\n<p class=\"MsoNormal\" style=\"text-align: justify;\"><span style=\"mso-ansi-language: EN-IN;\">We are committed to treating data privacy seriously. This Privacy Policy provides the necessary details about how your data is collected and used by us on the Website. As a visitor/ customer to the Website, you are advised to please read the Privacy Policy carefully. By accessing the services provided by us on the Website, you agree to the collection and use of your data by us in the manner provided for under this Privacy Policy.</span></p>\n<p class=\"MsoNormal\" style=\"text-align: justify;\"><strong><span style=\"mso-ansi-language: EN-IN;\">Personal information gathered by us</span></strong></p>\n<p class=\"MsoNormal\" style=\"text-align: justify;\"><span style=\"mso-ansi-language: EN-IN;\">As part of your registration process on our Website, we may collect the following information which is personally identifiable to you, including, without limitation, your name including first and last name, email address, mobile phone number, contact details, username along with password you have created for setting up your account on the Website, your date of birth, age, gender, residential address, shipping address, postal code, information about the pages that you visited/ accessed on the Website, the links you clicked on the Website, the number of times you visited/ accessed a particular page on the Website and any such browsing information etc. We might receive certain information about you from other sources, such as updated delivery status and the shipping address information provided by you to our carriers, which we shall use to correct our records so as to enable us to deliver your next purchase more easily.</span></p>\n<p class=\"MsoNormal\" style=\"text-align: justify;\"><span style=\"mso-ansi-language: EN-IN;\">You can choose not to share your personal information with us, but then you might not be able to use and access all the services provided by us on the Website. We use your personal information that you provided for opening your account with us, without limitation, for processing your transactions, responding to your requests and/ or queries and for communicating with you.</span></p>\n<p class=\"MsoNormal\" style=\"text-align: justify;\"><strong><span style=\"mso-ansi-language: EN-IN;\">Why do we collect your personal information</span></strong></p>\n<p class=\"MsoNormal\" style=\"text-align: justify;\"><span style=\"mso-ansi-language: EN-IN;\">We will collect personally identifiable information about you as part of a voluntary registration process or through an online survey or through any combination thereof. The information that we learn and gather from you, personal or otherwise, is used for registering you on our Website, verifying your identity so as to permit you to use the Website, for undertaking transactions to facilitate the process of your payment on the Website, to communicate with you, to convey any of our promotional offers to you, to communicate and update you with regards to our products and services as well as for maintaining your account with us.</span></p>\n<p class=\"MsoNormal\" style=\"text-align: justify;\"><span style=\"mso-ansi-language: EN-IN;\">We use your information to operate, provide, develop and improve our products and services. Without limitation, these purposes include:</span></p>\n<ol style=\"margin-top: 0cm; text-align: justify;\" start=\"1\" type=\"1\">\n<li class=\"MsoNormal\" style=\"mso-list: l2 level1 lfo1; tab-stops: list 36.0pt;\"><span style=\"mso-ansi-language: EN-IN;\">We use your information to accept, handle and process your orders, deliver the product/s you ordered, process payments for the order placed by you on our website, to communicate with you regarding the status of your order and for providing you with promotional offers.</span></li>\n<li class=\"MsoNormal\" style=\"mso-list: l2 level1 lfo1; tab-stops: list 36.0pt;\"><span style=\"mso-ansi-language: EN-IN;\">We use your personal information to provide functionality as well as to analyse the performance of our website so as to fix any errors and further, to improve the user ability as well as the effectiveness of our website.</span></li>\n<li class=\"MsoNormal\" style=\"mso-list: l2 level1 lfo1; tab-stops: list 36.0pt;\"><span style=\"mso-ansi-language: EN-IN;\">We use your personal information to recommend certain promotions and products that might be of your interest. Further, we use your personal information to identify your preferences and to personalize your experience on the Website.</span></li>\n<li class=\"MsoNormal\" style=\"mso-list: l2 level1 lfo1; tab-stops: list 36.0pt;\"><span style=\"mso-ansi-language: EN-IN;\">We use your personal information to communicate with you via different channels e.g. phone, e-mail or chat, in relation to your use of our website i.e. your orders placed, queries raised, to recommend certain promotional offers being run on our products etc.</span></li>\n<li class=\"MsoNormal\" style=\"mso-list: l2 level1 lfo1; tab-stops: list 36.0pt;\"><span style=\"mso-ansi-language: EN-IN;\">We use your personal information to display interest-based advertisements that might be of interest to you, with regards to certain of our products as provided for on our website.</span></li>\n</ol>\n<p class=\"MsoNormal\" style=\"text-align: justify;\"><strong><span style=\"mso-ansi-language: EN-IN;\">Manner of collection of information</span></strong></p>\n<p class=\"MsoNormal\" style=\"text-align: justify;\"><span style=\"mso-ansi-language: EN-IN;\">We receive and store information whenever you interact with us through the Website or from other sources e.g. updated delivery status and address information provided by you to our carriers. When you browse, access or use the Website, our servers may collect information, directly or indirectly, regarding your activities on our website by way of either cookies or permissions or other trackers.</span></p>\n<p class=\"MsoNormal\" style=\"text-align: justify;\"><span style=\"mso-ansi-language: EN-IN;\">Our website may contain links to other third-party websites, for which we are not to be held responsible for the privacy practices of such third-party websites, which we do not own, manage or control. Further, some web browsers have a &ldquo;Do Not Track&rdquo; feature. This feature lets you inform the concerned website that you have visited that you do not wish to have your online activity tracked on the said website. These features are not yet uniform across all browsers. Our website is not currently set up to respond to those signals.</span></p>\n<p class=\"MsoNormal\" style=\"text-align: justify;\"><strong><span style=\"mso-ansi-language: EN-IN;\">Consent</span></strong></p>\n<p class=\"MsoNormal\" style=\"text-align: justify;\"><span style=\"mso-ansi-language: EN-IN;\">By using our website and/ or by providing your personal information while registering your account on our website, you consent to the collection and use of the information you disclose on our website in accordance with this Privacy Policy, including but not limited to your consent for sharing your information as per this Privacy Policy. By accessing and using the Website, you accept the terms of the Privacy Policy, Terms of Use, Shipping Policy as well as Cancellation Policy and further, consent to our use and disclosure of your personal information in any manner as described in the Privacy Policy.</span></p>\n<p class=\"MsoNormal\" style=\"text-align: justify;\"><strong><span style=\"mso-ansi-language: EN-IN;\">When your personal information may be disclosed to other parties</span></strong></p>\n<p class=\"MsoNormal\" style=\"text-align: justify;\"><span style=\"mso-ansi-language: EN-IN;\">We do not sell or share your personal information with any third party for commercial gain/ profit. We may share or be required to share your personal information, without limitation, as follows;</span></p>\n<ol style=\"margin-top: 0cm; text-align: justify;\" start=\"1\" type=\"1\">\n<li class=\"MsoNormal\" style=\"mso-list: l1 level1 lfo2; tab-stops: list 36.0pt;\"><span style=\"mso-ansi-language: EN-IN;\">with our business associates/ partners in order to deliver you the products that you have ordered from our website;</span></li>\n<li class=\"MsoNormal\" style=\"mso-list: l1 level1 lfo2; tab-stops: list 36.0pt;\"><span style=\"mso-ansi-language: EN-IN;\">with our payment gateway partner when you initiated a payment using your credit/ debit card on our website;</span></li>\n<li class=\"MsoNormal\" style=\"mso-list: l1 level1 lfo2; tab-stops: list 36.0pt;\"><span style=\"mso-ansi-language: EN-IN;\">with the concerned authorities when it is a legal obligation to do so e.g. to assist with detecting and preventing fraud;</span></li>\n<li class=\"MsoNormal\" style=\"mso-list: l1 level1 lfo2; tab-stops: list 36.0pt;\"><span style=\"mso-ansi-language: EN-IN;\">with the concerned authorities when it is a requirement in connection with regulatory reporting, litigation or asserting or defending legal rights and interests;</span></li>\n<li class=\"MsoNormal\" style=\"mso-list: l1 level1 lfo2; tab-stops: list 36.0pt;\"><span style=\"mso-ansi-language: EN-IN;\">when we have a legitimate business reason for doing so;</span></li>\n<li class=\"MsoNormal\" style=\"mso-list: l1 level1 lfo2; tab-stops: list 36.0pt;\"><span style=\"mso-ansi-language: EN-IN;\">when we want to send you information and promotional material regarding our products and services;</span></li>\n<li class=\"MsoNormal\" style=\"mso-list: l1 level1 lfo2; tab-stops: list 36.0pt;\"><span style=\"mso-ansi-language: EN-IN;\">when we have asked you for your consent to share it, and you&rsquo;ve agreed to the same; and</span></li>\n<li class=\"MsoNormal\" style=\"mso-list: l1 level1 lfo2; tab-stops: list 36.0pt;\"><span style=\"mso-ansi-language: EN-IN;\">to improve your online shopping experience with us.</span></li>\n</ol>\n<p class=\"MsoNormal\" style=\"text-align: justify;\"><strong><span style=\"mso-ansi-language: EN-IN;\">With whom your personal information will be shared</span></strong></p>\n<p class=\"MsoNormal\" style=\"text-align: justify;\"><span style=\"mso-ansi-language: EN-IN;\">We will not use your financial information for any purpose other than to complete a transaction/order that you have placed with us through our website. We do not rent, sell or share your personal information and will not disclose any of your personally identifiable information to third parties except in cases where you placed an order for our products and such information is necessary to be shared with our third-party associates&rsquo; partners so as to ensure that the said products are successfully delivered to you. We have appropriate contracts in place with our third-party partners. This means that they cannot do anything with your personal information, which is outside the scope permitted by us. Our third-party partners hold your personal information securely and retain it only for the period specified in our contract with them. Further, we may use your personal information for promotional offers, to help investigate, prevent or take action regarding unlawful and illegal activities, suspected fraud, potential threat to the safety and security of any person, violation of the Website&rsquo;s terms of use or to defend against legal claims; special circumstances such as compliance with court&rsquo;s orders, requests/ orders from legal authorities or law enforcement agencies requiring such disclosure.</span></p>\n<p class=\"MsoNormal\" style=\"text-align: justify;\"><strong><span style=\"mso-ansi-language: EN-IN;\">How do we secure and protect your personal information</span></strong></p>\n<p class=\"MsoNormal\" style=\"text-align: justify;\"><span style=\"mso-ansi-language: EN-IN;\">We are committed to protecting your personal information, which is collected, possessed and stored by us. We have in place security measures and appropriate physical, technical and managerial safeguards to protect your personal information from unauthorized access, alteration, transmission and deletion. Our servers are only accessible to certain authorized personnel and your personal information is shared with the concerned personnel on a strict need to know basis so as to complete the transaction and to provide you with the products requested by you from our website. Though we strive to maintain and safeguard the confidentiality of your personal identifiable information, transmissions made by means of the internet cannot be made absolutely secure. By using this Website, you agree that we shall have no liability for disclosure of your information due to errors in transmission or due to any unauthorized acts committed by third parties. We keep the information collected from you on our systems or with our third parties for as long as it is required for the purposes set out in this Privacy Policy and for legal and regulatory reasons. We shall take all reasonable steps to delete your personal data that is no longer required. By accessing the Website and by providing us with your information, you agree;</span></p>\n<ol style=\"margin-top: 0cm; text-align: justify;\" start=\"1\" type=\"1\">\n<li class=\"MsoNormal\" style=\"mso-list: l0 level1 lfo3; tab-stops: list 36.0pt;\"><span style=\"mso-ansi-language: EN-IN;\">that we can communicate with you electronically regarding the security, privacy and administrative issues relating to your use of our website; and</span></li>\n<li class=\"MsoNormal\" style=\"mso-list: l0 level1 lfo3; tab-stops: list 36.0pt;\"><span style=\"mso-ansi-language: EN-IN;\">that we can take adequate physical, managerial and technical safeguards to preserve the integrity and security of your data till the time you use and access our website.</span></li>\n</ol>\n<p class=\"MsoNormal\" style=\"text-align: justify;\"><span style=\"mso-ansi-language: EN-IN;\">The data collected from the customers on the Website is stored in the servers of <u>BigCommerce Pty. Ltd (\"BigCommerce\") and appropriate security measures compliant with the Information Technology Act, 2000 and the Information Technology (Reasonable Security Practices and Procedures and Sensitive Personal Data or Information) Rules, 2011 have been undertaken by BigCommerce </u>to protect the data against unauthorized access to or unauthorized alteration, disclosure, or destruction. These include internal reviews of data collection, storage, and processing practices and security measures, including appropriate encryption and physical security measures to guard against unauthorized access to systems where personal data is stored. Details on the security practices and procedures are available at the link below:</span></p>\n<p class=\"MsoNormal\" style=\"text-align: justify;\"><strong><span style=\"mso-ansi-language: EN-IN;\">Personal information</span></strong></p>\n<p class=\"MsoNormal\" style=\"text-align: justify;\"><u><span style=\"mso-ansi-language: EN-IN;\">Herbal Power Marketing Private Limited Company act-2013.</span></u></p>\n<p class=\"MsoNormal\" style=\"text-align: justify;\"><strong><span style=\"mso-ansi-language: EN-IN;\">Gathered by us: -</span></strong></p>\n<ol style=\"margin-top: 0cm; text-align: justify;\" start=\"1\" type=\"1\">\n<li class=\"MsoNormal\" style=\"mso-list: l3 level1 lfo4; tab-stops: list 36.0pt;\"><span style=\"mso-ansi-language: EN-IN;\">Your Password Setting Up your Account</span></li>\n<li class=\"MsoNormal\" style=\"mso-list: l3 level1 lfo4; tab-stops: list 36.0pt;\"><span style=\"mso-ansi-language: EN-IN;\">Your Spouse&rsquo;s Name</span></li>\n<li class=\"MsoNormal\" style=\"mso-list: l3 level1 lfo4; tab-stops: list 36.0pt;\"><span style=\"mso-ansi-language: EN-IN;\">Your Mother&rsquo;s name</span></li>\n<li class=\"MsoNormal\" style=\"mso-list: l3 level1 lfo4; tab-stops: list 36.0pt;\"><span style=\"mso-ansi-language: EN-IN;\">Your Nominees Name &amp; Details Space Column for Nominees Details</span></li>\n</ol>\n<p class=\"MsoNormal\" style=\"text-align: justify;\"><span style=\"mso-ansi-language: EN-IN;\">Personal information may we have Disclosed Business Associates.</span></p>\n<p class=\"MsoNormal\" style=\"text-align: justify;\"><strong><span style=\"mso-ansi-language: EN-IN;\">Procedure to be followed for correcting any inaccuracies in your personal information submitted to us</span></strong></p>\n<p class=\"MsoNormal\" style=\"text-align: justify;\"><span style=\"mso-ansi-language: EN-IN;\">To correct or to update any information that you have provided to us, our website allows you to do the same online itself. In the event of loss of access details.</span></p>\n<p class=\"MsoNormal\" style=\"text-align: justify;\"><strong><span style=\"mso-ansi-language: EN-IN;\">Contact us</span></strong></p>\n<p class=\"MsoNormal\" style=\"text-align: justify;\"><span style=\"mso-ansi-language: EN-IN;\">For any further queries and complaints related to privacy under the applicable laws and regulations, you could reach us at:</span></p>\n<p class=\"MsoNormal\" style=\"text-align: justify;\"><strong><span style=\"mso-ansi-language: EN-IN;\">Contact email address:&nbsp;</span></strong><span style=\"mso-ansi-language: EN-IN;\">care@herbalpowerindia.com</span></p>\n<p class=\"MsoNormal\" style=\"text-align: justify;\"><span style=\"mso-ansi-language: EN-IN;\">Phone: <strong>+91 1204177306</strong>&nbsp;</span></p>\n<p class=\"MsoNormal\" style=\"text-align: justify;\"><strong><span style=\"mso-ansi-language: EN-IN;\">Contact days:</span></strong><span style=\"mso-ansi-language: EN-IN;\">&nbsp;Monday to Saturday (11 AM to 6 PM)</span></p>\n<p class=\"MsoNormal\" style=\"text-align: justify;\"><span style=\"mso-ansi-language: EN-IN;\">In accordance with the Information and Technology Act 2000 and Rules as well as the Consumer Protection Act 2019 and Rules made thereunder, the name and contact details of the Grievance Officer are provided below:</span></p>\n<p class=\"MsoNormal\" style=\"text-align: justify;\"><strong><span style=\"mso-ansi-language: EN-IN;\">Address:&nbsp;</span></strong><span style=\"mso-ansi-language: EN-IN;\">2A/3 Front Side Kundan Mansion, Asaf Ali Road, Ajmeri Gate Extension, Central Delhi, Delhi-110002, India.</span></p>\n<p class=\"MsoNormal\" style=\"text-align: justify;\"><span style=\"mso-ansi-language: EN-IN;\">We urge you to provide a detailed description of the information, violation, objectionable content, or your complaint/grievance, to allow us to effectively resolve your request. We make our best efforts to resolve grievances within 30 days of receiving a complaint, or within the timelines stipulated under applicable law.</span></p>", "is_active": true, "show_in_footer": true, "show_in_header": false, "order": 5, "created_at": "2025-03-05T12:46:57.020Z", "updated_at": "2025-03-05T12:46:57.020Z"}}, {"model": "home.blog", "pk": 1, "fields": {"title": "Fat Loss", "slug": "fat-loss", "content": "<p class=\"MsoNormal\" style=\"mso-margin-top-alt: auto; mso-margin-bottom-alt: auto; line-height: normal;\"><strong><span style=\"font-size: 22.0pt; font-family: 'Times New Roman',serif; mso-fareast-font-family: 'Times New Roman'; mso-fareast-language: EN-IN;\">Struggling to Stay Consistent with Your Fitness Goals? We Get It!</span></strong></p>\r\n<p class=\"MsoNormal\" style=\"mso-margin-top-alt: auto; mso-margin-bottom-alt: auto; line-height: normal;\"><span style=\"font-size: 14.0pt; font-family: 'Times New Roman',serif; mso-fareast-font-family: 'Times New Roman'; mso-fareast-language: EN-IN;\">Hey there, we know how tough it can be to stick to a fitness routine. Life gets busy, motivation dips, and sometimes, it feels like no matter how hard you try, you just can&rsquo;t make progress. It&rsquo;s frustrating, right? You&rsquo;re not alone in feeling this way, and trust us&mdash;we&rsquo;ve all been there.</span></p>\r\n<p class=\"MsoNormal\" style=\"mso-margin-top-alt: auto; mso-margin-bottom-alt: auto; line-height: normal;\"><span style=\"font-size: 14.0pt; font-family: 'Times New Roman',serif; mso-fareast-font-family: 'Times New Roman'; mso-fareast-language: EN-IN;\">Fitness isn&rsquo;t a one-size-fits-all journey. Whether you&rsquo;re struggling to find time, battling exhaustion, or feeling like you&rsquo;ve hit a plateau, we totally understand. Let&rsquo;s talk about how you can get back on track and, more importantly, how to enjoy the process along the way.</span></p>\r\n<p class=\"MsoNormal\" style=\"mso-margin-top-alt: auto; mso-margin-bottom-alt: auto; line-height: normal; mso-outline-level: 3;\"><strong><span style=\"font-size: 14.0pt; font-family: 'Times New Roman',serif; mso-fareast-font-family: 'Times New Roman'; mso-fareast-language: EN-IN;\">1. We Know the \"I Don&rsquo;t Have Time\" Struggle</span></strong></p>\r\n<p class=\"MsoNormal\" style=\"mso-margin-top-alt: auto; mso-margin-bottom-alt: auto; line-height: normal;\"><span style=\"font-size: 14.0pt; font-family: 'Times New Roman',serif; mso-fareast-font-family: 'Times New Roman'; mso-fareast-language: EN-IN;\">Life&rsquo;s busy. Between work, family, social commitments, and just trying to catch your breath, finding time to work out can feel impossible. We've all been there. But here's the thing&mdash;getting in even a short workout can make a world of difference. You don&rsquo;t need to spend hours at the gym to see results. Even 20 minutes of movement a day can boost your energy, improve your mood, and set the tone for a healthier lifestyle.</span></p>\r\n<p class=\"MsoNormal\" style=\"mso-margin-top-alt: auto; mso-margin-bottom-alt: auto; line-height: normal;\"><strong><span style=\"font-size: 14.0pt; font-family: 'Times New Roman',serif; mso-fareast-font-family: 'Times New Roman'; mso-fareast-language: EN-IN;\">Pro Tip</span></strong><span style=\"font-size: 14.0pt; font-family: 'Times New Roman',serif; mso-fareast-font-family: 'Times New Roman'; mso-fareast-language: EN-IN;\">: Try breaking your workouts into smaller chunks. Maybe a 10-minute morning stretch and a 15-minute evening walk. It&rsquo;s all about consistency over perfection.</span></p>\r\n<p class=\"MsoNormal\" style=\"mso-margin-top-alt: auto; mso-margin-bottom-alt: auto; line-height: normal; mso-outline-level: 3;\"><strong><span style=\"font-size: 14.0pt; font-family: 'Times New Roman',serif; mso-fareast-font-family: 'Times New Roman'; mso-fareast-language: EN-IN;\">2. Feeling Tired All the Time? We Hear You.</span></strong></p>\r\n<p class=\"MsoNormal\" style=\"mso-margin-top-alt: auto; mso-margin-bottom-alt: auto; line-height: normal;\"><span style=\"font-size: 14.0pt; font-family: 'Times New Roman',serif; mso-fareast-font-family: 'Times New Roman'; mso-fareast-language: EN-IN;\">Sometimes, the last thing you want to do after a long day is work out. We totally get it&mdash;when you&rsquo;re drained, exercising feels like the last thing on your mind. But here&rsquo;s a little secret: exercise actually gives you more energy! Sounds counterintuitive, but moving your body can help boost your circulation, get your heart pumping, and leave you feeling more awake and alert.</span></p>\r\n<p class=\"MsoNormal\" style=\"mso-margin-top-alt: auto; mso-margin-bottom-alt: auto; line-height: normal;\"><strong><span style=\"font-size: 14.0pt; font-family: 'Times New Roman',serif; mso-fareast-font-family: 'Times New Roman'; mso-fareast-language: EN-IN;\">Pro Tip</span></strong><span style=\"font-size: 14.0pt; font-family: 'Times New Roman',serif; mso-fareast-font-family: 'Times New Roman'; mso-fareast-language: EN-IN;\">: Start with something gentle&mdash;like a walk or some light yoga. Even if it&rsquo;s just 10 minutes, it&rsquo;ll help you feel less sluggish. And who knows? You might just feel like doing more once you get started.</span></p>\r\n<p class=\"MsoNormal\" style=\"mso-margin-top-alt: auto; mso-margin-bottom-alt: auto; line-height: normal; mso-outline-level: 3;\"><strong><span style=\"font-size: 14.0pt; font-family: 'Times New Roman',serif; mso-fareast-font-family: 'Times New Roman'; mso-fareast-language: EN-IN;\">3. Not Seeing Results? That&rsquo;s Frustrating. We Know.</span></strong></p>\r\n<p class=\"MsoNormal\" style=\"mso-margin-top-alt: auto; mso-margin-bottom-alt: auto; line-height: normal;\"><span style=\"font-size: 14.0pt; font-family: 'Times New Roman',serif; mso-fareast-font-family: 'Times New Roman'; mso-fareast-language: EN-IN;\">If you&rsquo;ve been putting in the effort but don&rsquo;t feel like you&rsquo;re getting anywhere, it&rsquo;s completely normal to feel discouraged. But here&rsquo;s something important: results take time. Fitness isn&rsquo;t a quick fix&mdash;it&rsquo;s a long-term commitment to yourself and your health. Trust us, it&rsquo;ll pay off in the end.</span></p>\r\n<p class=\"MsoNormal\" style=\"mso-margin-top-alt: auto; mso-margin-bottom-alt: auto; line-height: normal;\"><span style=\"font-size: 14.0pt; font-family: 'Times New Roman',serif; mso-fareast-font-family: 'Times New Roman'; mso-fareast-language: EN-IN;\">It&rsquo;s also worth noting that progress isn't always measured by the scale or by how many pounds you&rsquo;ve lifted. Sometimes, it&rsquo;s the little things&mdash;like being able to walk up stairs without getting winded or noticing that your clothes fit a little better&mdash;that mean you&rsquo;re on the right path.</span></p>\r\n<p class=\"MsoNormal\" style=\"mso-margin-top-alt: auto; mso-margin-bottom-alt: auto; line-height: normal;\"><strong><span style=\"font-size: 14.0pt; font-family: 'Times New Roman',serif; mso-fareast-font-family: 'Times New Roman'; mso-fareast-language: EN-IN;\">Pro Tip</span></strong><span style=\"font-size: 14.0pt; font-family: 'Times New Roman',serif; mso-fareast-font-family: 'Times New Roman'; mso-fareast-language: EN-IN;\">: Celebrate the small victories, no matter how minor they may seem. They all add up to bigger wins!</span></p>\r\n<p class=\"MsoNormal\" style=\"mso-margin-top-alt: auto; mso-margin-bottom-alt: auto; line-height: normal; mso-outline-level: 3;\"><strong><span style=\"font-size: 14.0pt; font-family: 'Times New Roman',serif; mso-fareast-font-family: 'Times New Roman'; mso-fareast-language: EN-IN;\">4. Lack of Motivation? We Feel You.</span></strong></p>\r\n<p class=\"MsoNormal\" style=\"mso-margin-top-alt: auto; mso-margin-bottom-alt: auto; line-height: normal;\"><span style=\"font-size: 14.0pt; font-family: 'Times New Roman',serif; mso-fareast-font-family: 'Times New Roman'; mso-fareast-language: EN-IN;\">There&rsquo;s no denying it&mdash;staying motivated is tough. Some days, you&rsquo;re fired up and ready to crush it; other days, the couch looks a lot more appealing than the gym. And that&rsquo;s okay! Fitness isn&rsquo;t about being perfect every single day&mdash;it&rsquo;s about showing up, even when you don&rsquo;t feel like it.</span></p>\r\n<p class=\"MsoNormal\" style=\"mso-margin-top-alt: auto; mso-margin-bottom-alt: auto; line-height: normal;\"><strong><span style=\"font-size: 14.0pt; font-family: 'Times New Roman',serif; mso-fareast-font-family: 'Times New Roman'; mso-fareast-language: EN-IN;\">Pro Tip</span></strong><span style=\"font-size: 14.0pt; font-family: 'Times New Roman',serif; mso-fareast-font-family: 'Times New Roman'; mso-fareast-language: EN-IN;\">: Find a workout buddy or join a fitness class. Having someone to share the journey with can keep you motivated on the days you want to throw in the towel.</span></p>\r\n<p class=\"MsoNormal\" style=\"mso-margin-top-alt: auto; mso-margin-bottom-alt: auto; line-height: normal; mso-outline-level: 3;\"><strong><span style=\"font-size: 14.0pt; font-family: 'Times New Roman',serif; mso-fareast-font-family: 'Times New Roman'; mso-fareast-language: EN-IN;\">5. The Guilt Trap: \"I Should Be Doing More\"</span></strong></p>\r\n<p class=\"MsoNormal\" style=\"mso-margin-top-alt: auto; mso-margin-bottom-alt: auto; line-height: normal;\"><span style=\"font-size: 14.0pt; font-family: 'Times New Roman',serif; mso-fareast-font-family: 'Times New Roman'; mso-fareast-language: EN-IN;\">If you&rsquo;ve ever felt guilty for skipping a workout or indulging in that slice of cake, you&rsquo;re not alone. We all have those moments where we feel like we&rsquo;re falling behind. But here&rsquo;s the truth: fitness isn&rsquo;t about being perfect 100% of the time. It&rsquo;s about balance. If you miss a workout or enjoy a treat, that&rsquo;s okay! What matters is getting back at it the next day.</span></p>\r\n<p class=\"MsoNormal\" style=\"mso-margin-top-alt: auto; mso-margin-bottom-alt: auto; line-height: normal;\"><strong><span style=\"font-size: 14.0pt; font-family: 'Times New Roman',serif; mso-fareast-font-family: 'Times New Roman'; mso-fareast-language: EN-IN;\">Pro Tip</span></strong><span style=\"font-size: 14.0pt; font-family: 'Times New Roman',serif; mso-fareast-font-family: 'Times New Roman'; mso-fareast-language: EN-IN;\">: Be kind to yourself. Fitness isn&rsquo;t a punishment&mdash;it&rsquo;s a way to take care of your body and mind. No one&rsquo;s perfect, and that&rsquo;s what makes the journey so human.</span></p>\r\n<p class=\"MsoNormal\" style=\"mso-margin-top-alt: auto; mso-margin-bottom-alt: auto; line-height: normal; mso-outline-level: 3;\"><strong><span style=\"font-size: 14.0pt; font-family: 'Times New Roman',serif; mso-fareast-font-family: 'Times New Roman'; mso-fareast-language: EN-IN;\">Final Thoughts: You&rsquo;ve Got This!</span></strong></p>\r\n<p class=\"MsoNormal\" style=\"mso-margin-top-alt: auto; mso-margin-bottom-alt: auto; line-height: normal;\"><span style=\"font-size: 14.0pt; font-family: 'Times New Roman',serif; mso-fareast-font-family: 'Times New Roman'; mso-fareast-language: EN-IN;\">We totally understand the ups and downs that come with fitness. It&rsquo;s not always easy, but it&rsquo;s worth it. Remember, it&rsquo;s not about having a flawless routine or getting the \"perfect\" body&mdash;it&rsquo;s about making small, consistent changes that help you feel your best. Don&rsquo;t be too hard on yourself, and celebrate the progress you&rsquo;re making, no matter how small.</span></p>", "feature_image": "blogs/WhatsApp_Image_2025-03-03_at_16.36.39_367321e3.jpg", "is_active": true, "show_in_slider": true, "order": 1, "created_at": "2025-03-05T12:41:53.760Z", "updated_at": "2025-03-05T12:43:55.932Z"}}, {"model": "home.homesection", "pk": 1, "fields": {"section_type": "TRENDING", "title": "sadasfdad", "subtitle": "sadasdasdsadsadasd", "description": "<p>asdsadasdasdadasdadssdddddddddddddddddddddddddddddddddddddddddddddd</p>", "image": "home_sections/WhatsApp_Image_2025-03-01_at_15.35.55_491f7468.jpg", "is_active": true, "display_order": 1, "created_at": "2025-03-05T12:52:27.126Z", "updated_at": "2025-03-05T12:52:27.126Z"}}, {"model": "home.companyinfo", "pk": 1, "fields": {"company_name": "Your Company Name", "logo": "company/logo..png", "gst_number": "", "email": "info@yourcompany.com", "mobile_1": "+91 0000000000", "mobile_2": "11111111111", "address_line1": "Your Addressccccccccccccccccccccccccccccccccccccccccccccccccccccccccccccccccccccccccccccccccccccccccccccccccccccccccccccccc", "address_line2": "cccccccccccccccccccccccccccccccccccccccccccccccccccccccccccccccccccccccccccccccccccccccccccccccccccccccccccccccccccccccccc", "city": "Your City", "state": "Your State", "pincode": "000000", "country": "India", "facebook_link": "", "instagram_link": "", "twitter_link": "", "youtube_link": "", "footer_bg_image": "company/backgrounds/WhatsApp_Image_2025-03-11_at_13.15.27_1691946f.jpg", "testimonial_bg_image": "company/backgrounds/WhatsApp_Image_2025-03-03_at_16.36.39_e3d0a50e.jpg", "is_active": true, "created_at": "2025-03-04T18:52:55.625Z", "updated_at": "2025-03-11T09:59:06.527Z"}}, {"model": "home.testimonial", "pk": 1, "fields": {"name": "jm/vhkbjlkkbjnkm", "designation": "vbnm", "content": "jkgljh/hhikkkkkkkkkkkkkkkkkk/hhhhhhhhhhhhhhhhhhhhhhhhhhhhhhhhhhhhhhhhhhhhhhhhhhhhhhhhhhhhhhhhhhhhhhh", "image": "testimonials/WhatsApp_Image_2025-03-04_at_12.10.35_e061698f.jpg", "rating": 5, "is_active": true, "display_order": 1, "created_at": "2025-03-05T13:11:14.544Z", "updated_at": "2025-03-05T13:11:14.544Z"}}, {"model": "home.advertisement", "pk": 1, "fields": {"title": "SADASD", "image": "advertisements/ad3_BPRzCmI.png", "link": "https://herbalpower.trygon.tech/", "position": "MLM_PANEL", "is_active": true, "created_at": "2025-03-05T13:06:29.363Z", "updated_at": "2025-03-09T17:48:46.768Z"}}, {"model": "home.successstory", "pk": 1, "fields": {"title": "HJVKLHKLLJHJLH", "description": "JBLKHN;K;J;KJ;J", "youtube_link": "https://www.youtube.com/watch?v=3rMIoH0Ye_M", "thumbnail": "success_stories/WhatsApp_Image_2025-03-04_at_12.10.35_e061698f.jpg", "position": 1, "is_active": true, "created_at": "2025-03-05T13:05:06.510Z", "updated_at": "2025-03-05T13:05:06.510Z"}}, {"model": "home.customerpickreview", "pk": 1, "fields": {"title": "asdasdasda", "description": "SDadsadaDFA", "youtube_link": "https://www.youtube.com/watch?v=3rMIoH0Ye_M", "thumbnail": "customer_picks/WhatsApp_Image_2025-03-04_at_12.10.35_e061698f.jpg", "position": 1, "is_active": true, "created_at": "2025-03-05T13:04:00.123Z", "updated_at": "2025-03-05T13:04:00.123Z"}}, {"model": "home.about", "pk": 1, "fields": {"type": "MAIN", "title": "hosndkand", "content": "<p class=\"MsoTitle\"><span lang=\"EN-US\">privacy policy</span></p>\r\n<p class=\"MsoNormal\"><span lang=\"EN-US\">&nbsp;</span></p>\r\n<p class=\"MsoNormal\"><strong><span style=\"mso-ansi-language: EN-IN;\">Personal Information</span></strong></p>\r\n<p class=\"MsoNormal\"><span style=\"mso-ansi-language: EN-IN;\">Herbal Power Marketing Private Limited is a company incorporated and registered under the provisions of the Companies Act, 2013 and has its registered office at 2A/3 Front Side Kundan Mansion, Asaf Ali Road, Ajmeri Gate Extension, Central Delhi, Delhi-110002, India. Herbal Power Marketing Private Limited is the owner of the brand Herbal Power and the website of herbalpowerindia.com (&ldquo;Website&rdquo;). This Privacy Policy outlines Herbal Power Marketing Private Limited&rsquo;s approach to data protection and privacy to fulfil its obligation under the applicable laws and regulations.</span></p>\r\n<p class=\"MsoNormal\"><span style=\"mso-ansi-language: EN-IN;\">Throughout this document, &lsquo;we&rsquo;, &lsquo;us&rsquo;, &lsquo;our&rsquo;, &lsquo;ours&rsquo; refers to Herbal Power Marketing Private Limited. Wherever we have said &lsquo;you&rsquo; or &lsquo;your&rsquo;, this means YOU.</span></p>\r\n<p class=\"MsoNormal\"><span style=\"mso-ansi-language: EN-IN;\">We are committed to treating data privacy seriously. This Privacy Policy provides the necessary details about how your data is collected and used by us on the Website. As a visitor/ customer to the Website, you are advised to please read the Privacy Policy carefully. By accessing the services provided by us on the Website, you agree to the collection and use of your data by us in the manner provided for under this Privacy Policy.</span></p>\r\n<p class=\"MsoNormal\"><strong><span style=\"mso-ansi-language: EN-IN;\">Personal information gathered by us</span></strong></p>\r\n<p class=\"MsoNormal\"><span style=\"mso-ansi-language: EN-IN;\">As part of your registration process on our Website, we may collect the following information which is personally identifiable to you, including, without limitation, your name including first and last name, email address, mobile phone number, contact details, username along with password you have created for setting up your account on the Website, your date of birth, age, gender, residential address, shipping address, postal code, information about the pages that you visited/ accessed on the Website, the links you clicked on the Website, the number of times you visited/ accessed a particular page on the Website and any such browsing information etc. We might receive certain information about you from other sources, such as updated delivery status and the shipping address information provided by you to our carriers, which we shall use to correct our records so as to enable us to deliver your next purchase more easily.</span></p>\r\n<p class=\"MsoNormal\"><span style=\"mso-ansi-language: EN-IN;\">You can choose not to share your personal information with us, but then you might not be able to use and access all the services provided by us on the Website. We use your personal information that you provided for opening your account with us, without limitation, for processing your transactions, responding to your requests and/ or queries and for communicating with you.</span></p>\r\n<p class=\"MsoNormal\"><strong><span style=\"mso-ansi-language: EN-IN;\">Why do we collect your personal information</span></strong></p>\r\n<p class=\"MsoNormal\"><span style=\"mso-ansi-language: EN-IN;\">We will collect personally identifiable information about you as part of a voluntary registration process or through an online survey or through any combination thereof. The information that we learn and gather from you, personal or otherwise, is used for registering you on our Website, verifying your identity so as to permit you to use the Website, for undertaking transactions to facilitate the process of your payment on the Website, to communicate with you, to convey any of our promotional offers to you, to communicate and update you with regards to our products and services as well as for maintaining your account with us.</span></p>\r\n<p class=\"MsoNormal\"><span style=\"mso-ansi-language: EN-IN;\">We use your information to operate, provide, develop and improve our products and services. Without limitation, these purposes include:</span></p>\r\n<ol style=\"margin-top: 0cm;\" start=\"1\" type=\"1\">\r\n<li class=\"MsoNormal\" style=\"mso-list: l2 level1 lfo1; tab-stops: list 36.0pt;\"><span style=\"mso-ansi-language: EN-IN;\">We use your information to accept, handle and process your orders, deliver the product/s you ordered, process payments for the order placed by you on our website, to communicate with you regarding the status of your order and for providing you with promotional offers.</span></li>\r\n<li class=\"MsoNormal\" style=\"mso-list: l2 level1 lfo1; tab-stops: list 36.0pt;\"><span style=\"mso-ansi-language: EN-IN;\">We use your personal information to provide functionality as well as to analyse the performance of our website so as to fix any errors and further, to improve the user ability as well as the effectiveness of our website.</span></li>\r\n<li class=\"MsoNormal\" style=\"mso-list: l2 level1 lfo1; tab-stops: list 36.0pt;\"><span style=\"mso-ansi-language: EN-IN;\">We use your personal information to recommend certain promotions and products that might be of your interest. Further, we use your personal information to identify your preferences and to personalize your experience on the Website.</span></li>\r\n<li class=\"MsoNormal\" style=\"mso-list: l2 level1 lfo1; tab-stops: list 36.0pt;\"><span style=\"mso-ansi-language: EN-IN;\">We use your personal information to communicate with you via different channels e.g. phone, e-mail or chat, in relation to your use of our website i.e. your orders placed, queries raised, to recommend certain promotional offers being run on our products etc.</span></li>\r\n<li class=\"MsoNormal\" style=\"mso-list: l2 level1 lfo1; tab-stops: list 36.0pt;\"><span style=\"mso-ansi-language: EN-IN;\">We use your personal information to display interest-based advertisements that might be of interest to you, with regards to certain of our products as provided for on our website.</span></li>\r\n</ol>\r\n<p class=\"MsoNormal\"><strong><span style=\"mso-ansi-language: EN-IN;\">Manner of collection of information</span></strong></p>\r\n<p class=\"MsoNormal\"><span style=\"mso-ansi-language: EN-IN;\">We receive and store information whenever you interact with us through the Website or from other sources e.g. updated delivery status and address information provided by you to our carriers. When you browse, access or use the Website, our servers may collect information, directly or indirectly, regarding your activities on our website by way of either cookies or permissions or other trackers.</span></p>\r\n<p class=\"MsoNormal\"><span style=\"mso-ansi-language: EN-IN;\">Our website may contain links to other third-party websites, for which we are not to be held responsible for the privacy practices of such third-party websites, which we do not own, manage or control. Further, some web browsers have a &ldquo;Do Not Track&rdquo; feature. This feature lets you inform the concerned website that you have visited that you do not wish to have your online activity tracked on the said website. These features are not yet uniform across all browsers. Our website is not currently set up to respond to those signals.</span></p>\r\n<p class=\"MsoNormal\"><strong><span style=\"mso-ansi-language: EN-IN;\">Consent</span></strong></p>\r\n<p class=\"MsoNormal\"><span style=\"mso-ansi-language: EN-IN;\">By using our website and/ or by providing your personal information while registering your account on our website, you consent to the collection and use of the information you disclose on our website in accordance with this Privacy Policy, including but not limited to your consent for sharing your information as per this Privacy Policy. By accessing and using the Website, you accept the terms of the Privacy Policy, Terms of Use, Shipping Policy as well as Cancellation Policy and further, consent to our use and disclosure of your personal information in any manner as described in the Privacy Policy.</span></p>\r\n<p class=\"MsoNormal\"><strong><span style=\"mso-ansi-language: EN-IN;\">When your personal information may be disclosed to other parties</span></strong></p>\r\n<p class=\"MsoNormal\"><span style=\"mso-ansi-language: EN-IN;\">We do not sell or share your personal information with any third party for commercial gain/ profit. We may share or be required to share your personal information, without limitation, as follows;</span></p>\r\n<ol style=\"margin-top: 0cm;\" start=\"1\" type=\"1\">\r\n<li class=\"MsoNormal\" style=\"mso-list: l1 level1 lfo2; tab-stops: list 36.0pt;\"><span style=\"mso-ansi-language: EN-IN;\">with our business associates/ partners in order to deliver you the products that you have ordered from our website;</span></li>\r\n<li class=\"MsoNormal\" style=\"mso-list: l1 level1 lfo2; tab-stops: list 36.0pt;\"><span style=\"mso-ansi-language: EN-IN;\">with our payment gateway partner when you initiated a payment using your credit/ debit card on our website;</span></li>\r\n<li class=\"MsoNormal\" style=\"mso-list: l1 level1 lfo2; tab-stops: list 36.0pt;\"><span style=\"mso-ansi-language: EN-IN;\">with the concerned authorities when it is a legal obligation to do so e.g. to assist with detecting and preventing fraud;</span></li>\r\n<li class=\"MsoNormal\" style=\"mso-list: l1 level1 lfo2; tab-stops: list 36.0pt;\"><span style=\"mso-ansi-language: EN-IN;\">with the concerned authorities when it is a requirement in connection with regulatory reporting, litigation or asserting or defending legal rights and interests;</span></li>\r\n<li class=\"MsoNormal\" style=\"mso-list: l1 level1 lfo2; tab-stops: list 36.0pt;\"><span style=\"mso-ansi-language: EN-IN;\">when we have a legitimate business reason for doing so;</span></li>\r\n<li class=\"MsoNormal\" style=\"mso-list: l1 level1 lfo2; tab-stops: list 36.0pt;\"><span style=\"mso-ansi-language: EN-IN;\">when we want to send you information and promotional material regarding our products and services;</span></li>\r\n<li class=\"MsoNormal\" style=\"mso-list: l1 level1 lfo2; tab-stops: list 36.0pt;\"><span style=\"mso-ansi-language: EN-IN;\">when we have asked you for your consent to share it, and you&rsquo;ve agreed to the same; and</span></li>\r\n<li class=\"MsoNormal\" style=\"mso-list: l1 level1 lfo2; tab-stops: list 36.0pt;\"><span style=\"mso-ansi-language: EN-IN;\">to improve your online shopping experience with us.</span></li>\r\n</ol>\r\n<p class=\"MsoNormal\"><strong><span style=\"mso-ansi-language: EN-IN;\">With whom your personal information will be shared</span></strong></p>\r\n<p class=\"MsoNormal\"><span style=\"mso-ansi-language: EN-IN;\">We will not use your financial information for any purpose other than to complete a transaction/order that you have placed with us through our website. We do not rent, sell or share your personal information and will not disclose any of your personally identifiable information to third parties except in cases where you placed an order for our products and such information is necessary to be shared with our third-party associates&rsquo; partners so as to ensure that the said products are successfully delivered to you. We have appropriate contracts in place with our third-party partners. This means that they cannot do anything with your personal information, which is outside the scope permitted by us. Our third-party partners hold your personal information securely and retain it only for the period specified in our contract with them. Further, we may use your personal information for promotional offers, to help investigate, prevent or take action regarding unlawful and illegal activities, suspected fraud, potential threat to the safety and security of any person, violation of the Website&rsquo;s terms of use or to defend against legal claims; special circumstances such as compliance with court&rsquo;s orders, requests/ orders from legal authorities or law enforcement agencies requiring such disclosure.</span></p>\r\n<p class=\"MsoNormal\"><strong><span style=\"mso-ansi-language: EN-IN;\">How do we secure and protect your personal information</span></strong></p>\r\n<p class=\"MsoNormal\"><span style=\"mso-ansi-language: EN-IN;\">We are committed to protecting your personal information, which is collected, possessed and stored by us. We have in place security measures and appropriate physical, technical and managerial safeguards to protect your personal information from unauthorized access, alteration, transmission and deletion. Our servers are only accessible to certain authorized personnel and your personal information is shared with the concerned personnel on a strict need to know basis so as to complete the transaction and to provide you with the products requested by you from our website. Though we strive to maintain and safeguard the confidentiality of your personal identifiable information, transmissions made by means of the internet cannot be made absolutely secure. By using this Website, you agree that we shall have no liability for disclosure of your information due to errors in transmission or due to any unauthorized acts committed by third parties. We keep the information collected from you on our systems or with our third parties for as long as it is required for the purposes set out in this Privacy Policy and for legal and regulatory reasons. We shall take all reasonable steps to delete your personal data that is no longer required. By accessing the Website and by providing us with your information, you agree;</span></p>\r\n<ol style=\"margin-top: 0cm;\" start=\"1\" type=\"1\">\r\n<li class=\"MsoNormal\" style=\"mso-list: l0 level1 lfo3; tab-stops: list 36.0pt;\"><span style=\"mso-ansi-language: EN-IN;\">that we can communicate with you electronically regarding the security, privacy and administrative issues relating to your use of our website; and</span></li>\r\n<li class=\"MsoNormal\" style=\"mso-list: l0 level1 lfo3; tab-stops: list 36.0pt;\"><span style=\"mso-ansi-language: EN-IN;\">that we can take adequate physical, managerial and technical safeguards to preserve the integrity and security of your data till the time you use and access our website.</span></li>\r\n</ol>\r\n<p class=\"MsoNormal\"><span style=\"mso-ansi-language: EN-IN;\">The data collected from the customers on the Website is stored in the servers of <u>BigCommerce Pty. Ltd (\"BigCommerce\") and appropriate security measures compliant with the Information Technology Act, 2000 and the Information Technology (Reasonable Security Practices and Procedures and Sensitive Personal Data or Information) Rules, 2011 have been undertaken by BigCommerce </u>to protect the data against unauthorized access to or unauthorized alteration, disclosure, or destruction. These include internal reviews of data collection, storage, and processing practices and security measures, including appropriate encryption and physical security measures to guard against unauthorized access to systems where personal data is stored. Details on the security practices and procedures are available at the link below:</span></p>\r\n<p class=\"MsoNormal\"><strong><span style=\"mso-ansi-language: EN-IN;\">Personal information</span></strong></p>\r\n<p class=\"MsoNormal\"><u><span style=\"mso-ansi-language: EN-IN;\">Herbal Power Marketing Private Limited Company act-2013.</span></u></p>\r\n<p class=\"MsoNormal\"><strong><span style=\"mso-ansi-language: EN-IN;\">Gathered by us: -</span></strong></p>\r\n<ol style=\"margin-top: 0cm;\" start=\"1\" type=\"1\">\r\n<li class=\"MsoNormal\" style=\"mso-list: l3 level1 lfo4; tab-stops: list 36.0pt;\"><span style=\"mso-ansi-language: EN-IN;\">Your Password Setting Up your Account</span></li>\r\n<li class=\"MsoNormal\" style=\"mso-list: l3 level1 lfo4; tab-stops: list 36.0pt;\"><span style=\"mso-ansi-language: EN-IN;\">Your Spouse&rsquo;s Name</span></li>\r\n<li class=\"MsoNormal\" style=\"mso-list: l3 level1 lfo4; tab-stops: list 36.0pt;\"><span style=\"mso-ansi-language: EN-IN;\">Your Mother&rsquo;s name</span></li>\r\n<li class=\"MsoNormal\" style=\"mso-list: l3 level1 lfo4; tab-stops: list 36.0pt;\"><span style=\"mso-ansi-language: EN-IN;\">Your Nominees Name &amp; Details Space Column for Nominees Details</span></li>\r\n</ol>\r\n<p class=\"MsoNormal\"><span style=\"mso-ansi-language: EN-IN;\">Personal information may we have Disclosed Business Associates.</span></p>\r\n<p class=\"MsoNormal\"><strong><span style=\"mso-ansi-language: EN-IN;\">Procedure to be followed for correcting any inaccuracies in your personal information submitted to us</span></strong></p>\r\n<p class=\"MsoNormal\"><span style=\"mso-ansi-language: EN-IN;\">To correct or to update any information that you have provided to us, our website allows you to do the same online itself. In the event of loss of access details.</span></p>\r\n<p class=\"MsoNormal\"><strong><span style=\"mso-ansi-language: EN-IN;\">Contact us</span></strong></p>\r\n<p class=\"MsoNormal\"><span style=\"mso-ansi-language: EN-IN;\">For any further queries and complaints related to privacy under the applicable laws and regulations, you could reach us at:</span></p>\r\n<p class=\"MsoNormal\"><strong><span style=\"mso-ansi-language: EN-IN;\">Contact email address:&nbsp;</span></strong><span style=\"mso-ansi-language: EN-IN;\">care@herbalpowerindia.com</span></p>\r\n<p class=\"MsoNormal\"><span style=\"mso-ansi-language: EN-IN;\">Phone: <strong>+91 1204177306</strong>&nbsp;</span></p>\r\n<p class=\"MsoNormal\"><strong><span style=\"mso-ansi-language: EN-IN;\">Contact days:</span></strong><span style=\"mso-ansi-language: EN-IN;\">&nbsp;Monday to Saturday (11 AM to 6 PM)</span></p>\r\n<p class=\"MsoNormal\"><span style=\"mso-ansi-language: EN-IN;\">In accordance with the Information and Technology Act 2000 and Rules as well as the Consumer Protection Act 2019 and Rules made thereunder, the name and contact details of the Grievance Officer are provided below:</span></p>\r\n<p class=\"MsoNormal\"><strong><span style=\"mso-ansi-language: EN-IN;\">Address:&nbsp;</span></strong><span style=\"mso-ansi-language: EN-IN;\">2A/3 Front Side Kundan Mansion, Asaf Ali Road, Ajmeri Gate Extension, Central Delhi, Delhi-110002, India.</span></p>\r\n<p class=\"MsoNormal\"><span style=\"mso-ansi-language: EN-IN;\">We urge you to provide a detailed description of the information, violation, objectionable content, or your complaint/grievance, to allow us to effectively resolve your request. We make our best efforts to resolve grievances within 30 days of receiving a complaint, or within the timelines stipulated under applicable law.</span></p>", "feature_content": "", "left_image": "about/nature-oak-tree-forest-wallpaper-preview_mhJBq7F.jpg", "vision_description": "<p class=\"MsoTitle\"><span lang=\"EN-US\">privacy policy</span></p>\r\n<p class=\"MsoNormal\"><span lang=\"EN-US\">&nbsp;</span></p>\r\n<p class=\"MsoNormal\"><strong><span style=\"mso-ansi-language: EN-IN;\">Personal Information</span></strong></p>\r\n<p class=\"MsoNormal\"><span style=\"mso-ansi-language: EN-IN;\">Herbal Power Marketing Private Limited is a company incorporated and registered under the provisions of the Companies Act, 2013 and has its registered office at 2A/3 Front Side Kundan Mansion, Asaf Ali Road, Ajmeri Gate Extension, Central Delhi, Delhi-110002, India. Herbal Power Marketing Private Limited is the owner of the brand Herbal Power and the website of herbalpowerindia.com (&ldquo;Website&rdquo;). This Privacy Policy outlines Herbal Power Marketing Private Limited&rsquo;s approach to data protection and privacy to fulfil its obligation under the applicable laws and regulations.</span></p>\r\n<p class=\"MsoNormal\"><span style=\"mso-ansi-language: EN-IN;\">Throughout this document, &lsquo;we&rsquo;, &lsquo;us&rsquo;, &lsquo;our&rsquo;, &lsquo;ours&rsquo; refers to Herbal Power Marketing Private Limited. Wherever we have said &lsquo;you&rsquo; or &lsquo;your&rsquo;, this means YOU.</span></p>\r\n<p class=\"MsoNormal\"><span style=\"mso-ansi-language: EN-IN;\">We are committed to treating data privacy seriously. This Privacy Policy provides the necessary details about how your data is collected and used by us on the Website. As a visitor/ customer to the Website, you are advised to please read the Privacy Policy carefully. By accessing the services provided by us on the Website, you agree to the collection and use of your data by us in the manner provided for under this Privacy Policy.</span></p>\r\n<p class=\"MsoNormal\"><strong><span style=\"mso-ansi-language: EN-IN;\">Personal information gathered by us</span></strong></p>\r\n<p class=\"MsoNormal\"><span style=\"mso-ansi-language: EN-IN;\">As part of your registration process on our Website, we may collect the following information which is personally identifiable to you, including, without limitation, your name including first and last name, email address, mobile phone number, contact details, username along with password you have created for setting up your account on the Website, your date of birth, age, gender, residential address, shipping address, postal code, information about the pages that you visited/ accessed on the Website, the links you clicked on the Website, the number of times you visited/ accessed a particular page on the Website and any such browsing information etc. We might receive certain information about you from other sources, such as updated delivery status and the shipping address information provided by you to our carriers, which we shall use to correct our records so as to enable us to deliver your next purchase more easily.</span></p>\r\n<p class=\"MsoNormal\"><span style=\"mso-ansi-language: EN-IN;\">You can choose not to share your personal information with us, but then you might not be able to use and access all the services provided by us on the Website. We use your personal information that you provided for opening your account with us, without limitation, for processing your transactions, responding to your requests and/ or queries and for communicating with you.</span></p>\r\n<p class=\"MsoNormal\"><strong><span style=\"mso-ansi-language: EN-IN;\">Why do we collect your personal information</span></strong></p>\r\n<p class=\"MsoNormal\"><span style=\"mso-ansi-language: EN-IN;\">We will collect personally identifiable information about you as part of a voluntary registration process or through an online survey or through any combination thereof. The information that we learn and gather from you, personal or otherwise, is used for registering you on our Website, verifying your identity so as to permit you to use the Website, for undertaking transactions to facilitate the process of your payment on the Website, to communicate with you, to convey any of our promotional offers to you, to communicate and update you with regards to our products and services as well as for maintaining your account with us.</span></p>\r\n<p class=\"MsoNormal\"><span style=\"mso-ansi-language: EN-IN;\">We use your information to operate, provide, develop and improve our products and services. Without limitation, these purposes include:</span></p>\r\n<ol style=\"margin-top: 0cm;\" start=\"1\" type=\"1\">\r\n<li class=\"MsoNormal\" style=\"mso-list: l2 level1 lfo1; tab-stops: list 36.0pt;\"><span style=\"mso-ansi-language: EN-IN;\">We use your information to accept, handle and process your orders, deliver the product/s you ordered, process payments for the order placed by you on our website, to communicate with you regarding the status of your order and for providing you with promotional offers.</span></li>\r\n<li class=\"MsoNormal\" style=\"mso-list: l2 level1 lfo1; tab-stops: list 36.0pt;\"><span style=\"mso-ansi-language: EN-IN;\">We use your personal information to provide functionality as well as to analyse the performance of our website so as to fix any errors and further, to improve the user ability as well as the effectiveness of our website.</span></li>\r\n<li class=\"MsoNormal\" style=\"mso-list: l2 level1 lfo1; tab-stops: list 36.0pt;\"><span style=\"mso-ansi-language: EN-IN;\">We use your personal information to recommend certain promotions and products that might be of your interest. Further, we use your personal information to identify your preferences and to personalize your experience on the Website.</span></li>\r\n<li class=\"MsoNormal\" style=\"mso-list: l2 level1 lfo1; tab-stops: list 36.0pt;\"><span style=\"mso-ansi-language: EN-IN;\">We use your personal information to communicate with you via different channels e.g. phone, e-mail or chat, in relation to your use of our website i.e. your orders placed, queries raised, to recommend certain promotional offers being run on our products etc.</span></li>\r\n<li class=\"MsoNormal\" style=\"mso-list: l2 level1 lfo1; tab-stops: list 36.0pt;\"><span style=\"mso-ansi-language: EN-IN;\">We use your personal information to display interest-based advertisements that might be of interest to you, with regards to certain of our products as provided for on our website.</span></li>\r\n</ol>\r\n<p class=\"MsoNormal\"><strong><span style=\"mso-ansi-language: EN-IN;\">Manner of collection of information</span></strong></p>\r\n<p class=\"MsoNormal\"><span style=\"mso-ansi-language: EN-IN;\">We receive and store information whenever you interact with us through the Website or from other sources e.g. updated delivery status and address information provided by you to our carriers. When you browse, access or use the Website, our servers may collect information, directly or indirectly, regarding your activities on our website by way of either cookies or permissions or other trackers.</span></p>\r\n<p class=\"MsoNormal\"><span style=\"mso-ansi-language: EN-IN;\">Our website may contain links to other third-party websites, for which we are not to be held responsible for the privacy practices of such third-party websites, which we do not own, manage or control. Further, some web browsers have a &ldquo;Do Not Track&rdquo; feature. This feature lets you inform the concerned website that you have visited that you do not wish to have your online activity tracked on the said website. These features are not yet uniform across all browsers. Our website is not currently set up to respond to those signals.</span></p>\r\n<p class=\"MsoNormal\"><strong><span style=\"mso-ansi-language: EN-IN;\">Consent</span></strong></p>\r\n<p class=\"MsoNormal\"><span style=\"mso-ansi-language: EN-IN;\">By using our website and/ or by providing your personal information while registering your account on our website, you consent to the collection and use of the information you disclose on our website in accordance with this Privacy Policy, including but not limited to your consent for sharing your information as per this Privacy Policy. By accessing and using the Website, you accept the terms of the Privacy Policy, Terms of Use, Shipping Policy as well as Cancellation Policy and further, consent to our use and disclosure of your personal information in any manner as described in the Privacy Policy.</span></p>\r\n<p class=\"MsoNormal\"><strong><span style=\"mso-ansi-language: EN-IN;\">When your personal information may be disclosed to other parties</span></strong></p>\r\n<p class=\"MsoNormal\"><span style=\"mso-ansi-language: EN-IN;\">We do not sell or share your personal information with any third party for commercial gain/ profit. We may share or be required to share your personal information, without limitation, as follows;</span></p>\r\n<ol style=\"margin-top: 0cm;\" start=\"1\" type=\"1\">\r\n<li class=\"MsoNormal\" style=\"mso-list: l1 level1 lfo2; tab-stops: list 36.0pt;\"><span style=\"mso-ansi-language: EN-IN;\">with our business associates/ partners in order to deliver you the products that you have ordered from our website;</span></li>\r\n<li class=\"MsoNormal\" style=\"mso-list: l1 level1 lfo2; tab-stops: list 36.0pt;\"><span style=\"mso-ansi-language: EN-IN;\">with our payment gateway partner when you initiated a payment using your credit/ debit card on our website;</span></li>\r\n<li class=\"MsoNormal\" style=\"mso-list: l1 level1 lfo2; tab-stops: list 36.0pt;\"><span style=\"mso-ansi-language: EN-IN;\">with the concerned authorities when it is a legal obligation to do so e.g. to assist with detecting and preventing fraud;</span></li>\r\n<li class=\"MsoNormal\" style=\"mso-list: l1 level1 lfo2; tab-stops: list 36.0pt;\"><span style=\"mso-ansi-language: EN-IN;\">with the concerned authorities when it is a requirement in connection with regulatory reporting, litigation or asserting or defending legal rights and interests;</span></li>\r\n<li class=\"MsoNormal\" style=\"mso-list: l1 level1 lfo2; tab-stops: list 36.0pt;\"><span style=\"mso-ansi-language: EN-IN;\">when we have a legitimate business reason for doing so;</span></li>\r\n<li class=\"MsoNormal\" style=\"mso-list: l1 level1 lfo2; tab-stops: list 36.0pt;\"><span style=\"mso-ansi-language: EN-IN;\">when we want to send you information and promotional material regarding our products and services;</span></li>\r\n<li class=\"MsoNormal\" style=\"mso-list: l1 level1 lfo2; tab-stops: list 36.0pt;\"><span style=\"mso-ansi-language: EN-IN;\">when we have asked you for your consent to share it, and you&rsquo;ve agreed to the same; and</span></li>\r\n<li class=\"MsoNormal\" style=\"mso-list: l1 level1 lfo2; tab-stops: list 36.0pt;\"><span style=\"mso-ansi-language: EN-IN;\">to improve your online shopping experience with us.</span></li>\r\n</ol>\r\n<p class=\"MsoNormal\"><strong><span style=\"mso-ansi-language: EN-IN;\">With whom your personal information will be shared</span></strong></p>\r\n<p class=\"MsoNormal\"><span style=\"mso-ansi-language: EN-IN;\">We will not use your financial information for any purpose other than to complete a transaction/order that you have placed with us through our website. We do not rent, sell or share your personal information and will not disclose any of your personally identifiable information to third parties except in cases where you placed an order for our products and such information is necessary to be shared with our third-party associates&rsquo; partners so as to ensure that the said products are successfully delivered to you. We have appropriate contracts in place with our third-party partners. This means that they cannot do anything with your personal information, which is outside the scope permitted by us. Our third-party partners hold your personal information securely and retain it only for the period specified in our contract with them. Further, we may use your personal information for promotional offers, to help investigate, prevent or take action regarding unlawful and illegal activities, suspected fraud, potential threat to the safety and security of any person, violation of the Website&rsquo;s terms of use or to defend against legal claims; special circumstances such as compliance with court&rsquo;s orders, requests/ orders from legal authorities or law enforcement agencies requiring such disclosure.</span></p>\r\n<p class=\"MsoNormal\"><strong><span style=\"mso-ansi-language: EN-IN;\">How do we secure and protect your personal information</span></strong></p>\r\n<p class=\"MsoNormal\"><span style=\"mso-ansi-language: EN-IN;\">We are committed to protecting your personal information, which is collected, possessed and stored by us. We have in place security measures and appropriate physical, technical and managerial safeguards to protect your personal information from unauthorized access, alteration, transmission and deletion. Our servers are only accessible to certain authorized personnel and your personal information is shared with the concerned personnel on a strict need to know basis so as to complete the transaction and to provide you with the products requested by you from our website. Though we strive to maintain and safeguard the confidentiality of your personal identifiable information, transmissions made by means of the internet cannot be made absolutely secure. By using this Website, you agree that we shall have no liability for disclosure of your information due to errors in transmission or due to any unauthorized acts committed by third parties. We keep the information collected from you on our systems or with our third parties for as long as it is required for the purposes set out in this Privacy Policy and for legal and regulatory reasons. We shall take all reasonable steps to delete your personal data that is no longer required. By accessing the Website and by providing us with your information, you agree;</span></p>\r\n<ol style=\"margin-top: 0cm;\" start=\"1\" type=\"1\">\r\n<li class=\"MsoNormal\" style=\"mso-list: l0 level1 lfo3; tab-stops: list 36.0pt;\"><span style=\"mso-ansi-language: EN-IN;\">that we can communicate with you electronically regarding the security, privacy and administrative issues relating to your use of our website; and</span></li>\r\n<li class=\"MsoNormal\" style=\"mso-list: l0 level1 lfo3; tab-stops: list 36.0pt;\"><span style=\"mso-ansi-language: EN-IN;\">that we can take adequate physical, managerial and technical safeguards to preserve the integrity and security of your data till the time you use and access our website.</span></li>\r\n</ol>\r\n<p class=\"MsoNormal\"><span style=\"mso-ansi-language: EN-IN;\">The data collected from the customers on the Website is stored in the servers of <u>BigCommerce Pty. Ltd (\"BigCommerce\") and appropriate security measures compliant with the Information Technology Act, 2000 and the Information Technology (Reasonable Security Practices and Procedures and Sensitive Personal Data or Information) Rules, 2011 have been undertaken by BigCommerce </u>to protect the data against unauthorized access to or unauthorized alteration, disclosure, or destruction. These include internal reviews of data collection, storage, and processing practices and security measures, including appropriate encryption and physical security measures to guard against unauthorized access to systems where personal data is stored. Details on the security practices and procedures are available at the link below:</span></p>\r\n<p class=\"MsoNormal\"><strong><span style=\"mso-ansi-language: EN-IN;\">Personal information</span></strong></p>\r\n<p class=\"MsoNormal\"><u><span style=\"mso-ansi-language: EN-IN;\">Herbal Power Marketing Private Limited Company act-2013.</span></u></p>\r\n<p class=\"MsoNormal\"><strong><span style=\"mso-ansi-language: EN-IN;\">Gathered by us: -</span></strong></p>\r\n<ol style=\"margin-top: 0cm;\" start=\"1\" type=\"1\">\r\n<li class=\"MsoNormal\" style=\"mso-list: l3 level1 lfo4; tab-stops: list 36.0pt;\"><span style=\"mso-ansi-language: EN-IN;\">Your Password Setting Up your Account</span></li>\r\n<li class=\"MsoNormal\" style=\"mso-list: l3 level1 lfo4; tab-stops: list 36.0pt;\"><span style=\"mso-ansi-language: EN-IN;\">Your Spouse&rsquo;s Name</span></li>\r\n<li class=\"MsoNormal\" style=\"mso-list: l3 level1 lfo4; tab-stops: list 36.0pt;\"><span style=\"mso-ansi-language: EN-IN;\">Your Mother&rsquo;s name</span></li>\r\n<li class=\"MsoNormal\" style=\"mso-list: l3 level1 lfo4; tab-stops: list 36.0pt;\"><span style=\"mso-ansi-language: EN-IN;\">Your Nominees Name &amp; Details Space Column for Nominees Details</span></li>\r\n</ol>\r\n<p class=\"MsoNormal\"><span style=\"mso-ansi-language: EN-IN;\">Personal information may we have Disclosed Business Associates.</span></p>\r\n<p class=\"MsoNormal\"><strong><span style=\"mso-ansi-language: EN-IN;\">Procedure to be followed for correcting any inaccuracies in your personal information submitted to us</span></strong></p>\r\n<p class=\"MsoNormal\"><span style=\"mso-ansi-language: EN-IN;\">To correct or to update any information that you have provided to us, our website allows you to do the same online itself. In the event of loss of access details.</span></p>\r\n<p class=\"MsoNormal\"><strong><span style=\"mso-ansi-language: EN-IN;\">Contact us</span></strong></p>\r\n<p class=\"MsoNormal\"><span style=\"mso-ansi-language: EN-IN;\">For any further queries and complaints related to privacy under the applicable laws and regulations, you could reach us at:</span></p>\r\n<p class=\"MsoNormal\"><strong><span style=\"mso-ansi-language: EN-IN;\">Contact email address:&nbsp;</span></strong><span style=\"mso-ansi-language: EN-IN;\">care@herbalpowerindia.com</span></p>\r\n<p class=\"MsoNormal\"><span style=\"mso-ansi-language: EN-IN;\">Phone: <strong>+91 1204177306</strong>&nbsp;</span></p>\r\n<p class=\"MsoNormal\"><strong><span style=\"mso-ansi-language: EN-IN;\">Contact days:</span></strong><span style=\"mso-ansi-language: EN-IN;\">&nbsp;Monday to Saturday (11 AM to 6 PM)</span></p>\r\n<p class=\"MsoNormal\"><span style=\"mso-ansi-language: EN-IN;\">In accordance with the Information and Technology Act 2000 and Rules as well as the Consumer Protection Act 2019 and Rules made thereunder, the name and contact details of the Grievance Officer are provided below:</span></p>\r\n<p class=\"MsoNormal\"><strong><span style=\"mso-ansi-language: EN-IN;\">Address:&nbsp;</span></strong><span style=\"mso-ansi-language: EN-IN;\">2A/3 Front Side Kundan Mansion, Asaf Ali Road, Ajmeri Gate Extension, Central Delhi, Delhi-110002, India.</span></p>\r\n<p class=\"MsoNormal\"><span style=\"mso-ansi-language: EN-IN;\">We urge you to provide a detailed description of the information, violation, objectionable content, or your complaint/grievance, to allow us to effectively resolve your request. We make our best efforts to resolve grievances within 30 days of receiving a complaint, or within the timelines stipulated under applicable law.</span></p>", "mission_description": "<p class=\"MsoTitle\"><span lang=\"EN-US\">privacy policy</span></p>\r\n<p class=\"MsoNormal\"><span lang=\"EN-US\">&nbsp;</span></p>\r\n<p class=\"MsoNormal\"><strong><span style=\"mso-ansi-language: EN-IN;\">Personal Information</span></strong></p>\r\n<p class=\"MsoNormal\"><span style=\"mso-ansi-language: EN-IN;\">Herbal Power Marketing Private Limited is a company incorporated and registered under the provisions of the Companies Act, 2013 and has its registered office at 2A/3 Front Side Kundan Mansion, Asaf Ali Road, Ajmeri Gate Extension, Central Delhi, Delhi-110002, India. Herbal Power Marketing Private Limited is the owner of the brand Herbal Power and the website of herbalpowerindia.com (&ldquo;Website&rdquo;). This Privacy Policy outlines Herbal Power Marketing Private Limited&rsquo;s approach to data protection and privacy to fulfil its obligation under the applicable laws and regulations.</span></p>\r\n<p class=\"MsoNormal\"><span style=\"mso-ansi-language: EN-IN;\">Throughout this document, &lsquo;we&rsquo;, &lsquo;us&rsquo;, &lsquo;our&rsquo;, &lsquo;ours&rsquo; refers to Herbal Power Marketing Private Limited. Wherever we have said &lsquo;you&rsquo; or &lsquo;your&rsquo;, this means YOU.</span></p>\r\n<p class=\"MsoNormal\"><span style=\"mso-ansi-language: EN-IN;\">We are committed to treating data privacy seriously. This Privacy Policy provides the necessary details about how your data is collected and used by us on the Website. As a visitor/ customer to the Website, you are advised to please read the Privacy Policy carefully. By accessing the services provided by us on the Website, you agree to the collection and use of your data by us in the manner provided for under this Privacy Policy.</span></p>\r\n<p class=\"MsoNormal\"><strong><span style=\"mso-ansi-language: EN-IN;\">Personal information gathered by us</span></strong></p>\r\n<p class=\"MsoNormal\"><span style=\"mso-ansi-language: EN-IN;\">As part of your registration process on our Website, we may collect the following information which is personally identifiable to you, including, without limitation, your name including first and last name, email address, mobile phone number, contact details, username along with password you have created for setting up your account on the Website, your date of birth, age, gender, residential address, shipping address, postal code, information about the pages that you visited/ accessed on the Website, the links you clicked on the Website, the number of times you visited/ accessed a particular page on the Website and any such browsing information etc. We might receive certain information about you from other sources, such as updated delivery status and the shipping address information provided by you to our carriers, which we shall use to correct our records so as to enable us to deliver your next purchase more easily.</span></p>\r\n<p class=\"MsoNormal\"><span style=\"mso-ansi-language: EN-IN;\">You can choose not to share your personal information with us, but then you might not be able to use and access all the services provided by us on the Website. We use your personal information that you provided for opening your account with us, without limitation, for processing your transactions, responding to your requests and/ or queries and for communicating with you.</span></p>\r\n<p class=\"MsoNormal\"><strong><span style=\"mso-ansi-language: EN-IN;\">Why do we collect your personal information</span></strong></p>\r\n<p class=\"MsoNormal\"><span style=\"mso-ansi-language: EN-IN;\">We will collect personally identifiable information about you as part of a voluntary registration process or through an online survey or through any combination thereof. The information that we learn and gather from you, personal or otherwise, is used for registering you on our Website, verifying your identity so as to permit you to use the Website, for undertaking transactions to facilitate the process of your payment on the Website, to communicate with you, to convey any of our promotional offers to you, to communicate and update you with regards to our products and services as well as for maintaining your account with us.</span></p>\r\n<p class=\"MsoNormal\"><span style=\"mso-ansi-language: EN-IN;\">We use your information to operate, provide, develop and improve our products and services. Without limitation, these purposes include:</span></p>\r\n<ol style=\"margin-top: 0cm;\" start=\"1\" type=\"1\">\r\n<li class=\"MsoNormal\" style=\"mso-list: l2 level1 lfo1; tab-stops: list 36.0pt;\"><span style=\"mso-ansi-language: EN-IN;\">We use your information to accept, handle and process your orders, deliver the product/s you ordered, process payments for the order placed by you on our website, to communicate with you regarding the status of your order and for providing you with promotional offers.</span></li>\r\n<li class=\"MsoNormal\" style=\"mso-list: l2 level1 lfo1; tab-stops: list 36.0pt;\"><span style=\"mso-ansi-language: EN-IN;\">We use your personal information to provide functionality as well as to analyse the performance of our website so as to fix any errors and further, to improve the user ability as well as the effectiveness of our website.</span></li>\r\n<li class=\"MsoNormal\" style=\"mso-list: l2 level1 lfo1; tab-stops: list 36.0pt;\"><span style=\"mso-ansi-language: EN-IN;\">We use your personal information to recommend certain promotions and products that might be of your interest. Further, we use your personal information to identify your preferences and to personalize your experience on the Website.</span></li>\r\n<li class=\"MsoNormal\" style=\"mso-list: l2 level1 lfo1; tab-stops: list 36.0pt;\"><span style=\"mso-ansi-language: EN-IN;\">We use your personal information to communicate with you via different channels e.g. phone, e-mail or chat, in relation to your use of our website i.e. your orders placed, queries raised, to recommend certain promotional offers being run on our products etc.</span></li>\r\n<li class=\"MsoNormal\" style=\"mso-list: l2 level1 lfo1; tab-stops: list 36.0pt;\"><span style=\"mso-ansi-language: EN-IN;\">We use your personal information to display interest-based advertisements that might be of interest to you, with regards to certain of our products as provided for on our website.</span></li>\r\n</ol>\r\n<p class=\"MsoNormal\"><strong><span style=\"mso-ansi-language: EN-IN;\">Manner of collection of information</span></strong></p>\r\n<p class=\"MsoNormal\"><span style=\"mso-ansi-language: EN-IN;\">We receive and store information whenever you interact with us through the Website or from other sources e.g. updated delivery status and address information provided by you to our carriers. When you browse, access or use the Website, our servers may collect information, directly or indirectly, regarding your activities on our website by way of either cookies or permissions or other trackers.</span></p>\r\n<p class=\"MsoNormal\"><span style=\"mso-ansi-language: EN-IN;\">Our website may contain links to other third-party websites, for which we are not to be held responsible for the privacy practices of such third-party websites, which we do not own, manage or control. Further, some web browsers have a &ldquo;Do Not Track&rdquo; feature. This feature lets you inform the concerned website that you have visited that you do not wish to have your online activity tracked on the said website. These features are not yet uniform across all browsers. Our website is not currently set up to respond to those signals.</span></p>\r\n<p class=\"MsoNormal\"><strong><span style=\"mso-ansi-language: EN-IN;\">Consent</span></strong></p>\r\n<p class=\"MsoNormal\"><span style=\"mso-ansi-language: EN-IN;\">By using our website and/ or by providing your personal information while registering your account on our website, you consent to the collection and use of the information you disclose on our website in accordance with this Privacy Policy, including but not limited to your consent for sharing your information as per this Privacy Policy. By accessing and using the Website, you accept the terms of the Privacy Policy, Terms of Use, Shipping Policy as well as Cancellation Policy and further, consent to our use and disclosure of your personal information in any manner as described in the Privacy Policy.</span></p>\r\n<p class=\"MsoNormal\"><strong><span style=\"mso-ansi-language: EN-IN;\">When your personal information may be disclosed to other parties</span></strong></p>\r\n<p class=\"MsoNormal\"><span style=\"mso-ansi-language: EN-IN;\">We do not sell or share your personal information with any third party for commercial gain/ profit. We may share or be required to share your personal information, without limitation, as follows;</span></p>\r\n<ol style=\"margin-top: 0cm;\" start=\"1\" type=\"1\">\r\n<li class=\"MsoNormal\" style=\"mso-list: l1 level1 lfo2; tab-stops: list 36.0pt;\"><span style=\"mso-ansi-language: EN-IN;\">with our business associates/ partners in order to deliver you the products that you have ordered from our website;</span></li>\r\n<li class=\"MsoNormal\" style=\"mso-list: l1 level1 lfo2; tab-stops: list 36.0pt;\"><span style=\"mso-ansi-language: EN-IN;\">with our payment gateway partner when you initiated a payment using your credit/ debit card on our website;</span></li>\r\n<li class=\"MsoNormal\" style=\"mso-list: l1 level1 lfo2; tab-stops: list 36.0pt;\"><span style=\"mso-ansi-language: EN-IN;\">with the concerned authorities when it is a legal obligation to do so e.g. to assist with detecting and preventing fraud;</span></li>\r\n<li class=\"MsoNormal\" style=\"mso-list: l1 level1 lfo2; tab-stops: list 36.0pt;\"><span style=\"mso-ansi-language: EN-IN;\">with the concerned authorities when it is a requirement in connection with regulatory reporting, litigation or asserting or defending legal rights and interests;</span></li>\r\n<li class=\"MsoNormal\" style=\"mso-list: l1 level1 lfo2; tab-stops: list 36.0pt;\"><span style=\"mso-ansi-language: EN-IN;\">when we have a legitimate business reason for doing so;</span></li>\r\n<li class=\"MsoNormal\" style=\"mso-list: l1 level1 lfo2; tab-stops: list 36.0pt;\"><span style=\"mso-ansi-language: EN-IN;\">when we want to send you information and promotional material regarding our products and services;</span></li>\r\n<li class=\"MsoNormal\" style=\"mso-list: l1 level1 lfo2; tab-stops: list 36.0pt;\"><span style=\"mso-ansi-language: EN-IN;\">when we have asked you for your consent to share it, and you&rsquo;ve agreed to the same; and</span></li>\r\n<li class=\"MsoNormal\" style=\"mso-list: l1 level1 lfo2; tab-stops: list 36.0pt;\"><span style=\"mso-ansi-language: EN-IN;\">to improve your online shopping experience with us.</span></li>\r\n</ol>\r\n<p class=\"MsoNormal\"><strong><span style=\"mso-ansi-language: EN-IN;\">With whom your personal information will be shared</span></strong></p>\r\n<p class=\"MsoNormal\"><span style=\"mso-ansi-language: EN-IN;\">We will not use your financial information for any purpose other than to complete a transaction/order that you have placed with us through our website. We do not rent, sell or share your personal information and will not disclose any of your personally identifiable information to third parties except in cases where you placed an order for our products and such information is necessary to be shared with our third-party associates&rsquo; partners so as to ensure that the said products are successfully delivered to you. We have appropriate contracts in place with our third-party partners. This means that they cannot do anything with your personal information, which is outside the scope permitted by us. Our third-party partners hold your personal information securely and retain it only for the period specified in our contract with them. Further, we may use your personal information for promotional offers, to help investigate, prevent or take action regarding unlawful and illegal activities, suspected fraud, potential threat to the safety and security of any person, violation of the Website&rsquo;s terms of use or to defend against legal claims; special circumstances such as compliance with court&rsquo;s orders, requests/ orders from legal authorities or law enforcement agencies requiring such disclosure.</span></p>\r\n<p class=\"MsoNormal\"><strong><span style=\"mso-ansi-language: EN-IN;\">How do we secure and protect your personal information</span></strong></p>\r\n<p class=\"MsoNormal\"><span style=\"mso-ansi-language: EN-IN;\">We are committed to protecting your personal information, which is collected, possessed and stored by us. We have in place security measures and appropriate physical, technical and managerial safeguards to protect your personal information from unauthorized access, alteration, transmission and deletion. Our servers are only accessible to certain authorized personnel and your personal information is shared with the concerned personnel on a strict need to know basis so as to complete the transaction and to provide you with the products requested by you from our website. Though we strive to maintain and safeguard the confidentiality of your personal identifiable information, transmissions made by means of the internet cannot be made absolutely secure. By using this Website, you agree that we shall have no liability for disclosure of your information due to errors in transmission or due to any unauthorized acts committed by third parties. We keep the information collected from you on our systems or with our third parties for as long as it is required for the purposes set out in this Privacy Policy and for legal and regulatory reasons. We shall take all reasonable steps to delete your personal data that is no longer required. By accessing the Website and by providing us with your information, you agree;</span></p>\r\n<ol style=\"margin-top: 0cm;\" start=\"1\" type=\"1\">\r\n<li class=\"MsoNormal\" style=\"mso-list: l0 level1 lfo3; tab-stops: list 36.0pt;\"><span style=\"mso-ansi-language: EN-IN;\">that we can communicate with you electronically regarding the security, privacy and administrative issues relating to your use of our website; and</span></li>\r\n<li class=\"MsoNormal\" style=\"mso-list: l0 level1 lfo3; tab-stops: list 36.0pt;\"><span style=\"mso-ansi-language: EN-IN;\">that we can take adequate physical, managerial and technical safeguards to preserve the integrity and security of your data till the time you use and access our website.</span></li>\r\n</ol>\r\n<p class=\"MsoNormal\"><span style=\"mso-ansi-language: EN-IN;\">The data collected from the customers on the Website is stored in the servers of <u>BigCommerce Pty. Ltd (\"BigCommerce\") and appropriate security measures compliant with the Information Technology Act, 2000 and the Information Technology (Reasonable Security Practices and Procedures and Sensitive Personal Data or Information) Rules, 2011 have been undertaken by BigCommerce </u>to protect the data against unauthorized access to or unauthorized alteration, disclosure, or destruction. These include internal reviews of data collection, storage, and processing practices and security measures, including appropriate encryption and physical security measures to guard against unauthorized access to systems where personal data is stored. Details on the security practices and procedures are available at the link below:</span></p>\r\n<p class=\"MsoNormal\"><strong><span style=\"mso-ansi-language: EN-IN;\">Personal information</span></strong></p>\r\n<p class=\"MsoNormal\"><u><span style=\"mso-ansi-language: EN-IN;\">Herbal Power Marketing Private Limited Company act-2013.</span></u></p>\r\n<p class=\"MsoNormal\"><strong><span style=\"mso-ansi-language: EN-IN;\">Gathered by us: -</span></strong></p>\r\n<ol style=\"margin-top: 0cm;\" start=\"1\" type=\"1\">\r\n<li class=\"MsoNormal\" style=\"mso-list: l3 level1 lfo4; tab-stops: list 36.0pt;\"><span style=\"mso-ansi-language: EN-IN;\">Your Password Setting Up your Account</span></li>\r\n<li class=\"MsoNormal\" style=\"mso-list: l3 level1 lfo4; tab-stops: list 36.0pt;\"><span style=\"mso-ansi-language: EN-IN;\">Your Spouse&rsquo;s Name</span></li>\r\n<li class=\"MsoNormal\" style=\"mso-list: l3 level1 lfo4; tab-stops: list 36.0pt;\"><span style=\"mso-ansi-language: EN-IN;\">Your Mother&rsquo;s name</span></li>\r\n<li class=\"MsoNormal\" style=\"mso-list: l3 level1 lfo4; tab-stops: list 36.0pt;\"><span style=\"mso-ansi-language: EN-IN;\">Your Nominees Name &amp; Details Space Column for Nominees Details</span></li>\r\n</ol>\r\n<p class=\"MsoNormal\"><span style=\"mso-ansi-language: EN-IN;\">Personal information may we have Disclosed Business Associates.</span></p>\r\n<p class=\"MsoNormal\"><strong><span style=\"mso-ansi-language: EN-IN;\">Procedure to be followed for correcting any inaccuracies in your personal information submitted to us</span></strong></p>\r\n<p class=\"MsoNormal\"><span style=\"mso-ansi-language: EN-IN;\">To correct or to update any information that you have provided to us, our website allows you to do the same online itself. In the event of loss of access details.</span></p>\r\n<p class=\"MsoNormal\"><strong><span style=\"mso-ansi-language: EN-IN;\">Contact us</span></strong></p>\r\n<p class=\"MsoNormal\"><span style=\"mso-ansi-language: EN-IN;\">For any further queries and complaints related to privacy under the applicable laws and regulations, you could reach us at:</span></p>\r\n<p class=\"MsoNormal\"><strong><span style=\"mso-ansi-language: EN-IN;\">Contact email address:&nbsp;</span></strong><span style=\"mso-ansi-language: EN-IN;\">care@herbalpowerindia.com</span></p>\r\n<p class=\"MsoNormal\"><span style=\"mso-ansi-language: EN-IN;\">Phone: <strong>+91 1204177306</strong>&nbsp;</span></p>\r\n<p class=\"MsoNormal\"><strong><span style=\"mso-ansi-language: EN-IN;\">Contact days:</span></strong><span style=\"mso-ansi-language: EN-IN;\">&nbsp;Monday to Saturday (11 AM to 6 PM)</span></p>\r\n<p class=\"MsoNormal\"><span style=\"mso-ansi-language: EN-IN;\">In accordance with the Information and Technology Act 2000 and Rules as well as the Consumer Protection Act 2019 and Rules made thereunder, the name and contact details of the Grievance Officer are provided below:</span></p>\r\n<p class=\"MsoNormal\"><strong><span style=\"mso-ansi-language: EN-IN;\">Address:&nbsp;</span></strong><span style=\"mso-ansi-language: EN-IN;\">2A/3 Front Side Kundan Mansion, Asaf Ali Road, Ajmeri Gate Extension, Central Delhi, Delhi-110002, India.</span></p>\r\n<p class=\"MsoNormal\"><span style=\"mso-ansi-language: EN-IN;\">We urge you to provide a detailed description of the information, violation, objectionable content, or your complaint/grievance, to allow us to effectively resolve your request. We make our best efforts to resolve grievances within 30 days of receiving a complaint, or within the timelines stipulated under applicable law.</span></p>", "objective_content": "<p class=\"MsoTitle\"><span lang=\"EN-US\">privacy policy</span></p>\r\n<p class=\"MsoNormal\"><span lang=\"EN-US\">&nbsp;</span></p>\r\n<p class=\"MsoNormal\"><strong><span style=\"mso-ansi-language: EN-IN;\">Personal Information</span></strong></p>\r\n<p class=\"MsoNormal\"><span style=\"mso-ansi-language: EN-IN;\">Herbal Power Marketing Private Limited is a company incorporated and registered under the provisions of the Companies Act, 2013 and has its registered office at 2A/3 Front Side Kundan Mansion, Asaf Ali Road, Ajmeri Gate Extension, Central Delhi, Delhi-110002, India. Herbal Power Marketing Private Limited is the owner of the brand Herbal Power and the website of herbalpowerindia.com (&ldquo;Website&rdquo;). This Privacy Policy outlines Herbal Power Marketing Private Limited&rsquo;s approach to data protection and privacy to fulfil its obligation under the applicable laws and regulations.</span></p>\r\n<p class=\"MsoNormal\"><span style=\"mso-ansi-language: EN-IN;\">Throughout this document, &lsquo;we&rsquo;, &lsquo;us&rsquo;, &lsquo;our&rsquo;, &lsquo;ours&rsquo; refers to Herbal Power Marketing Private Limited. Wherever we have said &lsquo;you&rsquo; or &lsquo;your&rsquo;, this means YOU.</span></p>\r\n<p class=\"MsoNormal\"><span style=\"mso-ansi-language: EN-IN;\">We are committed to treating data privacy seriously. This Privacy Policy provides the necessary details about how your data is collected and used by us on the Website. As a visitor/ customer to the Website, you are advised to please read the Privacy Policy carefully. By accessing the services provided by us on the Website, you agree to the collection and use of your data by us in the manner provided for under this Privacy Policy.</span></p>\r\n<p class=\"MsoNormal\"><strong><span style=\"mso-ansi-language: EN-IN;\">Personal information gathered by us</span></strong></p>\r\n<p class=\"MsoNormal\"><span style=\"mso-ansi-language: EN-IN;\">As part of your registration process on our Website, we may collect the following information which is personally identifiable to you, including, without limitation, your name including first and last name, email address, mobile phone number, contact details, username along with password you have created for setting up your account on the Website, your date of birth, age, gender, residential address, shipping address, postal code, information about the pages that you visited/ accessed on the Website, the links you clicked on the Website, the number of times you visited/ accessed a particular page on the Website and any such browsing information etc. We might receive certain information about you from other sources, such as updated delivery status and the shipping address information provided by you to our carriers, which we shall use to correct our records so as to enable us to deliver your next purchase more easily.</span></p>\r\n<p class=\"MsoNormal\"><span style=\"mso-ansi-language: EN-IN;\">You can choose not to share your personal information with us, but then you might not be able to use and access all the services provided by us on the Website. We use your personal information that you provided for opening your account with us, without limitation, for processing your transactions, responding to your requests and/ or queries and for communicating with you.</span></p>\r\n<p class=\"MsoNormal\"><strong><span style=\"mso-ansi-language: EN-IN;\">Why do we collect your personal information</span></strong></p>\r\n<p class=\"MsoNormal\"><span style=\"mso-ansi-language: EN-IN;\">We will collect personally identifiable information about you as part of a voluntary registration process or through an online survey or through any combination thereof. The information that we learn and gather from you, personal or otherwise, is used for registering you on our Website, verifying your identity so as to permit you to use the Website, for undertaking transactions to facilitate the process of your payment on the Website, to communicate with you, to convey any of our promotional offers to you, to communicate and update you with regards to our products and services as well as for maintaining your account with us.</span></p>\r\n<p class=\"MsoNormal\"><span style=\"mso-ansi-language: EN-IN;\">We use your information to operate, provide, develop and improve our products and services. Without limitation, these purposes include:</span></p>\r\n<ol style=\"margin-top: 0cm;\" start=\"1\" type=\"1\">\r\n<li class=\"MsoNormal\" style=\"mso-list: l2 level1 lfo1; tab-stops: list 36.0pt;\"><span style=\"mso-ansi-language: EN-IN;\">We use your information to accept, handle and process your orders, deliver the product/s you ordered, process payments for the order placed by you on our website, to communicate with you regarding the status of your order and for providing you with promotional offers.</span></li>\r\n<li class=\"MsoNormal\" style=\"mso-list: l2 level1 lfo1; tab-stops: list 36.0pt;\"><span style=\"mso-ansi-language: EN-IN;\">We use your personal information to provide functionality as well as to analyse the performance of our website so as to fix any errors and further, to improve the user ability as well as the effectiveness of our website.</span></li>\r\n<li class=\"MsoNormal\" style=\"mso-list: l2 level1 lfo1; tab-stops: list 36.0pt;\"><span style=\"mso-ansi-language: EN-IN;\">We use your personal information to recommend certain promotions and products that might be of your interest. Further, we use your personal information to identify your preferences and to personalize your experience on the Website.</span></li>\r\n<li class=\"MsoNormal\" style=\"mso-list: l2 level1 lfo1; tab-stops: list 36.0pt;\"><span style=\"mso-ansi-language: EN-IN;\">We use your personal information to communicate with you via different channels e.g. phone, e-mail or chat, in relation to your use of our website i.e. your orders placed, queries raised, to recommend certain promotional offers being run on our products etc.</span></li>\r\n<li class=\"MsoNormal\" style=\"mso-list: l2 level1 lfo1; tab-stops: list 36.0pt;\"><span style=\"mso-ansi-language: EN-IN;\">We use your personal information to display interest-based advertisements that might be of interest to you, with regards to certain of our products as provided for on our website.</span></li>\r\n</ol>\r\n<p class=\"MsoNormal\"><strong><span style=\"mso-ansi-language: EN-IN;\">Manner of collection of information</span></strong></p>\r\n<p class=\"MsoNormal\"><span style=\"mso-ansi-language: EN-IN;\">We receive and store information whenever you interact with us through the Website or from other sources e.g. updated delivery status and address information provided by you to our carriers. When you browse, access or use the Website, our servers may collect information, directly or indirectly, regarding your activities on our website by way of either cookies or permissions or other trackers.</span></p>\r\n<p class=\"MsoNormal\"><span style=\"mso-ansi-language: EN-IN;\">Our website may contain links to other third-party websites, for which we are not to be held responsible for the privacy practices of such third-party websites, which we do not own, manage or control. Further, some web browsers have a &ldquo;Do Not Track&rdquo; feature. This feature lets you inform the concerned website that you have visited that you do not wish to have your online activity tracked on the said website. These features are not yet uniform across all browsers. Our website is not currently set up to respond to those signals.</span></p>\r\n<p class=\"MsoNormal\"><strong><span style=\"mso-ansi-language: EN-IN;\">Consent</span></strong></p>\r\n<p class=\"MsoNormal\"><span style=\"mso-ansi-language: EN-IN;\">By using our website and/ or by providing your personal information while registering your account on our website, you consent to the collection and use of the information you disclose on our website in accordance with this Privacy Policy, including but not limited to your consent for sharing your information as per this Privacy Policy. By accessing and using the Website, you accept the terms of the Privacy Policy, Terms of Use, Shipping Policy as well as Cancellation Policy and further, consent to our use and disclosure of your personal information in any manner as described in the Privacy Policy.</span></p>\r\n<p class=\"MsoNormal\"><strong><span style=\"mso-ansi-language: EN-IN;\">When your personal information may be disclosed to other parties</span></strong></p>\r\n<p class=\"MsoNormal\"><span style=\"mso-ansi-language: EN-IN;\">We do not sell or share your personal information with any third party for commercial gain/ profit. We may share or be required to share your personal information, without limitation, as follows;</span></p>\r\n<ol style=\"margin-top: 0cm;\" start=\"1\" type=\"1\">\r\n<li class=\"MsoNormal\" style=\"mso-list: l1 level1 lfo2; tab-stops: list 36.0pt;\"><span style=\"mso-ansi-language: EN-IN;\">with our business associates/ partners in order to deliver you the products that you have ordered from our website;</span></li>\r\n<li class=\"MsoNormal\" style=\"mso-list: l1 level1 lfo2; tab-stops: list 36.0pt;\"><span style=\"mso-ansi-language: EN-IN;\">with our payment gateway partner when you initiated a payment using your credit/ debit card on our website;</span></li>\r\n<li class=\"MsoNormal\" style=\"mso-list: l1 level1 lfo2; tab-stops: list 36.0pt;\"><span style=\"mso-ansi-language: EN-IN;\">with the concerned authorities when it is a legal obligation to do so e.g. to assist with detecting and preventing fraud;</span></li>\r\n<li class=\"MsoNormal\" style=\"mso-list: l1 level1 lfo2; tab-stops: list 36.0pt;\"><span style=\"mso-ansi-language: EN-IN;\">with the concerned authorities when it is a requirement in connection with regulatory reporting, litigation or asserting or defending legal rights and interests;</span></li>\r\n<li class=\"MsoNormal\" style=\"mso-list: l1 level1 lfo2; tab-stops: list 36.0pt;\"><span style=\"mso-ansi-language: EN-IN;\">when we have a legitimate business reason for doing so;</span></li>\r\n<li class=\"MsoNormal\" style=\"mso-list: l1 level1 lfo2; tab-stops: list 36.0pt;\"><span style=\"mso-ansi-language: EN-IN;\">when we want to send you information and promotional material regarding our products and services;</span></li>\r\n<li class=\"MsoNormal\" style=\"mso-list: l1 level1 lfo2; tab-stops: list 36.0pt;\"><span style=\"mso-ansi-language: EN-IN;\">when we have asked you for your consent to share it, and you&rsquo;ve agreed to the same; and</span></li>\r\n<li class=\"MsoNormal\" style=\"mso-list: l1 level1 lfo2; tab-stops: list 36.0pt;\"><span style=\"mso-ansi-language: EN-IN;\">to improve your online shopping experience with us.</span></li>\r\n</ol>\r\n<p class=\"MsoNormal\"><strong><span style=\"mso-ansi-language: EN-IN;\">With whom your personal information will be shared</span></strong></p>\r\n<p class=\"MsoNormal\"><span style=\"mso-ansi-language: EN-IN;\">We will not use your financial information for any purpose other than to complete a transaction/order that you have placed with us through our website. We do not rent, sell or share your personal information and will not disclose any of your personally identifiable information to third parties except in cases where you placed an order for our products and such information is necessary to be shared with our third-party associates&rsquo; partners so as to ensure that the said products are successfully delivered to you. We have appropriate contracts in place with our third-party partners. This means that they cannot do anything with your personal information, which is outside the scope permitted by us. Our third-party partners hold your personal information securely and retain it only for the period specified in our contract with them. Further, we may use your personal information for promotional offers, to help investigate, prevent or take action regarding unlawful and illegal activities, suspected fraud, potential threat to the safety and security of any person, violation of the Website&rsquo;s terms of use or to defend against legal claims; special circumstances such as compliance with court&rsquo;s orders, requests/ orders from legal authorities or law enforcement agencies requiring such disclosure.</span></p>\r\n<p class=\"MsoNormal\"><strong><span style=\"mso-ansi-language: EN-IN;\">How do we secure and protect your personal information</span></strong></p>\r\n<p class=\"MsoNormal\"><span style=\"mso-ansi-language: EN-IN;\">We are committed to protecting your personal information, which is collected, possessed and stored by us. We have in place security measures and appropriate physical, technical and managerial safeguards to protect your personal information from unauthorized access, alteration, transmission and deletion. Our servers are only accessible to certain authorized personnel and your personal information is shared with the concerned personnel on a strict need to know basis so as to complete the transaction and to provide you with the products requested by you from our website. Though we strive to maintain and safeguard the confidentiality of your personal identifiable information, transmissions made by means of the internet cannot be made absolutely secure. By using this Website, you agree that we shall have no liability for disclosure of your information due to errors in transmission or due to any unauthorized acts committed by third parties. We keep the information collected from you on our systems or with our third parties for as long as it is required for the purposes set out in this Privacy Policy and for legal and regulatory reasons. We shall take all reasonable steps to delete your personal data that is no longer required. By accessing the Website and by providing us with your information, you agree;</span></p>\r\n<ol style=\"margin-top: 0cm;\" start=\"1\" type=\"1\">\r\n<li class=\"MsoNormal\" style=\"mso-list: l0 level1 lfo3; tab-stops: list 36.0pt;\"><span style=\"mso-ansi-language: EN-IN;\">that we can communicate with you electronically regarding the security, privacy and administrative issues relating to your use of our website; and</span></li>\r\n<li class=\"MsoNormal\" style=\"mso-list: l0 level1 lfo3; tab-stops: list 36.0pt;\"><span style=\"mso-ansi-language: EN-IN;\">that we can take adequate physical, managerial and technical safeguards to preserve the integrity and security of your data till the time you use and access our website.</span></li>\r\n</ol>\r\n<p class=\"MsoNormal\"><span style=\"mso-ansi-language: EN-IN;\">The data collected from the customers on the Website is stored in the servers of <u>BigCommerce Pty. Ltd (\"BigCommerce\") and appropriate security measures compliant with the Information Technology Act, 2000 and the Information Technology (Reasonable Security Practices and Procedures and Sensitive Personal Data or Information) Rules, 2011 have been undertaken by BigCommerce </u>to protect the data against unauthorized access to or unauthorized alteration, disclosure, or destruction. These include internal reviews of data collection, storage, and processing practices and security measures, including appropriate encryption and physical security measures to guard against unauthorized access to systems where personal data is stored. Details on the security practices and procedures are available at the link below:</span></p>\r\n<p class=\"MsoNormal\"><strong><span style=\"mso-ansi-language: EN-IN;\">Personal information</span></strong></p>\r\n<p class=\"MsoNormal\"><u><span style=\"mso-ansi-language: EN-IN;\">Herbal Power Marketing Private Limited Company act-2013.</span></u></p>\r\n<p class=\"MsoNormal\"><strong><span style=\"mso-ansi-language: EN-IN;\">Gathered by us: -</span></strong></p>\r\n<ol style=\"margin-top: 0cm;\" start=\"1\" type=\"1\">\r\n<li class=\"MsoNormal\" style=\"mso-list: l3 level1 lfo4; tab-stops: list 36.0pt;\"><span style=\"mso-ansi-language: EN-IN;\">Your Password Setting Up your Account</span></li>\r\n<li class=\"MsoNormal\" style=\"mso-list: l3 level1 lfo4; tab-stops: list 36.0pt;\"><span style=\"mso-ansi-language: EN-IN;\">Your Spouse&rsquo;s Name</span></li>\r\n<li class=\"MsoNormal\" style=\"mso-list: l3 level1 lfo4; tab-stops: list 36.0pt;\"><span style=\"mso-ansi-language: EN-IN;\">Your Mother&rsquo;s name</span></li>\r\n<li class=\"MsoNormal\" style=\"mso-list: l3 level1 lfo4; tab-stops: list 36.0pt;\"><span style=\"mso-ansi-language: EN-IN;\">Your Nominees Name &amp; Details Space Column for Nominees Details</span></li>\r\n</ol>\r\n<p class=\"MsoNormal\"><span style=\"mso-ansi-language: EN-IN;\">Personal information may we have Disclosed Business Associates.</span></p>\r\n<p class=\"MsoNormal\"><strong><span style=\"mso-ansi-language: EN-IN;\">Procedure to be followed for correcting any inaccuracies in your personal information submitted to us</span></strong></p>\r\n<p class=\"MsoNormal\"><span style=\"mso-ansi-language: EN-IN;\">To correct or to update any information that you have provided to us, our website allows you to do the same online itself. In the event of loss of access details.</span></p>\r\n<p class=\"MsoNormal\"><strong><span style=\"mso-ansi-language: EN-IN;\">Contact us</span></strong></p>\r\n<p class=\"MsoNormal\"><span style=\"mso-ansi-language: EN-IN;\">For any further queries and complaints related to privacy under the applicable laws and regulations, you could reach us at:</span></p>\r\n<p class=\"MsoNormal\"><strong><span style=\"mso-ansi-language: EN-IN;\">Contact email address:&nbsp;</span></strong><span style=\"mso-ansi-language: EN-IN;\">care@herbalpowerindia.com</span></p>\r\n<p class=\"MsoNormal\"><span style=\"mso-ansi-language: EN-IN;\">Phone: <strong>+91 1204177306</strong>&nbsp;</span></p>\r\n<p class=\"MsoNormal\"><strong><span style=\"mso-ansi-language: EN-IN;\">Contact days:</span></strong><span style=\"mso-ansi-language: EN-IN;\">&nbsp;Monday to Saturday (11 AM to 6 PM)</span></p>\r\n<p class=\"MsoNormal\"><span style=\"mso-ansi-language: EN-IN;\">In accordance with the Information and Technology Act 2000 and Rules as well as the Consumer Protection Act 2019 and Rules made thereunder, the name and contact details of the Grievance Officer are provided below:</span></p>\r\n<p class=\"MsoNormal\"><strong><span style=\"mso-ansi-language: EN-IN;\">Address:&nbsp;</span></strong><span style=\"mso-ansi-language: EN-IN;\">2A/3 Front Side Kundan Mansion, Asaf Ali Road, Ajmeri Gate Extension, Central Delhi, Delhi-110002, India.</span></p>\r\n<p class=\"MsoNormal\"><span style=\"mso-ansi-language: EN-IN;\">We urge you to provide a detailed description of the information, violation, objectionable content, or your complaint/grievance, to allow us to effectively resolve your request. We make our best efforts to resolve grievances within 30 days of receiving a complaint, or within the timelines stipulated under applicable law.</span></p>", "is_active": true, "created_at": "2025-03-05T12:54:08.242Z", "updated_at": "2025-03-05T12:57:10.683Z"}}, {"model": "home.about", "pk": 2, "fields": {"type": "HOME", "title": "asdasdasfasfasfd", "content": "<p>a</p>\r\n<p class=\"MsoNormal\"><span style=\"mso-ansi-language: EN-IN;\">We use your information to operate, provide, develop and improve our products and services. Without limitation, these purposes include:</span></p>\r\n<ol style=\"margin-top: 0cm;\" start=\"1\" type=\"1\">\r\n<li class=\"MsoNormal\" style=\"mso-list: l2 level1 lfo1; tab-stops: list 36.0pt;\"><span style=\"mso-ansi-language: EN-IN;\">We use your information to accept, handle and process your orders, deliver the product/s you ordered, process payments for the order placed by you on our website, to communicate with you regarding the status of your order and for providing you with promotional offers.</span></li>\r\n<li class=\"MsoNormal\" style=\"mso-list: l2 level1 lfo1; tab-stops: list 36.0pt;\"><span style=\"mso-ansi-language: EN-IN;\">We use your personal information to provide functionality as well as to analyse the performance of our website so as to fix any errors and further, to improve the user ability as well as the effectiveness of our website.</span></li>\r\n<li class=\"MsoNormal\" style=\"mso-list: l2 level1 lfo1; tab-stops: list 36.0pt;\"><span style=\"mso-ansi-language: EN-IN;\">We use your personal information to recommend certain promotions and products that might be of your interest. Further, we use your personal information to identify your preferences and to personalize your experience on the Website.</span></li>\r\n<li class=\"MsoNormal\" style=\"mso-list: l2 level1 lfo1; tab-stops: list 36.0pt;\"><span style=\"mso-ansi-language: EN-IN;\">We use your personal information to communicate with you via different channels e.g. phone, e-mail or chat, in relation to your use of our website i.e. your orders placed, queries raised, to recommend certain promotional offers being run on our products etc.</span></li>\r\n<li class=\"MsoNormal\" style=\"mso-list: l2 level1 lfo1; tab-stops: list 36.0pt;\"><span style=\"mso-ansi-language: EN-IN;\">We use your personal information to display interest-based advertisements that might be of interest to you, with regards to certain of our products as provided for on our website.</span></li>\r\n</ol>\r\n<p class=\"MsoNormal\"><strong><span style=\"mso-ansi-language: EN-IN;\">Manner of co</span></strong></p>", "feature_content": "", "left_image": "about/WhatsApp_Image_2025-03-10_at_12.50.38_d610c2ac.jpg", "vision_description": "", "mission_description": "", "objective_content": "", "is_active": true, "created_at": "2025-03-05T12:59:22.070Z", "updated_at": "2025-03-10T08:26:25.284Z"}}, {"model": "home.menu", "pk": 1, "fields": {"category": 2, "position": 1, "is_active": true, "created_at": "2025-03-05T12:50:10.544Z", "updated_at": "2025-03-05T12:50:10.544Z"}}, {"model": "home.notification", "pk": 1, "fields": {"title": "KYC Document Verified", "message": "Your Cancelled Cheque has been verified.", "notification_type": "INDIVIDUAL", "recipient": 1, "is_read": false, "created_at": "2025-03-04T19:14:55.504Z", "read_at": null}}, {"model": "home.notification", "pk": 2, "fields": {"title": "KYC Document Verified", "message": "Your Bank Statement has been verified.", "notification_type": "INDIVIDUAL", "recipient": 1, "is_read": false, "created_at": "2025-03-04T19:15:01.965Z", "read_at": null}}, {"model": "home.notification", "pk": 3, "fields": {"title": "KYC Document Verified", "message": "Your PAN Card has been verified.", "notification_type": "INDIVIDUAL", "recipient": 1, "is_read": false, "created_at": "2025-03-04T19:15:08.581Z", "read_at": null}}, {"model": "home.notification", "pk": 4, "fields": {"title": "KYC Document Verified", "message": "Your Aadhar Card has been verified.", "notification_type": "INDIVIDUAL", "recipient": 1, "is_read": false, "created_at": "2025-03-04T19:15:15.144Z", "read_at": null}}, {"model": "home.notification", "pk": 5, "fields": {"title": "KYC Verification Complete", "message": "All your KYC documents have been verified successfully. You can now enjoy full benefits of your membership.", "notification_type": "INDIVIDUAL", "recipient": 1, "is_read": false, "created_at": "2025-03-04T19:15:16.050Z", "read_at": null}}, {"model": "home.notification", "pk": 6, "fields": {"title": "KYC Document Verified", "message": "Your Cancelled Cheque has been verified.", "notification_type": "INDIVIDUAL", "recipient": 2, "is_read": false, "created_at": "2025-03-05T10:43:20.301Z", "read_at": null}}, {"model": "home.notification", "pk": 7, "fields": {"title": "KYC Document Verified", "message": "Your Bank Statement has been verified.", "notification_type": "INDIVIDUAL", "recipient": 2, "is_read": false, "created_at": "2025-03-05T10:43:25.858Z", "read_at": null}}, {"model": "home.notification", "pk": 8, "fields": {"title": "KYC Document Verified", "message": "Your PAN Card has been verified.", "notification_type": "INDIVIDUAL", "recipient": 2, "is_read": false, "created_at": "2025-03-05T10:43:29.780Z", "read_at": null}}, {"model": "home.notification", "pk": 9, "fields": {"title": "KYC Document Verified", "message": "Your Aadhar Card has been verified.", "notification_type": "INDIVIDUAL", "recipient": 2, "is_read": false, "created_at": "2025-03-05T10:43:39.076Z", "read_at": null}}, {"model": "home.notification", "pk": 10, "fields": {"title": "KYC Verification Complete", "message": "All your KYC documents have been verified successfully. You can now enjoy full benefits of your membership.", "notification_type": "INDIVIDUAL", "recipient": 2, "is_read": false, "created_at": "2025-03-05T10:43:39.758Z", "read_at": null}}, {"model": "home.notification", "pk": 11, "fields": {"title": "First Payment Bonus", "message": "You have received a bonus of 1000 for usha bhartia's first payment.", "notification_type": "COMMISSION", "recipient": 1, "is_read": false, "created_at": "2025-03-05T10:45:19.219Z", "read_at": null}}, {"model": "home.notification", "pk": 12, "fields": {"title": "KYC Document Verified", "message": "Your Aadhar Card has been verified.", "notification_type": "INDIVIDUAL", "recipient": 3, "is_read": true, "created_at": "2025-03-05T10:51:46.626Z", "read_at": "2025-03-05T13:40:54.737Z"}}, {"model": "home.notification", "pk": 13, "fields": {"title": "KYC Document Verified", "message": "Your PAN Card has been verified.", "notification_type": "INDIVIDUAL", "recipient": 3, "is_read": true, "created_at": "2025-03-05T10:51:52.389Z", "read_at": "2025-03-05T13:40:54.737Z"}}, {"model": "home.notification", "pk": 14, "fields": {"title": "KYC Verification Complete", "message": "All your KYC documents have been verified successfully. You can now enjoy full benefits of your membership.", "notification_type": "INDIVIDUAL", "recipient": 3, "is_read": true, "created_at": "2025-03-05T10:51:52.979Z", "read_at": "2025-03-05T13:40:54.737Z"}}, {"model": "home.notification", "pk": 15, "fields": {"title": "KYC Document Verified", "message": "Your Bank Statement has been verified.", "notification_type": "INDIVIDUAL", "recipient": 3, "is_read": true, "created_at": "2025-03-05T10:52:04.981Z", "read_at": "2025-03-05T13:40:54.737Z"}}, {"model": "home.notification", "pk": 16, "fields": {"title": "KYC Verification Complete", "message": "All your KYC documents have been verified successfully. You can now enjoy full benefits of your membership.", "notification_type": "INDIVIDUAL", "recipient": 3, "is_read": true, "created_at": "2025-03-05T10:52:05.286Z", "read_at": "2025-03-05T13:40:54.737Z"}}, {"model": "home.notification", "pk": 17, "fields": {"title": "KYC Document Verified", "message": "Your Cancelled Cheque has been verified.", "notification_type": "INDIVIDUAL", "recipient": 3, "is_read": true, "created_at": "2025-03-05T10:52:09.575Z", "read_at": "2025-03-05T13:40:54.737Z"}}, {"model": "home.notification", "pk": 18, "fields": {"title": "KYC Verification Complete", "message": "All your KYC documents have been verified successfully. You can now enjoy full benefits of your membership.", "notification_type": "INDIVIDUAL", "recipient": 3, "is_read": true, "created_at": "2025-03-05T10:52:10.128Z", "read_at": "2025-03-05T13:40:54.737Z"}}, {"model": "home.notification", "pk": 19, "fields": {"title": "First Payment Bonus", "message": "You have received a bonus of 1000 for shilpa kumari's first payment.", "notification_type": "COMMISSION", "recipient": 2, "is_read": false, "created_at": "2025-03-05T10:53:58.401Z", "read_at": null}}, {"model": "home.notification", "pk": 20, "fields": {"title": "KYC Document Verified", "message": "Your Aadhar Card has been verified.", "notification_type": "INDIVIDUAL", "recipient": 4, "is_read": false, "created_at": "2025-03-05T11:13:17.911Z", "read_at": null}}, {"model": "home.notification", "pk": 21, "fields": {"title": "KYC Document Verified", "message": "Your PAN Card has been verified.", "notification_type": "INDIVIDUAL", "recipient": 4, "is_read": false, "created_at": "2025-03-05T11:14:41.578Z", "read_at": null}}, {"model": "home.notification", "pk": 22, "fields": {"title": "KYC Verification Complete", "message": "All your KYC documents have been verified successfully. You can now enjoy full benefits of your membership.", "notification_type": "INDIVIDUAL", "recipient": 4, "is_read": false, "created_at": "2025-03-05T11:14:42.328Z", "read_at": null}}, {"model": "home.notification", "pk": 23, "fields": {"title": "KYC Document Verified", "message": "Your Bank Statement has been verified.", "notification_type": "INDIVIDUAL", "recipient": 4, "is_read": false, "created_at": "2025-03-05T11:14:50.237Z", "read_at": null}}, {"model": "home.notification", "pk": 24, "fields": {"title": "KYC Verification Complete", "message": "All your KYC documents have been verified successfully. You can now enjoy full benefits of your membership.", "notification_type": "INDIVIDUAL", "recipient": 4, "is_read": false, "created_at": "2025-03-05T11:14:50.845Z", "read_at": null}}, {"model": "home.notification", "pk": 25, "fields": {"title": "KYC Document Verified", "message": "Your Cancelled Cheque has been verified.", "notification_type": "INDIVIDUAL", "recipient": 4, "is_read": false, "created_at": "2025-03-05T11:15:05.658Z", "read_at": null}}, {"model": "home.notification", "pk": 26, "fields": {"title": "KYC Verification Complete", "message": "All your KYC documents have been verified successfully. You can now enjoy full benefits of your membership.", "notification_type": "INDIVIDUAL", "recipient": 4, "is_read": false, "created_at": "2025-03-05T11:15:06.410Z", "read_at": null}}, {"model": "home.notification", "pk": 27, "fields": {"title": "First Payment Bonus", "message": "You have received a bonus of 1000 for swati kumari's first payment.", "notification_type": "COMMISSION", "recipient": 3, "is_read": true, "created_at": "2025-03-05T11:17:22.442Z", "read_at": "2025-03-05T13:40:54.737Z"}}, {"model": "home.notification", "pk": 28, "fields": {"title": "KYC Document Verified", "message": "Your Cancelled Cheque has been verified.", "notification_type": "INDIVIDUAL", "recipient": 5, "is_read": false, "created_at": "2025-03-05T11:17:59.129Z", "read_at": null}}, {"model": "home.notification", "pk": 29, "fields": {"title": "KYC Document Verified", "message": "Your Bank Statement has been verified.", "notification_type": "INDIVIDUAL", "recipient": 5, "is_read": false, "created_at": "2025-03-05T11:18:03.867Z", "read_at": null}}, {"model": "home.notification", "pk": 30, "fields": {"title": "KYC Document Verified", "message": "Your PAN Card has been verified.", "notification_type": "INDIVIDUAL", "recipient": 5, "is_read": false, "created_at": "2025-03-05T11:18:09.452Z", "read_at": null}}, {"model": "home.notification", "pk": 31, "fields": {"title": "KYC Document Verified", "message": "Your Aadhar Card has been verified.", "notification_type": "INDIVIDUAL", "recipient": 5, "is_read": false, "created_at": "2025-03-05T11:18:16.762Z", "read_at": null}}, {"model": "home.notification", "pk": 32, "fields": {"title": "KYC Verification Complete", "message": "All your KYC documents have been verified successfully. You can now enjoy full benefits of your membership.", "notification_type": "INDIVIDUAL", "recipient": 5, "is_read": false, "created_at": "2025-03-05T11:18:17.081Z", "read_at": null}}, {"model": "home.notification", "pk": 33, "fields": {"title": "Position Upgraded", "message": "Congratulations! Your position has been upgraded to Business Associate.", "notification_type": "SYSTEM", "recipient": 5, "is_read": false, "created_at": "2025-03-05T11:20:20.493Z", "read_at": null}}, {"model": "home.notification", "pk": 34, "fields": {"title": "First Payment Bonus", "message": "You have received a bonus of 1000 for jagmohan kumar's first payment.", "notification_type": "COMMISSION", "recipient": 4, "is_read": false, "created_at": "2025-03-05T11:20:20.500Z", "read_at": null}}, {"model": "home.notification", "pk": 35, "fields": {"title": "KYC Document Verified", "message": "Your Cancelled Cheque has been verified.", "notification_type": "INDIVIDUAL", "recipient": 6, "is_read": false, "created_at": "2025-03-05T11:21:13.899Z", "read_at": null}}, {"model": "home.notification", "pk": 36, "fields": {"title": "KYC Document Verified", "message": "Your Bank Statement has been verified.", "notification_type": "INDIVIDUAL", "recipient": 6, "is_read": false, "created_at": "2025-03-05T11:21:19.300Z", "read_at": null}}, {"model": "home.notification", "pk": 37, "fields": {"title": "KYC Document Verified", "message": "Your PAN Card has been verified.", "notification_type": "INDIVIDUAL", "recipient": 6, "is_read": false, "created_at": "2025-03-05T11:21:24.043Z", "read_at": null}}, {"model": "home.notification", "pk": 38, "fields": {"title": "KYC Document Verified", "message": "Your Aadhar Card has been verified.", "notification_type": "INDIVIDUAL", "recipient": 6, "is_read": false, "created_at": "2025-03-05T11:21:28.380Z", "read_at": null}}, {"model": "home.notification", "pk": 39, "fields": {"title": "KYC Verification Complete", "message": "All your KYC documents have been verified successfully. You can now enjoy full benefits of your membership.", "notification_type": "INDIVIDUAL", "recipient": 6, "is_read": false, "created_at": "2025-03-05T11:21:28.944Z", "read_at": null}}, {"model": "home.notification", "pk": 40, "fields": {"title": "Position Upgraded", "message": "Congratulations! Your position has been upgraded to Business Associate.", "notification_type": "SYSTEM", "recipient": 6, "is_read": false, "created_at": "2025-03-05T11:22:48.103Z", "read_at": null}}, {"model": "home.notification", "pk": 41, "fields": {"title": "First Payment Bonus", "message": "You have received a bonus of 1000 for hema devi's first payment.", "notification_type": "COMMISSION", "recipient": 4, "is_read": false, "created_at": "2025-03-05T11:22:48.110Z", "read_at": null}}, {"model": "home.notification", "pk": 42, "fields": {"title": "New Member Registration", "message": "You've been registered as a new MLM member. Please complete your first payment of at least 5000.00 to activate your account.", "notification_type": "INDIVIDUAL", "recipient": 8, "is_read": false, "created_at": "2025-03-05T13:34:47.696Z", "read_at": null}}, {"model": "home.notification", "pk": 43, "fields": {"title": "New Downline Member", "message": "You've successfully registered ramesh kumar as your downline. You'll receive a 1000 bonus when they complete their first payment.", "notification_type": "INDIVIDUAL", "recipient": 3, "is_read": true, "created_at": "2025-03-05T13:34:47.699Z", "read_at": "2025-03-05T13:40:54.737Z"}}, {"model": "home.contact", "pk": 1, "fields": {"name": "sadsadasdsd", "email": "sadasdasda@c.com", "phone": "1111111111", "subject": "asdsadasdf", "message": "saasdasdasddad", "is_read": false, "created_at": "2025-03-05T13:14:59.415Z", "updated_at": "2025-03-09T18:13:06.377Z"}}, {"model": "home.pickupaddress", "pk": 1, "fields": {"name": "herbal power marketing", "address_id": "X6n9vHXok3", "customer_id": "9y2J", "contact_person": "vishal", "address_line1": "Flat No. B-88, Amaltash Marg", "address_line2": "Gautambhudda Nagar, Sector-2", "city": "Noida", "state": "Uttar Pradesh", "country": "India", "pincode": "201301", "phone": "8527737732", "alternate_phone": "7004191600", "email": "care@herbalpowerindia.com", "landmark": "Nearby -Sector -15 Metro Station", "address_type": "Office", "is_default": true, "is_active": true, "created_at": "2025-03-11T20:21:14.803Z", "updated_at": "2025-03-11T20:21:14.803Z"}}, {"model": "home.shippingconfig", "pk": 1, "fields": {"email": "dharampal@quixgo.in", "password": null, "customer_id": "9y2J", "access_token": "eyJhbGciOiJIUzI1NiIsInR5cCI6IkpXVCJ9.eyJpZCI6IldSVmVyM3hIIiwiZW1haWwiOiJkaGFyYW1wYWxAcXVpeGdvLmluIiwiaWF0IjoxNzQxNTQ0MTkzLCJleHAiOjE3NDE1ODczOTN9.ZbhfdBhIesJ5FrtOfpTAlVLGjiDhlNHCBk0e9SHKLVw", "token_expiry": "2025-03-09T18:31:33.947Z", "first_name": "Dharmapal", "last_name": "Kumar", "mobile": "7004578161", "default_courier": "DTC", "default_service_type": "SF", "created_at": "2025-03-09T17:30:00.376Z", "updated_at": "2025-03-09T18:16:33.949Z"}}, {"model": "home.shippingconfig", "pk": 2, "fields": {"email": "herbalpowerindia@gmail.com", "password": null, "customer_id": "9y2J", "access_token": "eyJhbGciOiJIUzI1NiIsInR5cCI6IkpXVCJ9.eyJpZCI6Ijd4dERSb2laIiwiZW1haWwiOiJoZXJiYWxwb3dlcmluZGlhQGdtYWlsLmNvbSIsImlhdCI6MTc0MTcyNDQ3MywiZXhwIjoxNzQxNzY3NjczfQ.5VW0RzPvAO8tyohgMUk8BwYAvJjb1MchUYQtXmr97EU", "token_expiry": "2025-03-11T20:36:13.856Z", "first_name": "Krishna murari", "last_name": "Bhartia", "mobile": "9199463673", "default_courier": "DTC", "default_service_type": "SF", "created_at": "2025-03-11T20:21:13.858Z", "updated_at": "2025-03-11T20:21:13.858Z"}}, {"model": "home.shippingaddress", "pk": 1, "fields": {"order": 9, "name": "Home", "street_address": "houseno 89 pocket-1 Rohini Sector 25", "city": "Delhi", "state": "Delhi", "postal_code": "110085", "created_at": "2025-03-11T20:18:38.424Z"}}]